{"type":"FeatureCollection","bbox":[126.7644328,37.4285424,127.1837886,37.7014794],"name":"Seoul current OSM source water features before overlap union","attribution":"© OpenStreetMap contributors, ODbL 1.0","sourceSnapshot":"2026-09-07T03:46:19Z","features":[{"type":"Feature","id":"way/37220989","properties":{"osmType":"way","osmId":37220989,"osmVersion":10,"osmTimestamp":"2026-08-06T13:44:53Z","sourceUrl":"https://www.openstreetmap.org/way/37220989","name":"대왕저수지","waterType":"reservoir","sourceTags":{"name":"대왕저수지","natural":"water","water":"reservoir"},"sourceSurveyed":false},"geometry":{"type":"Polygon","coordinates":[[[127.0862719,37.433238],[127.0857159,37.4332268],[127.0851832,37.433244],[127.0847701,37.4330902],[127.0841475,37.4327779],[127.0830591,37.4321525],[127.082913,37.4319239],[127.0829566,37.4318964],[127.0830706,37.4318812],[127.0832611,37.4319328],[127.0835661,37.4319268],[127.0838113,37.4317785],[127.084311,37.4314247],[127.0843214,37.4313797],[127.0844172,37.4312604],[127.0847278,37.4310428],[127.0853051,37.4306405],[127.085496,37.4305141],[127.0855676,37.4304754],[127.0856389,37.4304483],[127.0856935,37.4304377],[127.0857514,37.4304335],[127.0858165,37.4304305],[127.0858865,37.4304276],[127.0859503,37.4304237],[127.0860085,37.430418],[127.08607,37.4304058],[127.0861289,37.43039],[127.0861844,37.4303711],[127.0862383,37.4303442],[127.0873417,37.4296166],[127.0877996,37.4294815],[127.0882539,37.4293442],[127.0891543,37.4302194],[127.0892834,37.430257],[127.0892852,37.4302744],[127.0892731,37.4302946],[127.0891974,37.4302739],[127.089155,37.4302621],[127.0891526,37.4302618],[127.0891506,37.4302624],[127.089149,37.4302634],[127.0891467,37.4302676],[127.0891451,37.4302728],[127.0891446,37.4302802],[127.0891453,37.4302913],[127.0891466,37.4303068],[127.0891459,37.4303137],[127.0891446,37.430319],[127.0891422,37.4303239],[127.0891382,37.4303293],[127.0891327,37.4303347],[127.0890533,37.4304106],[127.0889489,37.4304954],[127.088901,37.4305197],[127.0888725,37.4305345],[127.0888593,37.4305439],[127.0888489,37.4305533],[127.0888295,37.4305774],[127.0887216,37.4308459],[127.0885969,37.431016],[127.0883174,37.4311624],[127.0879387,37.4313366],[127.0877616,37.4314734],[127.0877101,37.4317163],[127.0876255,37.4318647],[127.0875253,37.4319003],[127.087487,37.4320078],[127.087511,37.4320754],[127.0874745,37.4321518],[127.0872728,37.4323874],[127.0870251,37.4326605],[127.0868856,37.4329026],[127.0866655,37.4331022],[127.0862719,37.433238]]]}},{"type":"Feature","id":"way/45574112","properties":{"osmType":"way","osmId":45574112,"osmVersion":2,"osmTimestamp":"2025-11-25T13:21:29Z","sourceUrl":"https://www.openstreetmap.org/way/45574112","name":null,"waterType":"unspecified","sourceTags":{"natural":"water"},"sourceSurveyed":false},"geometry":{"type":"Polygon","coordinates":[[[126.8559825,37.4394022],[126.856814,37.4397387],[126.8566638,37.440105],[126.8564975,37.4401902],[126.8563526,37.4401306],[126.8561166,37.4401646],[126.8559074,37.4403435],[126.8556445,37.4401646],[126.8553495,37.4400496],[126.8559825,37.4394022]]]}},{"type":"Feature","id":"way/45574113","properties":{"osmType":"way","osmId":45574113,"osmVersion":2,"osmTimestamp":"2025-11-25T13:21:29Z","sourceUrl":"https://www.openstreetmap.org/way/45574113","name":null,"waterType":"unspecified","sourceTags":{"natural":"water"},"sourceSurveyed":false},"geometry":{"type":"Polygon","coordinates":[[[126.8544268,37.441502],[126.8542766,37.4409824],[126.8550437,37.4402881],[126.8554568,37.440352],[126.8558699,37.4406161],[126.8560469,37.4408248],[126.8561703,37.4412294],[126.8560254,37.4414594],[126.8566852,37.4423709],[126.8565672,37.4427457],[126.8564117,37.4428607],[126.8562293,37.4427627],[126.8556553,37.4420983],[126.855151,37.4419578],[126.854915,37.4420259],[126.8546414,37.4418896],[126.8544268,37.441502]]]}},{"type":"Feature","id":"way/75542639","properties":{"osmType":"way","osmId":75542639,"osmVersion":4,"osmTimestamp":"2023-10-26T11:35:19Z","sourceUrl":"https://www.openstreetmap.org/way/75542639","name":null,"waterType":"unspecified","sourceTags":{"natural":"water"},"sourceSurveyed":false},"geometry":{"type":"Polygon","coordinates":[[[127.1147879,37.5183772],[127.1147855,37.5183742],[127.1147825,37.5183716],[127.114973,37.5179488],[127.1149765,37.517949],[127.1149811,37.5179485],[127.1149856,37.5179474],[127.1149897,37.5179457],[127.1149935,37.5179436],[127.1149973,37.5179402],[127.1150551,37.5179564],[127.1150552,37.5179602],[127.115056,37.5179637],[127.1150576,37.517967],[127.1150599,37.5179703],[127.1150628,37.5179731],[127.1150664,37.5179755],[127.1150703,37.5179775],[127.1150747,37.5179788],[127.1150792,37.5179796],[127.1150839,37.5179797],[127.1150885,37.5179793],[127.115093,37.5179782],[127.1150972,37.5179765],[127.1151009,37.5179744],[127.1151046,37.5179713],[127.1151618,37.5179886],[127.1151626,37.5179929],[127.1151642,37.5179963],[127.1151665,37.5179995],[127.1151695,37.5180024],[127.115173,37.5180048],[127.115177,37.5180067],[127.1151813,37.5180081],[127.1151859,37.5180088],[127.1151905,37.518009],[127.1151951,37.5180085],[127.1151996,37.5180075],[127.1152038,37.5180058],[127.1152075,37.5180036],[127.11521,37.5180016],[127.1152936,37.5180261],[127.115087,37.5184763],[127.1150046,37.5184527],[127.1150053,37.5184479],[127.1150049,37.5184443],[127.1150038,37.5184407],[127.115002,37.5184373],[127.1149995,37.5184343],[127.1149965,37.5184316],[127.114993,37.5184294],[127.1149891,37.5184277],[127.1149848,37.5184265],[127.1149804,37.5184258],[127.1149759,37.5184257],[127.1149715,37.5184262],[127.1149672,37.5184273],[127.1149632,37.5184289],[127.1149595,37.518431],[127.1149564,37.5184335],[127.114954,37.518436],[127.1149527,37.5184379],[127.1148989,37.5184228],[127.1148996,37.518418],[127.1148992,37.5184144],[127.1148981,37.5184108],[127.1148963,37.5184074],[127.1148938,37.5184044],[127.1148908,37.5184017],[127.1148873,37.5183995],[127.1148834,37.5183978],[127.1148791,37.5183966],[127.1148747,37.5183959],[127.1148702,37.5183958],[127.1148658,37.5183963],[127.1148615,37.5183974],[127.1148575,37.518399],[127.1148538,37.5184011],[127.1148507,37.5184036],[127.1148483,37.5184061],[127.114847,37.518408],[127.1147908,37.5183916],[127.1147912,37.5183879],[127.1147909,37.5183842],[127.1147898,37.5183806],[127.1147879,37.5183772]]]}},{"type":"Feature","id":"way/101293867","properties":{"osmType":"way","osmId":101293867,"osmVersion":5,"osmTimestamp":"2021-07-21T06:16:23Z","sourceUrl":"https://www.openstreetmap.org/way/101293867","name":"아사달 연못","waterType":"pond","sourceTags":{"name":"아사달 연못","natural":"water","water":"pond"},"sourceSurveyed":false},"geometry":{"type":"Polygon","coordinates":[[[127.0753195,37.551242],[127.0748498,37.5515811],[127.0746618,37.5514174],[127.0751314,37.5510782],[127.0753195,37.551242]]]}},{"type":"Feature","id":"way/154112475","properties":{"osmType":"way","osmId":154112475,"osmVersion":5,"osmTimestamp":"2022-08-31T14:12:33Z","sourceUrl":"https://www.openstreetmap.org/way/154112475","name":null,"waterType":"unspecified","sourceTags":{"natural":"water"},"sourceSurveyed":false},"geometry":{"type":"Polygon","coordinates":[[[126.9764079,37.5024777],[126.9750118,37.5006211],[126.9732822,37.4992704],[126.9733475,37.499215],[126.9751183,37.5005009],[126.9765215,37.5024239],[126.9764079,37.5024777]]]}},{"type":"Feature","id":"way/154112545","properties":{"osmType":"way","osmId":154112545,"osmVersion":4,"osmTimestamp":"2020-05-23T18:03:00Z","sourceUrl":"https://www.openstreetmap.org/way/154112545","name":"공작지","waterType":"pond","sourceTags":{"name":"공작지","name:en":"Gongjakji Pond","name:ko":"공작지","natural":"water","water":"pond"},"sourceSurveyed":false},"geometry":{"type":"Polygon","coordinates":[[[126.9670127,37.4962243],[126.9669714,37.4962032],[126.9669424,37.4961641],[126.9669387,37.496125],[126.9669433,37.4960912],[126.9669574,37.496066],[126.9669857,37.4960368],[126.9670242,37.4960105],[126.9670637,37.4959934],[126.9671088,37.4959837],[126.9671568,37.4959806],[126.9672024,37.4959849],[126.9672401,37.4959942],[126.9672721,37.4960124],[126.967292,37.4960411],[126.9672954,37.4960662],[126.9672959,37.4960891],[126.9672869,37.4961214],[126.9672708,37.4961459],[126.9672469,37.4961706],[126.967209,37.4961932],[126.967167,37.4962142],[126.9671233,37.496225],[126.9670896,37.4962324],[126.9670482,37.4962329],[126.9670127,37.4962243]]]}},{"type":"Feature","id":"way/154806809","properties":{"osmType":"way","osmId":154806809,"osmVersion":3,"osmTimestamp":"2017-10-01T08:33:56Z","sourceUrl":"https://www.openstreetmap.org/way/154806809","name":"서울숲호수","waterType":"unspecified","sourceTags":{"name":"서울숲호수","natural":"water"},"sourceSurveyed":false},"geometry":{"type":"Polygon","coordinates":[[[127.0379516,37.5454909],[127.0378892,37.54551],[127.0378051,37.5455124],[127.0376978,37.5454136],[127.0376442,37.5452605],[127.037612,37.5451627],[127.0377997,37.544984],[127.0379767,37.5449372],[127.0381269,37.5448054],[127.0381913,37.5446863],[127.0382986,37.5445502],[127.0383093,37.5444226],[127.0383308,37.544295],[127.0383683,37.5442354],[127.0384756,37.5442354],[127.0385507,37.5441972],[127.0386366,37.5441716],[127.0387439,37.5441249],[127.0388511,37.5440993],[127.0389477,37.5440781],[127.0390657,37.5441164],[127.0391033,37.5441164],[127.0391355,37.5441674],[127.0390282,37.5441674],[127.0389316,37.5441461],[127.0388619,37.5441674],[127.0388029,37.5442525],[127.0388511,37.5443163],[127.0388511,37.544363],[127.0388511,37.5444524],[127.0387975,37.5445502],[127.0387331,37.544631],[127.0386527,37.5446948],[127.0385937,37.5447884],[127.0386097,37.5448734],[127.038568,37.5449823],[127.0385476,37.5450688],[127.0384763,37.5451632],[127.0384059,37.5452307],[127.0383147,37.5452605],[127.0381591,37.54532],[127.0380733,37.5453796],[127.0379516,37.5454909]]]}},{"type":"Feature","id":"way/168228512","properties":{"osmType":"way","osmId":168228512,"osmVersion":7,"osmTimestamp":"2023-07-03T04:28:38Z","sourceUrl":"https://www.openstreetmap.org/way/168228512","name":null,"waterType":"river","sourceTags":{"natural":"water","water":"river"},"sourceSurveyed":false},"geometry":{"type":"Polygon","coordinates":[[[127.0533891,37.6208855],[127.0533544,37.6207911],[127.0535976,37.6205772],[127.0539333,37.6203011],[127.0546822,37.6197446],[127.055538,37.6191783],[127.0557718,37.6190324],[127.0563758,37.6185906],[127.0566498,37.6183401],[127.0568537,37.6180463],[127.0572833,37.6177075],[127.0579414,37.6171434],[127.0581554,37.6169877],[127.0585689,37.6167846],[127.0587302,37.6167034],[127.0589242,37.6166093],[127.0591894,37.6164745],[127.0595628,37.6162906],[127.0599198,37.6161084],[127.0606097,37.6157215],[127.0609932,37.6155508],[127.0613022,37.6154754],[127.0623931,37.6152807],[127.0624446,37.6154721],[127.0617958,37.6155849],[127.0611199,37.6156571],[127.0607524,37.6157761],[127.0601726,37.6161279],[127.0596688,37.6163899],[127.058325,37.6170339],[127.0578556,37.617395],[127.0573632,37.6177894],[127.0571395,37.6179708],[127.056757,37.6183396],[127.0565333,37.6185572],[127.0561712,37.6188504],[127.0559003,37.6190628],[127.0552067,37.6194954],[127.054578,37.619902],[127.054056,37.6203091],[127.0537556,37.6205428],[127.0533891,37.6208855]]]}},{"type":"Feature","id":"way/168369222","properties":{"osmType":"way","osmId":168369222,"osmVersion":17,"osmTimestamp":"2026-02-21T16:58:43Z","sourceUrl":"https://www.openstreetmap.org/way/168369222","name":"우이천","waterType":"river","sourceTags":{"name":"우이천","name:ko":"우이천","natural":"water","water":"river"},"sourceSurveyed":false},"geometry":{"type":"Polygon","coordinates":[[[127.0500342,37.6241659],[127.0533544,37.6207911],[127.0533891,37.6208855],[127.0531295,37.6211407],[127.052636,37.6216505],[127.0514689,37.6228899],[127.0505814,37.623792],[127.0501171,37.624309],[127.0493446,37.6251078],[127.048641,37.6260551],[127.0479027,37.6270349],[127.0476907,37.6272598],[127.0476762,37.6272772],[127.0472876,37.6275436],[127.0469306,37.6277632],[127.0460324,37.6281554],[127.0453964,37.6285025],[127.0447547,37.6288694],[127.044699,37.6289146],[127.0443935,37.6291851],[127.0439104,37.6296889],[127.0435404,37.6301126],[127.0433129,37.630292],[127.0430588,37.6304574],[127.0428528,37.6305775],[127.0423657,37.6308615],[127.0415918,37.6313007],[127.0408362,37.6317424],[127.0403845,37.6320211],[127.0399714,37.6323498],[127.039447,37.6329937],[127.0391504,37.6333134],[127.0386913,37.6338573],[127.0384517,37.6343468],[127.0382179,37.6350301],[127.0381312,37.6354753],[127.0380414,37.6358415],[127.0378701,37.6360242],[127.0377634,37.6361885],[127.0376293,37.6363505],[127.0374354,37.6365343],[127.037224,37.6366817],[127.0370677,37.6367668],[127.0366446,37.6369069],[127.036293,37.6370033],[127.0356934,37.6371475],[127.0354687,37.6372062],[127.0352087,37.6373185],[127.0348863,37.6375412],[127.0347208,37.637699],[127.0345889,37.6378675],[127.0343648,37.6383385],[127.0341794,37.6387747],[127.034014,37.6393099],[127.0338067,37.6396938],[127.0335947,37.6402105],[127.0333372,37.6407585],[127.033138,37.6411675],[127.0329245,37.6415026],[127.0325496,37.6418969],[127.0322726,37.6421231],[127.0319132,37.642361],[127.0316021,37.6425352],[127.0311485,37.6428314],[127.030674,37.6431171],[127.0297476,37.6437321],[127.029609,37.6438142],[127.0292771,37.6439773],[127.0291101,37.6440483],[127.0289975,37.6440993],[127.0288823,37.6441663],[127.0287053,37.6443149],[127.0284763,37.6444662],[127.0284347,37.6445071],[127.0282278,37.6447103],[127.027997,37.6448758],[127.0279275,37.6449442],[127.0276431,37.6450795],[127.0274362,37.6451708],[127.0272677,37.6452082],[127.0268087,37.6453673],[127.0263335,37.6455931],[127.0257765,37.6459153],[127.0257141,37.6459551],[127.0256565,37.6460066],[127.0255083,37.646262],[127.025452,37.6463465],[127.0253742,37.6464532],[127.0250938,37.646919],[127.0249667,37.6471123],[127.0248401,37.6472682],[127.0247851,37.6473313],[127.0247465,37.6473643],[127.0247076,37.6474004],[127.0246533,37.647446],[127.0245816,37.6474869],[127.0245299,37.6475081],[127.0241391,37.6475552],[127.0237211,37.6476498],[127.0232879,37.6477128],[127.0230922,37.6477586],[127.022958,37.6477493],[127.0227865,37.6477607],[127.0226646,37.6478008],[127.0225225,37.647954],[127.0222668,37.6481394],[127.0220241,37.6484017],[127.0218156,37.6486528],[127.021658,37.6488036],[127.0215677,37.6488799],[127.0214848,37.648932],[127.0213263,37.6489946],[127.0210664,37.6490594],[127.0207576,37.6491305],[127.0206006,37.6491497],[127.0204197,37.6491348],[127.0200817,37.6490881],[127.0197706,37.6489819],[127.0194219,37.6488884],[127.0190786,37.6488035],[127.0185677,37.6487085],[127.0182451,37.6486719],[127.017962,37.6486515],[127.0176527,37.6486616],[127.0174548,37.6486849],[127.0171907,37.6487148],[127.0166753,37.648829],[127.0163213,37.6489267],[127.015935,37.6490286],[127.0155059,37.649173],[127.0151626,37.6494109],[127.0149748,37.6495808],[127.0147871,37.6497379],[127.0146208,37.649997],[127.0145296,37.6502306],[127.0145296,37.6505534],[127.0145564,37.6509994],[127.0146637,37.6513859],[127.0146905,37.6515303],[127.0147245,37.6519637],[127.0146759,37.6522698],[127.0145617,37.6525241],[127.0145188,37.6527704],[127.0145242,37.6532928],[127.0145188,37.6543376],[127.0144424,37.6546362],[127.0143579,37.6551701],[127.0143579,37.6554673],[127.0143794,37.6556882],[127.0144705,37.6560832],[127.0145027,37.6564484],[127.0145348,37.6568853],[127.0145778,37.6575441],[127.014615,37.6578315],[127.0146558,37.6581682],[127.0146961,37.6584422],[127.0148086,37.6589295],[127.0148352,37.6591182],[127.0148474,37.6591771],[127.0148539,37.6593065],[127.0148139,37.6594722],[127.0147177,37.6597643],[127.0146412,37.6600297],[127.0146208,37.6601523],[127.0146386,37.6602708],[127.0146814,37.6607206],[127.0147235,37.6611062],[127.0147445,37.6613334],[127.0147384,37.6614733],[127.0147339,37.6615837],[127.0146625,37.6616677],[127.014592,37.6617454],[127.0142345,37.6623132],[127.013918,37.6626189],[127.0134665,37.6630045],[127.0134255,37.6629793],[127.0133807,37.6629518],[127.0136981,37.6626784],[127.0139663,37.6624746],[127.0141755,37.6622707],[127.0143311,37.6620117],[127.0145242,37.661672],[127.0145886,37.6614299],[127.0146174,37.6613413],[127.0146037,37.6611763],[127.0145832,37.6609755],[127.0145349,37.6605763],[127.0144957,37.6602214],[127.0144758,37.6600634],[127.0145457,37.6599053],[127.0146147,37.6596618],[127.0146364,37.6595789],[127.0146577,37.6594829],[127.014674,37.6592696],[127.0146791,37.6590071],[127.0146548,37.6587855],[127.0145457,37.6582788],[127.0144759,37.6578499],[127.0144371,37.6575608],[127.0144165,37.6573653],[127.0144108,37.6571069],[127.0144162,37.6567236],[127.0143836,37.6562851],[127.0142506,37.6556117],[127.0142271,37.6554355],[127.0143202,37.6545827],[127.0143435,37.6543671],[127.0143954,37.6538322],[127.014374,37.6532334],[127.0144257,37.6526057],[127.0145569,37.6519996],[127.0145188,37.6517978],[127.0144974,37.6515133],[127.0144384,37.6511098],[127.0144276,37.6507615],[127.0144066,37.6504761],[127.0143954,37.6502264],[127.014484,37.6499711],[127.0146422,37.6497294],[127.0147119,37.6496827],[127.0148407,37.6495128],[127.0149024,37.6494172],[127.0151098,37.6492514],[127.015272,37.6491654],[127.0154488,37.649101],[127.0156448,37.6490103],[127.0163642,37.6488077],[127.0166515,37.6487294],[127.0171506,37.648618],[127.0175196,37.6485697],[127.0179528,37.6485388],[127.0185011,37.6485682],[127.01898,37.6486587],[127.0195511,37.6487989],[127.0198457,37.6488927],[127.0204572,37.6490201],[127.0208893,37.6489617],[127.0211651,37.6488914],[127.0214067,37.6488167],[127.0215843,37.6486775],[127.0217583,37.6484852],[127.0218778,37.648304],[127.0220457,37.648107],[127.0221664,37.6480117],[127.0222787,37.6479508],[127.022601,37.6477662],[127.0230244,37.6476195],[127.0235052,37.6475303],[127.0236955,37.6475054],[127.0240636,37.6474572],[127.0244111,37.6473879],[127.0246596,37.6472777],[127.0247963,37.6471567],[127.0248154,37.6470801],[127.024838,37.6469322],[127.0249235,37.6467986],[127.0249824,37.6466723],[127.0251809,37.6463453],[127.0255541,37.6458701],[127.0262591,37.6454406],[127.0271657,37.6450583],[127.0273844,37.6449217],[127.0275041,37.6449124],[127.0276297,37.6448655],[127.0277567,37.6447948],[127.0278002,37.6447706],[127.0280268,37.6446269],[127.0281619,37.6445221],[127.028304,37.6443813],[127.0283903,37.6442959],[127.028567,37.644154],[127.028794,37.6440004],[127.0290171,37.6438948],[127.0294473,37.6436949],[127.029594,37.6436155],[127.0298036,37.6435021],[127.0300023,37.6433183],[127.0303639,37.6430188],[127.0309583,37.6426085],[127.0310418,37.6426332],[127.0312548,37.6424856],[127.0315249,37.6423597],[127.0320784,37.6420579],[127.032373,37.6418313],[127.032431,37.641816],[127.0327012,37.6415247],[127.032917,37.6411943],[127.0330401,37.6410003],[127.033143,37.6407702],[127.033235,37.6405734],[127.0333717,37.6403744],[127.0336622,37.6396511],[127.0337564,37.6394331],[127.0337627,37.6393322],[127.033872,37.639053],[127.0339287,37.639016],[127.0345644,37.6375746],[127.0349656,37.6371958],[127.0358806,37.636919],[127.0365953,37.6367429],[127.0369343,37.6366053],[127.0375083,37.6362357],[127.0377658,37.6358789],[127.0381873,37.6341851],[127.0383934,37.6338057],[127.0387689,37.6333129],[127.0389457,37.6330802],[127.0391533,37.632837],[127.0394003,37.6326053],[127.0396314,37.6324169],[127.0402701,37.6318931],[127.0408753,37.6315297],[127.0414904,37.6311603],[127.0425969,37.630522],[127.0427186,37.6304355],[127.0430244,37.6302181],[127.0433365,37.6299682],[127.0441387,37.6290985],[127.044643,37.6287332],[127.0449181,37.6285924],[127.0455335,37.6282531],[127.0467138,37.6277325],[127.0472631,37.6274161],[127.0474997,37.627167],[127.0475881,37.627072],[127.049766,37.6244888],[127.0500342,37.6241659]]]}},{"type":"Feature","id":"way/222074695","properties":{"osmType":"way","osmId":222074695,"osmVersion":26,"osmTimestamp":"2022-01-02T19:53:28Z","sourceUrl":"https://www.openstreetmap.org/way/222074695","name":"성내천","waterType":"stream","sourceTags":{"name":"성내천","name:en":"Seongnaecheon Stream","name:ko":"성내천","natural":"water","water":"stream"},"sourceSurveyed":false},"geometry":{"type":"Polygon","coordinates":[[[127.1002943,37.5241223],[127.1002896,37.5241617],[127.1001273,37.5238671],[127.0999879,37.5236246],[127.100535,37.5236501],[127.1017567,37.523669],[127.1062073,37.5237377],[127.1131387,37.5238543],[127.1132782,37.5238586],[127.1133842,37.5238692],[127.1134485,37.523883],[127.113525,37.5238852],[127.1135907,37.5238703],[127.1136752,37.5238394],[127.1137302,37.523832],[127.1137892,37.5238256],[127.1148124,37.523799],[127.1161213,37.523765],[127.1168945,37.523694],[127.1176872,37.5236449],[127.1190943,37.5238745],[127.1193008,37.5238537],[127.1194666,37.5239334],[127.1195861,37.5240028],[127.1196993,37.5240293],[127.119803,37.5240909],[127.1198477,37.524175],[127.1199523,37.5244226],[127.120036,37.5245102],[127.1202975,37.5246688],[127.1206129,37.5248323],[127.1208642,37.5249285],[127.1211317,37.5249666],[127.1216499,37.5248335],[127.1219014,37.5247789],[127.1223217,37.5248114],[127.1234035,37.5246856],[127.1239373,37.5247094],[127.1241225,37.5247385],[127.1242571,37.5247016],[127.1261243,37.5237811],[127.1262931,37.5236866],[127.1264458,37.5235415],[127.1266697,37.5234337],[127.1268083,37.5233515],[127.1271582,37.5231218],[127.1273584,37.5229749],[127.1274864,37.5229101],[127.1276069,37.5227819],[127.1276869,37.5222608],[127.1277538,37.5219184],[127.1278694,37.521685],[127.1280502,37.5214272],[127.1283945,37.5210005],[127.1285293,37.5206892],[127.1285059,37.5205963],[127.1285637,37.5204828],[127.1286638,37.5204637],[127.1289251,37.5199164],[127.129099,37.5191807],[127.1291518,37.5188797],[127.1292034,37.5186344],[127.1292765,37.5184146],[127.129391,37.5181909],[127.1295334,37.5179916],[127.1297475,37.5177758],[127.1299368,37.5176217],[127.1301506,37.5174945],[127.1303299,37.5174366],[127.1304587,37.5174188],[127.1305836,37.5173671],[127.1307043,37.5172973],[127.1308345,37.5172172],[127.130967,37.5171916],[127.1310948,37.5171548],[127.1312097,37.517124],[127.1317697,37.5168597],[127.1319771,37.5167912],[127.1321655,37.5167331],[127.1322451,37.5166607],[127.1323221,37.5166062],[127.1323925,37.5165758],[127.1324692,37.5165576],[127.1325387,37.5165399],[127.132605,37.516514],[127.1326749,37.5164692],[127.1327565,37.5164165],[127.1328556,37.5163864],[127.1329381,37.5163902],[127.1330225,37.5163914],[127.1330854,37.5163752],[127.1331653,37.5163146],[127.1332267,37.5162778],[127.1333983,37.5161308],[127.1335567,37.5159211],[127.1334837,37.5162116],[127.1336546,37.5162146],[127.1338009,37.5161766],[127.1336617,37.5162757],[127.1333347,37.5163977],[127.1332598,37.5164265],[127.1331414,37.5164648],[127.1330509,37.5165033],[127.1329012,37.5165722],[127.1326677,37.5166579],[127.1325199,37.5167226],[127.1323728,37.5167726],[127.1322238,37.5168453],[127.1320822,37.5168723],[127.1318816,37.516901],[127.1316306,37.5170013],[127.1312077,37.5171935],[127.1304838,37.5175063],[127.1302305,37.5175975],[127.1300287,37.517714],[127.1298517,37.5178587],[127.1296546,37.5180304],[127.1295352,37.5181735],[127.129396,37.5183992],[127.1293035,37.5187429],[127.1292303,37.5191719],[127.1290511,37.5199489],[127.1287651,37.5205047],[127.1284951,37.5210605],[127.1279847,37.5217247],[127.1278559,37.5219477],[127.1276998,37.5228474],[127.1275872,37.5230905],[127.1273519,37.5232919],[127.1271342,37.523409],[127.1270076,37.5235931],[127.1268174,37.5237856],[127.1265999,37.5239421],[127.1242101,37.5249415],[127.1240222,37.5250302],[127.1237771,37.5250411],[127.1236576,37.5250265],[127.1235025,37.5249882],[127.123358,37.5249541],[127.123262,37.5249249],[127.1231546,37.5249065],[127.1211234,37.5251578],[127.1207915,37.5251116],[127.1204922,37.524988],[127.1201093,37.5247753],[127.1199147,37.5246665],[127.1197667,37.5245392],[127.1196941,37.5244231],[127.1196377,37.5243027],[127.1195657,37.5242153],[127.1194405,37.5241606],[127.1176599,37.5238992],[127.1161479,37.5239934],[127.1144973,37.523999],[127.1144517,37.5240064],[127.1141794,37.5240447],[127.1140172,37.5240692],[127.1138629,37.524083],[127.1134391,37.5240926],[127.1133989,37.5240936],[127.1131763,37.5241149],[127.1131468,37.5241117],[127.1130569,37.5240819],[127.1130073,37.5240766],[127.1126693,37.5240607],[127.1104852,37.5239493],[127.1068358,37.5239602],[127.1067867,37.5239801],[127.1066477,37.5239426],[127.1064903,37.5239423],[127.1064577,37.5239656],[127.1063354,37.5239661],[127.1062738,37.5240035],[127.1063368,37.5241802],[127.1062788,37.5242096],[127.106257,37.5242846],[127.1061077,37.5242853],[127.1060626,37.5241725],[127.1059836,37.5240456],[127.1059127,37.5240046],[127.1057996,37.5239907],[127.1054726,37.5239921],[127.1052621,37.5239789],[127.10507,37.5239785],[127.104927,37.5239582],[127.1048371,37.5240181],[127.1048413,37.5241346],[127.1047128,37.5240961],[127.1047192,37.5240641],[127.1046339,37.5240324],[127.1045818,37.5240275],[127.104539,37.52405],[127.104478,37.5239814],[127.1044142,37.5239561],[127.1041992,37.5239875],[127.1040676,37.5239595],[127.1038412,37.5239717],[127.1037327,37.5239383],[127.1036609,37.5238401],[127.1032274,37.5238248],[127.1029369,37.5239683],[127.1027678,37.5239676],[127.1024803,37.5240324],[127.1022581,37.5240825],[127.1020567,37.5241209],[127.101954,37.5241405],[127.1011412,37.524116],[127.1008541,37.5240945],[127.1004036,37.5240894],[127.1003779,37.52409],[127.1003484,37.5240907],[127.1003077,37.5241053],[127.1002943,37.5241223]]]}},{"type":"Feature","id":"way/222074696","properties":{"osmType":"way","osmId":222074696,"osmVersion":8,"osmTimestamp":"2020-11-24T04:37:16Z","sourceUrl":"https://www.openstreetmap.org/way/222074696","name":"88호수","waterType":"lake","sourceTags":{"name":"88호수","name:en":"88 Lake","natural":"water","water":"lake"},"sourceSurveyed":false},"geometry":{"type":"Polygon","coordinates":[[[127.1258738,37.522361],[127.1258727,37.5224182],[127.1259324,37.5224709],[127.1266337,37.5227629],[127.126753,37.522848],[127.1268826,37.5230043],[127.1269521,37.5230773],[127.1270275,37.5231207],[127.127085,37.5231307],[127.1271582,37.5231218],[127.1268083,37.5233515],[127.1268493,37.5232963],[127.1268587,37.5232412],[127.1268463,37.5231371],[127.1267984,37.5230454],[127.1266934,37.5229192],[127.1265527,37.5228266],[127.1263075,37.522712],[127.1260945,37.5226458],[127.1257971,37.5225792],[127.1255389,37.5224996],[127.1254156,37.5224441],[127.1252875,37.5223965],[127.1252097,37.5223396],[127.1251561,37.5222315],[127.1250676,37.5221676],[127.1249215,37.5221257],[127.1247772,37.5221022],[127.1246819,37.5220382],[127.124614,37.5219479],[127.124598,37.5218139],[127.1247648,37.5215302],[127.1248452,37.5213654],[127.1249083,37.5212867],[127.1249981,37.521226],[127.1251175,37.5211729],[127.1252006,37.5211569],[127.1252744,37.5211548],[127.1253146,37.521159],[127.125328,37.5211702],[127.1253368,37.5211798],[127.1253408,37.5211931],[127.1253461,37.5212085],[127.1253528,37.5212186],[127.1253709,37.5212345],[127.1253991,37.5212494],[127.1254246,37.5212526],[127.1254501,37.5212478],[127.1254769,37.5212399],[127.1255024,37.5212399],[127.1255252,37.5212537],[127.1255533,37.5213175],[127.1255627,37.5213984],[127.1255453,37.521493],[127.1255319,37.5215579],[127.1255252,37.5216207],[127.1255802,37.5216951],[127.1256942,37.5217738],[127.1257853,37.5218323],[127.1258508,37.5219032],[127.1258776,37.5220181],[127.125883,37.5222606],[127.1258738,37.522361]]]}},{"type":"Feature","id":"way/224704568","properties":{"osmType":"way","osmId":224704568,"osmVersion":2,"osmTimestamp":"2017-05-24T07:55:18Z","sourceUrl":"https://www.openstreetmap.org/way/224704568","name":"하늘못","waterType":"unspecified","sourceTags":{"name":"하늘못","natural":"water"},"sourceSurveyed":false},"geometry":{"type":"Polygon","coordinates":[[[127.0614949,37.5840795],[127.0614922,37.584037],[127.0614834,37.5840149],[127.0614735,37.5839902],[127.0614359,37.583952],[127.0614359,37.5839286],[127.0614118,37.5839052],[127.0614413,37.5838648],[127.0614681,37.5838117],[127.0614439,37.5837904],[127.0614091,37.5837437],[127.061408,37.5836795],[127.0614395,37.5836354],[127.0615012,37.5836094],[127.0616478,37.5836057],[127.0616862,37.5836215],[127.0617317,37.5836447],[127.0617545,37.5836941],[127.061739,37.5837777],[127.0616827,37.5838393],[127.0616076,37.5838925],[127.0616076,37.5839498],[127.0616178,37.5839667],[127.0616371,37.5839987],[127.0617014,37.5840497],[127.0617524,37.5841029],[127.0617765,37.584156],[127.0617604,37.58419],[127.0617095,37.5842432],[127.0616585,37.5842772],[127.0616049,37.5842772],[127.0615271,37.5842751],[127.0614708,37.5842559],[127.0614386,37.5842049],[127.0614413,37.5841603],[127.0614413,37.5841114],[127.0614949,37.5840795]]]}},{"type":"Feature","id":"way/227314735","properties":{"osmType":"way","osmId":227314735,"osmVersion":12,"osmTimestamp":"2022-01-02T13:10:19Z","sourceUrl":"https://www.openstreetmap.org/way/227314735","name":null,"waterType":"river","sourceTags":{"natural":"water","water":"river"},"sourceSurveyed":false},"geometry":{"type":"Polygon","coordinates":[[[126.7663486,37.5683817],[126.7664166,37.5684064],[126.7670936,37.5670996],[126.7672961,37.5665891],[126.7675174,37.5656709],[126.7675774,37.5650724],[126.7676193,37.5646546],[126.767512,37.5639445],[126.7664821,37.5543765],[126.7662138,37.5537004],[126.7660046,37.5533516],[126.7663627,37.5531779],[126.7667234,37.5530029],[126.7670775,37.5535515],[126.7673618,37.5543085],[126.7675227,37.5550315],[126.7684025,37.5634725],[126.7685903,37.564561],[126.768483,37.5648034],[126.7685641,37.5654446],[126.7683738,37.5664881],[126.7681237,37.5672051],[126.7678178,37.5678607],[126.7677773,37.567936],[126.7677105,37.5680605],[126.7672599,37.5687961],[126.7672384,37.5688726],[126.7672949,37.568912],[126.7672045,37.5690505],[126.7670604,37.5692714],[126.7669252,37.5692999],[126.7667503,37.5695274],[126.7657632,37.5706117],[126.7647172,37.5714705],[126.7644328,37.57165375626928],[126.7644328,37.57056277777777],[126.7647708,37.570297],[126.7653663,37.5697528],[126.7659319,37.5690855],[126.7660317,37.5689457],[126.7660098,37.5688381],[126.7661724,37.568619],[126.7663146,37.5684275],[126.7663486,37.5683817]]]}},{"type":"Feature","id":"way/227314739","properties":{"osmType":"way","osmId":227314739,"osmVersion":5,"osmTimestamp":"2018-02-05T14:52:31Z","sourceUrl":"https://www.openstreetmap.org/way/227314739","name":null,"waterType":"unspecified","sourceTags":{"natural":"water"},"sourceSurveyed":false},"geometry":{"type":"Polygon","coordinates":[[[126.7670078,37.5533431],[126.7670775,37.5535515],[126.7667234,37.5530029],[126.7668576,37.5530539],[126.7669809,37.5530624],[126.767099,37.5530412],[126.7672492,37.5529136],[126.7674506,37.5527926],[126.7676247,37.5527094],[126.7676355,37.5527525],[126.7676461,37.5527945],[126.7675227,37.552854],[126.7673618,37.5530071],[126.7671097,37.55319],[126.7670078,37.5533431]]]}},{"type":"Feature","id":"way/228446360","properties":{"osmType":"way","osmId":228446360,"osmVersion":5,"osmTimestamp":"2023-06-15T03:03:24Z","sourceUrl":"https://www.openstreetmap.org/way/228446360","name":null,"waterType":"river","sourceTags":{"natural":"water","water":"river"},"sourceSurveyed":false},"geometry":{"type":"Polygon","coordinates":[[[126.7685141,37.5685421],[126.7679424,37.5681488],[126.7679858,37.5680394],[126.768067,37.567835],[126.7687875,37.5680606],[126.7690633,37.5699856],[126.7692946,37.5706343],[126.7695526,37.5710539],[126.7699974,37.5714558],[126.7705089,37.5718577],[126.7708648,37.5722279],[126.7719457,37.5735887],[126.772128,37.5740188],[126.7727641,37.5748332],[126.7737249,37.5757533],[126.7755041,37.5772691],[126.7758511,37.5776428],[126.776198,37.5786545],[126.7762069,37.5791798],[126.7764071,37.5796733],[126.7772078,37.5803854],[126.7785867,37.5823065],[126.7800634,37.5862862],[126.7802458,37.5861875],[126.7802783,37.5862089],[126.7803259,37.5862403],[126.7801114,37.5863906],[126.780198,37.5866669],[126.7802554,37.586751],[126.7803019,37.5868153],[126.7803259,37.5868685],[126.7803167,37.5869101],[126.7802788,37.5869582],[126.7801936,37.5870281],[126.7800972,37.5870778],[126.7799519,37.5871896],[126.7797391,37.5873482],[126.7795358,37.5874841],[126.7793379,37.5875943],[126.7792251,37.5876253],[126.779133,37.5875477],[126.7790664,37.5875926],[126.7790119,37.5875588],[126.7789662,37.5875154],[126.7790558,37.5874239],[126.7792148,37.5873109],[126.7794637,37.5871191],[126.7797065,37.5869378],[126.7797966,37.5868739],[126.7798412,37.5868193],[126.7798625,37.5867605],[126.7780032,37.5818868],[126.7768684,37.5804428],[126.7761949,37.5798725],[126.7758581,37.5793204],[126.775872,37.5785198],[126.7757612,37.578103],[126.7754568,37.5776533],[126.7748386,37.5770391],[126.7725736,37.5750429],[126.7705669,37.572341],[126.7703178,37.5720924],[126.7693676,37.5713063],[126.7690631,37.5709443],[126.768837,37.5705823],[126.7687586,37.5702825],[126.7685141,37.5685421]]]}},{"type":"Feature","id":"way/229995724","properties":{"osmType":"way","osmId":229995724,"osmVersion":12,"osmTimestamp":"2025-11-18T01:42:23Z","sourceUrl":"https://www.openstreetmap.org/way/229995724","name":"전쟁기념관 호수","waterType":"unspecified","sourceTags":{"name":"전쟁기념관 호수","name:en":"Reflecting Pool","name:ko":"전쟁기념관 호수","natural":"water"},"sourceSurveyed":false},"geometry":{"type":"Polygon","coordinates":[[[126.9762117,37.5362294],[126.9761676,37.5363093],[126.976216,37.5353821],[126.9782127,37.5354704],[126.9781682,37.5360401],[126.9780114,37.5360362],[126.9780241,37.5356321],[126.9779061,37.5356298],[126.977898,37.5358605],[126.9776744,37.5358527],[126.977661,37.5357905],[126.9776221,37.5357293],[126.9775598,37.5356559],[126.97749,37.5356054],[126.9774196,37.5355661],[126.9773539,37.5355482],[126.9772407,37.5355386],[126.977166,37.5355362],[126.9770471,37.5355447],[126.9769693,37.535564],[126.976906,37.5355895],[126.9768606,37.5356182],[126.9768189,37.5356579],[126.9767709,37.5357109],[126.9767337,37.5357582],[126.9767068,37.5358112],[126.9765106,37.5358103],[126.976524,37.5356073],[126.9763953,37.5356047],[126.9763693,37.5360021],[126.9763674,37.5360249],[126.9763655,37.5360464],[126.976358,37.5361724],[126.9763466,37.536174],[126.9762973,37.536179],[126.9762617,37.5362057],[126.9762117,37.5362294]]]}},{"type":"Feature","id":"way/237684508","properties":{"osmType":"way","osmId":237684508,"osmVersion":4,"osmTimestamp":"2022-06-20T21:28:15Z","sourceUrl":"https://www.openstreetmap.org/way/237684508","name":"과림저수지","waterType":"reservoir","sourceTags":{"name":"과림저수지","natural":"water","water":"reservoir"},"sourceSurveyed":false},"geometry":{"type":"Polygon","coordinates":[[[126.8265148,37.454104],[126.8259143,37.4540506],[126.8255754,37.4533508],[126.8247842,37.4529049],[126.8239483,37.4527483],[126.8236701,37.4526279],[126.8236734,37.4520999],[126.8236876,37.4519857],[126.8237411,37.451555],[126.823751,37.4514319],[126.8237644,37.4512655],[126.8247298,37.4513034],[126.8253503,37.4515784],[126.8258879,37.4513931],[126.8260184,37.451121],[126.8265632,37.4497774],[126.8274457,37.4493379],[126.8279177,37.4493398],[126.829509,37.4513879],[126.8295339,37.4515257],[126.8294159,37.4516587],[126.8293784,37.4517642],[126.8291463,37.4519169],[126.8287384,37.4519494],[126.8284587,37.4520675],[126.8282854,37.4523223],[126.8269281,37.4532028],[126.826625,37.4536445],[126.8265148,37.454104]]]}},{"type":"Feature","id":"way/237684511","properties":{"osmType":"way","osmId":237684511,"osmVersion":6,"osmTimestamp":"2022-07-04T02:18:04Z","sourceUrl":"https://www.openstreetmap.org/way/237684511","name":"은계호수공원 (호수)","waterType":"lake","sourceTags":{"name":"은계호수공원 (호수)","natural":"water","water":"lake"},"sourceSurveyed":false},"geometry":{"type":"Polygon","coordinates":[[[126.8055657,37.4476825],[126.804407,37.4473418],[126.8050722,37.4464049],[126.8046216,37.4461834],[126.8045533,37.4457364],[126.8047454,37.4453861],[126.8050584,37.4451443],[126.8052009,37.4449057],[126.8053646,37.4447122],[126.8056059,37.4444977],[126.8058447,37.4443776],[126.807256,37.4437254],[126.8072823,37.4437132],[126.8075184,37.4436621],[126.8075398,37.4438154],[126.8082265,37.4452635],[126.8081192,37.4453316],[126.8073038,37.4462345],[126.8066386,37.4468819],[126.8061665,37.4470863],[126.8055657,37.4476825]]]}},{"type":"Feature","id":"way/241751836","properties":{"osmType":"way","osmId":241751836,"osmVersion":3,"osmTimestamp":"2025-09-08T00:20:20Z","sourceUrl":"https://www.openstreetmap.org/way/241751836","name":null,"waterType":"basin","sourceTags":{"natural":"water","water":"basin"},"sourceSurveyed":false},"geometry":{"type":"Polygon","coordinates":[[[127.0915636,37.5727646],[127.0915495,37.5730204],[127.0913672,37.5729332],[127.091276,37.5728546],[127.0911848,37.572693],[127.0915522,37.5724358],[127.0917077,37.5724562],[127.0917518,37.5725389],[127.0916846,37.5726957],[127.0915636,37.5727646]]]}},{"type":"Feature","id":"way/246152663","properties":{"osmType":"way","osmId":246152663,"osmVersion":1,"osmTimestamp":"2013-11-14T15:29:33Z","sourceUrl":"https://www.openstreetmap.org/way/246152663","name":null,"waterType":"unspecified","sourceTags":{"natural":"water"},"sourceSurveyed":false},"geometry":{"type":"Polygon","coordinates":[[[126.8796659,37.5734135],[126.879682,37.5734657],[126.8796884,37.5734861],[126.8797157,37.5735065],[126.8797318,37.573546],[126.8796932,37.5735791],[126.8796112,37.5735638],[126.8795759,37.573532],[126.8795952,37.5734784],[126.8796177,37.5734364],[126.8796129,37.5734058],[126.8796354,37.5733867],[126.8796659,37.5734135]]]}},{"type":"Feature","id":"way/246152677","properties":{"osmType":"way","osmId":246152677,"osmVersion":1,"osmTimestamp":"2013-11-14T15:29:35Z","sourceUrl":"https://www.openstreetmap.org/way/246152677","name":null,"waterType":"unspecified","sourceTags":{"natural":"water"},"sourceSurveyed":false},"geometry":{"type":"Polygon","coordinates":[[[126.8777082,37.5752949],[126.87759,37.5751418],[126.8775377,37.5750607],[126.87744,37.5749652],[126.8773467,37.5748949],[126.8773627,37.57483],[126.8774127,37.5747724],[126.8774809,37.5747706],[126.8775218,37.5748048],[126.8775923,37.5748571],[126.8776673,37.5749237],[126.877715,37.574976],[126.877831,37.5750192],[126.8779106,37.5750769],[126.8779606,37.5751526],[126.8779447,37.5752156],[126.8778424,37.5752859],[126.8777719,37.5753129],[126.8777082,37.5752949]]]}},{"type":"Feature","id":"way/246152688","properties":{"osmType":"way","osmId":246152688,"osmVersion":1,"osmTimestamp":"2013-11-14T15:29:36Z","sourceUrl":"https://www.openstreetmap.org/way/246152688","name":null,"waterType":"unspecified","sourceTags":{"natural":"water"},"sourceSurveyed":false},"geometry":{"type":"Polygon","coordinates":[[[126.87704,37.5742062],[126.8770834,37.5742724],[126.8771236,37.574303],[126.8771911,37.5743285],[126.877331,37.5743565],[126.8773663,37.5743935],[126.877368,37.5744572],[126.8773342,37.5745285],[126.8773213,37.5746177],[126.8772731,37.5746355],[126.8772329,37.5746088],[126.8772168,37.5745616],[126.8772088,37.5744954],[126.8771316,37.5743884],[126.8769918,37.5742903],[126.8768567,37.5742406],[126.8767346,37.5742278],[126.876659,37.5742202],[126.8766429,37.5741832],[126.8766719,37.5741323],[126.8767201,37.5741335],[126.8767892,37.5741578],[126.8768857,37.574182],[126.8769741,37.5741807],[126.87704,37.5742062]]]}},{"type":"Feature","id":"way/246152695","properties":{"osmType":"way","osmId":246152695,"osmVersion":1,"osmTimestamp":"2013-11-14T15:29:37Z","sourceUrl":"https://www.openstreetmap.org/way/246152695","name":null,"waterType":"unspecified","sourceTags":{"natural":"water"},"sourceSurveyed":false},"geometry":{"type":"Polygon","coordinates":[[[126.871555,37.5743074],[126.8716755,37.5743245],[126.8717801,37.5742767],[126.8718118,37.5742992],[126.8716828,37.5743878],[126.8716119,37.5743731],[126.871538,37.5743524],[126.871555,37.5743074]]]}},{"type":"Feature","id":"way/246152698","properties":{"osmType":"way","osmId":246152698,"osmVersion":1,"osmTimestamp":"2013-11-14T15:29:38Z","sourceUrl":"https://www.openstreetmap.org/way/246152698","name":null,"waterType":"unspecified","sourceTags":{"natural":"water"},"sourceSurveyed":false},"geometry":{"type":"Polygon","coordinates":[[[126.8742641,37.574617],[126.8741902,37.574659],[126.8741355,37.5746667],[126.8740117,37.5746667],[126.8740262,37.5746208],[126.8740889,37.5745596],[126.8741709,37.5745444],[126.874248,37.5745647],[126.8742641,37.574617]]]}},{"type":"Feature","id":"way/248405787","properties":{"osmType":"way","osmId":248405787,"osmVersion":10,"osmTimestamp":"2022-08-31T14:12:33Z","sourceUrl":"https://www.openstreetmap.org/way/248405787","name":"반포천","waterType":"river","sourceTags":{"name":"반포천","natural":"water","water":"river"},"sourceSurveyed":false},"geometry":{"type":"Polygon","coordinates":[[[126.9938328,37.4989557],[126.9936864,37.4989525],[126.9921761,37.499392],[126.9918438,37.4994917],[126.9915647,37.4995525],[126.9912878,37.4995474],[126.9909299,37.4994528],[126.9899564,37.499179],[126.9883459,37.498672],[126.9881357,37.4986335],[126.9878769,37.4986133],[126.9875389,37.4986037],[126.9871353,37.498608],[126.9868389,37.4986771],[126.9866069,37.4987889],[126.9861388,37.4990942],[126.9855742,37.4996326],[126.9846523,37.5004096],[126.9840324,37.5008466],[126.9836859,37.5010785],[126.9831321,37.5013945],[126.9826246,37.5016484],[126.9817592,37.5019963],[126.9810775,37.5022481],[126.9803522,37.5025514],[126.9802105,37.5026714],[126.9798633,37.5031319],[126.9797695,37.5033145],[126.9793733,37.5040834],[126.9789608,37.5048762],[126.9786716,37.5053433],[126.9786682,37.5053661],[126.9786836,37.5053917],[126.9789297,37.5054938],[126.9789418,37.5055098],[126.9789478,37.5055278],[126.9789357,37.5057364],[126.978976,37.5058864],[126.9790243,37.5059885],[126.9791087,37.5060853],[126.979208,37.5061609],[126.9793998,37.5062502],[126.9779757,37.5063478],[126.9765285,37.50643],[126.9768052,37.5063525],[126.977062,37.5062532],[126.9776414,37.5059355],[126.9778571,37.5057677],[126.9779549,37.5056622],[126.9781807,37.5052566],[126.9782008,37.5052374],[126.9782256,37.5052278],[126.9783014,37.5052167],[126.9783323,37.5052097],[126.9783537,37.5051959],[126.9786595,37.5048055],[126.9791539,37.504009],[126.9796353,37.5032722],[126.9798143,37.5030863],[126.9801168,37.5026216],[126.9802787,37.5024729],[126.9810605,37.5021467],[126.9817059,37.5019152],[126.9825875,37.5015712],[126.9830159,37.5013656],[126.9833784,37.5011616],[126.9839822,37.5007916],[126.9845925,37.5003346],[126.9850557,37.4999213],[126.985432,37.4996031],[126.9859323,37.4991825],[126.9863775,37.498825],[126.986749,37.4986207],[126.9870226,37.498542],[126.9874303,37.4984963],[126.9878453,37.4984844],[126.9881518,37.4985473],[126.9883928,37.498574],[126.9900288,37.4990894],[126.990964,37.4993666],[126.9913176,37.499446],[126.9915647,37.4994511],[126.9918267,37.4994105],[126.9921484,37.499326],[126.9925255,37.4992077],[126.9936651,37.4988731],[126.9938361,37.4988352],[126.9940491,37.4988391],[126.9943332,37.4988902],[126.9950532,37.4990802],[126.9965296,37.499582],[126.9979069,37.5001244],[126.9999812,37.5009472],[127.0019695,37.5017529],[127.0019492,37.5017811],[127.0019167,37.5018263],[127.0011966,37.5015223],[126.9987513,37.5005326],[126.9969326,37.4998243],[126.9964768,37.4996409],[126.995007,37.4991653],[126.9943035,37.4989911],[126.9940227,37.4989596],[126.9938328,37.4989557]]]}},{"type":"Feature","id":"way/250367006","properties":{"osmType":"way","osmId":250367006,"osmVersion":5,"osmTimestamp":"2023-05-31T09:59:05Z","sourceUrl":"https://www.openstreetmap.org/way/250367006","name":"항동저수지","waterType":"reservoir","sourceTags":{"name":"항동저수지","natural":"water","water":"reservoir"},"sourceSurveyed":false},"geometry":{"type":"Polygon","coordinates":[[[126.8224031,37.4840226],[126.8224135,37.4839528],[126.8229923,37.482777],[126.8236687,37.4829996],[126.8239336,37.4830554],[126.8241946,37.4830918],[126.824334,37.4831761],[126.8244059,37.4832852],[126.8244495,37.483401],[126.8244568,37.4835056],[126.8244177,37.483608],[126.8243419,37.4837217],[126.8241259,37.4839445],[126.8240921,37.4840287],[126.8237913,37.4840861],[126.8233497,37.4841539],[126.8226988,37.4841994],[126.8225896,37.4841798],[126.8224832,37.4841328],[126.8224218,37.484078],[126.8224031,37.4840226]]]}},{"type":"Feature","id":"way/253472242","properties":{"osmType":"way","osmId":253472242,"osmVersion":1,"osmTimestamp":"2013-12-25T15:45:27Z","sourceUrl":"https://www.openstreetmap.org/way/253472242","name":"중앙호수","waterType":"lake","sourceTags":{"name":"중앙호수","natural":"water","water":"lake"},"sourceSurveyed":false},"geometry":{"type":"Polygon","coordinates":[[[126.8314811,37.5276073],[126.8312337,37.5277825],[126.8309245,37.5278806],[126.8308847,37.5279226],[126.8308052,37.5279717],[126.8306947,37.5279646],[126.8305666,37.5280663],[126.8303545,37.5281609],[126.8301204,37.5282029],[126.8298685,37.5282274],[126.8297051,37.5281468],[126.8297051,37.5280663],[126.8300585,37.5277509],[126.8303545,37.5277264],[126.8304296,37.5276949],[126.8308449,37.5271833],[126.8309377,37.5271062],[126.8310791,37.5269801],[126.8313442,37.52691],[126.8319097,37.5267874],[126.8320422,37.5267909],[126.8321439,37.526882],[126.8321527,37.5269871],[126.8321394,37.5271027],[126.8320687,37.5272113],[126.8319495,37.5273094],[126.8318258,37.5274005],[126.8314811,37.5276073]]]}},{"type":"Feature","id":"way/261331647","properties":{"osmType":"way","osmId":261331647,"osmVersion":8,"osmTimestamp":"2026-02-17T14:02:49Z","sourceUrl":"https://www.openstreetmap.org/way/261331647","name":"월영지","waterType":"lake","sourceTags":{"name":"월영지","natural":"water","water":"lake"},"sourceSurveyed":false},"geometry":{"type":"Polygon","coordinates":[[[127.0418888,37.6220116],[127.0418349,37.6219994],[127.0418168,37.6219739],[127.0418322,37.6218979],[127.0418523,37.6218055],[127.0418496,37.6217736],[127.0418295,37.6217269],[127.0418107,37.621695],[127.0418107,37.6216526],[127.0418563,37.6214996],[127.0418456,37.6214677],[127.0418,37.6213594],[127.0417477,37.6212765],[127.0417008,37.6211767],[127.0416914,37.6211278],[127.0417061,37.6210715],[127.0417276,37.6210258],[127.0417745,37.6209727],[127.0418305,37.6209498],[127.0419127,37.6209451],[127.0419947,37.6209461],[127.0420722,37.6209769],[127.0421577,37.621044],[127.0422048,37.6210431],[127.0422862,37.6211547],[127.042352,37.6211945],[127.0424165,37.6212335],[127.0425279,37.6212396],[127.0426793,37.6212391],[127.0427531,37.6213117],[127.0426128,37.6213987],[127.0425123,37.6216107],[127.0424633,37.6217283],[127.0424061,37.6218002],[127.0423698,37.6219162],[127.0422881,37.6219599],[127.0421142,37.6219062],[127.0420287,37.6219422],[127.0418888,37.6220116]]]}},{"type":"Feature","id":"way/278615339","properties":{"osmType":"way","osmId":278615339,"osmVersion":1,"osmTimestamp":"2014-05-01T17:23:31Z","sourceUrl":"https://www.openstreetmap.org/way/278615339","name":null,"waterType":"pond","sourceTags":{"natural":"water","water":"pond"},"sourceSurveyed":false},"geometry":{"type":"Polygon","coordinates":[[[126.9987693,37.5027604],[126.9988712,37.5025157],[126.9989409,37.5025072],[126.9989929,37.5025833],[126.9991408,37.5026053],[126.9992332,37.5026004],[126.9993138,37.5026668],[126.9992762,37.5027668],[126.999177,37.502803],[126.9991072,37.5028094],[126.999,37.50282],[126.9989141,37.5028455],[126.9988766,37.5028774],[126.9988632,37.50292],[126.9988229,37.5029413],[126.9987827,37.5029115],[126.9987827,37.5028647],[126.9987773,37.5027817],[126.9987693,37.5027604]]]}},{"type":"Feature","id":"way/278736795","properties":{"osmType":"way","osmId":278736795,"osmVersion":3,"osmTimestamp":"2017-02-04T06:40:32Z","sourceUrl":"https://www.openstreetmap.org/way/278736795","name":null,"waterType":"pond","sourceTags":{"natural":"water","water":"pond"},"sourceSurveyed":false},"geometry":{"type":"Polygon","coordinates":[[[126.7671587,37.4994182],[126.7672176,37.4994198],[126.7672746,37.4994359],[126.7673498,37.499423],[126.7674168,37.4993989],[126.7674961,37.4993892],[126.7675713,37.4994214],[126.7676059,37.499465],[126.7676079,37.4995134],[126.7675835,37.4995875],[126.7675896,37.4996214],[126.7676283,37.4996843],[126.7676404,37.4997407],[126.7676343,37.4997907],[126.7675002,37.4997553],[126.7675104,37.4997182],[126.7675002,37.4996827],[126.7674656,37.4996617],[126.7673965,37.4996569],[126.7673559,37.4996617],[126.7672969,37.4996907],[126.7672197,37.4997101],[126.7671737,37.4997062],[126.7671388,37.4996961],[126.7671164,37.4996888],[126.7670927,37.499674],[126.7670523,37.4996465],[126.7670281,37.4996196],[126.7670123,37.4995891],[126.7670155,37.4995432],[126.7670301,37.4995023],[126.7670461,37.499485],[126.7670916,37.4994488],[126.7671587,37.4994182]]]}},{"type":"Feature","id":"way/278736796","properties":{"osmType":"way","osmId":278736796,"osmVersion":2,"osmTimestamp":"2017-02-04T06:26:30Z","sourceUrl":"https://www.openstreetmap.org/way/278736796","name":null,"waterType":"pond","sourceTags":{"natural":"water","water":"pond"},"sourceSurveyed":false},"geometry":{"type":"Polygon","coordinates":[[[126.7672257,37.4998399],[126.7672817,37.4998196],[126.7673518,37.4998196],[126.767409,37.4998325],[126.7674463,37.4998297],[126.7674779,37.4998047],[126.7674895,37.4997918],[126.767625,37.4998223],[126.7676121,37.4998436],[126.7675853,37.4998668],[126.7675689,37.499889],[126.7675526,37.4999335],[126.7675608,37.4999881],[126.7676168,37.500027],[126.767681,37.5000354],[126.7677405,37.5000326],[126.7678059,37.5000687],[126.7678293,37.5000882],[126.7678445,37.5001817],[126.7678036,37.5001891],[126.7677945,37.5001833],[126.7677907,37.5001808],[126.7677709,37.5001836],[126.7677627,37.5001965],[126.7676997,37.5002049],[126.7676507,37.5001826],[126.7676086,37.5001725],[126.7675456,37.5001752],[126.7675094,37.5001789],[126.767479,37.5001706],[126.7674603,37.5001558],[126.7674545,37.5001391],[126.767444,37.5001345],[126.7674101,37.5001345],[126.7673856,37.500128],[126.7673529,37.50009],[126.7673273,37.500065],[126.7672957,37.500053],[126.7672409,37.50004],[126.767193,37.5000113],[126.7671755,37.4999826],[126.767165,37.499939],[126.7671731,37.499902],[126.7671953,37.4998668],[126.7672257,37.4998399]]]}},{"type":"Feature","id":"way/278736798","properties":{"osmType":"way","osmId":278736798,"osmVersion":3,"osmTimestamp":"2017-02-04T06:40:32Z","sourceUrl":"https://www.openstreetmap.org/way/278736798","name":null,"waterType":"pond","sourceTags":{"natural":"water","water":"pond"},"sourceSurveyed":false},"geometry":{"type":"Polygon","coordinates":[[[126.7677856,37.5004142],[126.7677389,37.500367],[126.7677938,37.5003587],[126.7678043,37.5003661],[126.7678183,37.5003633],[126.7678276,37.5003531],[126.7678802,37.5003448],[126.7678872,37.5003883],[126.7678872,37.5004374],[126.7678708,37.5004837],[126.7678463,37.5005291],[126.767809,37.5005606],[126.7677529,37.5005948],[126.7677132,37.5006171],[126.7676817,37.5006421],[126.767663,37.5006726],[126.7676598,37.5006797],[126.7676478,37.5007069],[126.7676537,37.5007486],[126.7676513,37.5008023],[126.7676467,37.500844],[126.7674529,37.5007913],[126.7674899,37.5007606],[126.7675123,37.5007216],[126.7675159,37.5007115],[126.7675188,37.5007048],[126.7675439,37.5006458],[126.7675638,37.5006032],[126.7676175,37.5005865],[126.7676794,37.5005624],[126.7677332,37.5005215],[126.7677617,37.5004855],[126.7677856,37.5004142]]]}},{"type":"Feature","id":"way/278736799","properties":{"osmType":"way","osmId":278736799,"osmVersion":2,"osmTimestamp":"2017-02-04T06:26:30Z","sourceUrl":"https://www.openstreetmap.org/way/278736799","name":null,"waterType":"pond","sourceTags":{"natural":"water","water":"pond"},"sourceSurveyed":false},"geometry":{"type":"Polygon","coordinates":[[[126.7672914,37.5002583],[126.7672776,37.50026],[126.7672834,37.5002119],[126.7673138,37.5001869],[126.7673523,37.5001609],[126.7673803,37.5001433],[126.7673815,37.500248],[126.767364,37.5002499],[126.76735,37.5002397],[126.7673395,37.5002415],[126.767329,37.5002536],[126.7672914,37.5002583]]]}},{"type":"Feature","id":"way/278736800","properties":{"osmType":"way","osmId":278736800,"osmVersion":3,"osmTimestamp":"2017-02-04T06:40:32Z","sourceUrl":"https://www.openstreetmap.org/way/278736800","name":null,"waterType":"pond","sourceTags":{"natural":"water","water":"pond"},"sourceSurveyed":false},"geometry":{"type":"Polygon","coordinates":[[[126.7673137,37.5004532],[126.7673238,37.5004212],[126.7673687,37.5004157],[126.7673803,37.500424],[126.7673955,37.5004258],[126.7674025,37.5004194],[126.7674084,37.500412],[126.7674504,37.5004073],[126.7674551,37.5004203],[126.7674632,37.5004249],[126.7674959,37.5004351],[126.7675123,37.5004462],[126.7675344,37.5004823],[126.7675344,37.5005129],[126.7674912,37.50055],[126.7674772,37.5005666],[126.7674691,37.5005972],[126.7674772,37.5006352],[126.7674819,37.5006722],[126.7675018,37.5006972],[126.7675188,37.5007048],[126.7675123,37.5007216],[126.7674831,37.500712],[126.7674524,37.5007002],[126.7674345,37.5006834],[126.7674224,37.5006686],[126.7674053,37.500676],[126.7673711,37.5006574],[126.7673475,37.5006245],[126.7673245,37.500581],[126.7673113,37.5005495],[126.7673082,37.5005012],[126.7673137,37.5004532]]]}},{"type":"Feature","id":"way/286268871","properties":{"osmType":"way","osmId":286268871,"osmVersion":6,"osmTimestamp":"2019-06-23T09:17:00Z","sourceUrl":"https://www.openstreetmap.org/way/286268871","name":"선동호","waterType":"lake","sourceTags":{"name":"선동호","name:en":"Seondong-ho(Lake)","natural":"water","water":"lake"},"sourceSurveyed":false},"geometry":{"type":"Polygon","coordinates":[[[127.0499019,37.5953915],[127.049768,37.5953035],[127.0498583,37.5951022],[127.0499717,37.5949488],[127.0500828,37.5949282],[127.0502027,37.5950022],[127.0502109,37.5951723],[127.0502061,37.5951844],[127.0502549,37.5952621],[127.0501461,37.5953285],[127.0500503,37.5953373],[127.0500048,37.5953824],[127.0499575,37.5953938],[127.0499019,37.5953915]]]}},{"type":"Feature","id":"way/293854478","properties":{"osmType":"way","osmId":293854478,"osmVersion":2,"osmTimestamp":"2022-01-02T19:13:06Z","sourceUrl":"https://www.openstreetmap.org/way/293854478","name":"용암천","waterType":"river","sourceTags":{"name":"용암천","natural":"water","water":"river"},"sourceSurveyed":false},"geometry":{"type":"Polygon","coordinates":[[[127.1255824,37.6999093],[127.1254483,37.6998541],[127.1258399,37.6994467],[127.1263656,37.6988779],[127.1266016,37.6980247],[127.1268323,37.6974687],[127.1269771,37.697248],[127.1277067,37.696815],[127.1280554,37.6967726],[127.1283719,37.6968575],[127.1284041,37.6969721],[127.1293857,37.6970867],[127.129595,37.6971334],[127.1299973,37.6969424],[127.1301797,37.6964882],[127.1301368,37.6960595],[127.1304157,37.6951426],[127.1306786,37.6945611],[127.1307376,37.6942258],[127.1308556,37.69378],[127.1309629,37.6934532],[127.1312365,37.6929268],[127.1317461,37.691925],[127.1319714,37.6916661],[127.1321162,37.6912374],[127.1322611,37.690503],[127.1323415,37.6900275],[127.1326419,37.6894714],[127.1330818,37.6888517],[127.1331408,37.6888984],[127.1326902,37.6895012],[127.1323952,37.6900445],[127.1323791,37.6904393],[127.1322074,37.6913053],[127.1320465,37.6916831],[127.1318426,37.6919632],[127.1317032,37.6922986],[127.1314135,37.6927486],[127.1312096,37.69319],[127.1310058,37.6935508],[127.1308502,37.6942088],[127.1307644,37.6945866],[127.1305605,37.6950323],[127.1303674,37.6954737],[127.1302655,37.695843],[127.1301797,37.6961359],[127.1302119,37.6965858],[127.1300992,37.6968872],[127.1299597,37.6970018],[127.1296701,37.6971461],[127.1294394,37.6971546],[127.128683,37.6970697],[127.1283075,37.6970273],[127.1281734,37.6968702],[127.1278622,37.6968914],[127.1273794,37.6971037],[127.1269718,37.6973965],[127.1267089,37.6979908],[127.1265855,37.6984619],[127.126446,37.6989161],[127.1261939,37.6991708],[127.1260866,37.6993321],[127.1259364,37.6994594],[127.1255824,37.6999093]]]}},{"type":"Feature","id":"way/294783384","properties":{"osmType":"way","osmId":294783384,"osmVersion":5,"osmTimestamp":"2025-10-04T07:33:29Z","sourceUrl":"https://www.openstreetmap.org/way/294783384","name":"이문저수지","waterType":"pond","sourceTags":{"name":"이문저수지","name:ko":"이문저수지","natural":"water","water":"pond"},"sourceSurveyed":false},"geometry":{"type":"Polygon","coordinates":[[[127.1318735,37.595152],[127.1316777,37.5949417],[127.1315918,37.5948142],[127.131603,37.594378],[127.1316272,37.5943121],[127.1317589,37.5942337],[127.1323185,37.5939787],[127.1324892,37.5939189],[127.1326178,37.59398],[127.1326836,37.5941043],[127.1326366,37.5946165],[127.1325012,37.5947546],[127.1322329,37.5949842],[127.1320666,37.5951797],[127.1319648,37.595185],[127.1318735,37.595152]]]}},{"type":"Feature","id":"way/298747157","properties":{"osmType":"way","osmId":298747157,"osmVersion":2,"osmTimestamp":"2020-02-13T12:46:42Z","sourceUrl":"https://www.openstreetmap.org/way/298747157","name":"안터저수지","waterType":"lake","sourceTags":{"name":"안터저수지","name:en":"Anteo reservoir","name:ko":"안터저수지","natural":"water","water":"lake"},"sourceSurveyed":false},"geometry":{"type":"Polygon","coordinates":[[[126.8698339,37.4589406],[126.8696691,37.458992],[126.8695985,37.4589499],[126.8695338,37.4588659],[126.8695397,37.4587117],[126.869575,37.4585903],[126.8696809,37.4584455],[126.8698162,37.4583007],[126.8699575,37.4581513],[126.8700751,37.4580392],[126.8702987,37.4580438],[126.8703811,37.4580719],[126.8705223,37.4581419],[126.8706694,37.4582307],[126.8707577,37.4582914],[126.870793,37.4583428],[126.87074,37.4584922],[126.8707106,37.4586137],[126.8706812,37.4587024],[126.8704929,37.4589219],[126.8704046,37.4590387],[126.8703458,37.4590854],[126.8702281,37.4591648],[126.8701634,37.4591788],[126.8701399,37.4592162],[126.870081,37.4592488],[126.8699692,37.4592302],[126.8699339,37.4591554],[126.8699633,37.4591087],[126.8700281,37.4590807],[126.8700575,37.4589966],[126.8701399,37.4588892],[126.8701869,37.4588425],[126.8701752,37.4587444],[126.8702222,37.4586463],[126.8703105,37.4585763],[126.8703634,37.4584969],[126.870334,37.4584315],[126.8702516,37.4584268],[126.8701575,37.4584735],[126.8700928,37.4585669],[126.8700163,37.4586697],[126.8699398,37.4587538],[126.869881,37.4588472],[126.8698339,37.4589406]]]}},{"type":"Feature","id":"way/301150700","properties":{"osmType":"way","osmId":301150700,"osmVersion":5,"osmTimestamp":"2019-08-13T22:28:37Z","sourceUrl":"https://www.openstreetmap.org/way/301150700","name":"난지연못","waterType":"pond","sourceTags":{"name":"난지연못","name:en":"Nanji Pond","natural":"water","water":"pond"},"sourceSurveyed":false},"geometry":{"type":"Polygon","coordinates":[[[126.8934927,37.5633422],[126.8934412,37.5632946],[126.8934841,37.5632401],[126.893467,37.5631585],[126.8933211,37.5630837],[126.8932772,37.5630837],[126.8929623,37.5632366],[126.892825,37.563257],[126.8926448,37.5633522],[126.8924989,37.5634543],[126.8924302,37.5635427],[126.8922843,37.5635971],[126.8921641,37.563638],[126.8920869,37.5636584],[126.8919495,37.5639101],[126.8919498,37.5640452],[126.8920525,37.5642567],[126.892147,37.5643387],[126.8922982,37.56439],[126.892497,37.5645466],[126.8926712,37.564716],[126.892747,37.5648327],[126.8928113,37.5649533],[126.8927609,37.5649955],[126.8927256,37.5649449],[126.8926493,37.5647917],[126.8924302,37.5645496],[126.89225,37.5644272],[126.8920783,37.5643796],[126.8920096,37.5642979],[126.8919701,37.5642017],[126.8918723,37.5641278],[126.8918465,37.5640598],[126.8919238,37.563774],[126.892044,37.5635835],[126.8922585,37.5634611],[126.8928422,37.5631209],[126.8930976,37.5630027],[126.8932181,37.562968],[126.8933039,37.5628727],[126.8935528,37.5630224],[126.8936558,37.5631313],[126.8936987,37.5632265],[126.8939734,37.5633898],[126.8942051,37.563417],[126.8943854,37.5635191],[126.8945141,37.5635055],[126.8948059,37.5631993],[126.8950205,37.5631517],[126.895175,37.5630973],[126.8955784,37.5630496],[126.8957587,37.5629408],[126.8959732,37.562934],[126.8962994,37.5629952],[126.8964367,37.5630905],[126.8966084,37.5631177],[126.8967972,37.5630496],[126.8969088,37.5630224],[126.8968659,37.5631177],[126.8969088,37.5631857],[126.8970118,37.5631857],[126.8965826,37.5635667],[126.896205,37.5637504],[126.8960505,37.5637164],[126.8958617,37.563696],[126.8956986,37.5637164],[126.8955441,37.5637572],[126.8954153,37.5638321],[126.8953038,37.5639137],[126.895278,37.5639545],[126.8948231,37.5639341],[126.8944626,37.5638525],[126.894042,37.5637028],[126.8937502,37.5635191],[126.8934927,37.5633422]]]}},{"type":"Feature","id":"way/304260845","properties":{"osmType":"way","osmId":304260845,"osmVersion":3,"osmTimestamp":"2022-04-09T06:32:29Z","sourceUrl":"https://www.openstreetmap.org/way/304260845","name":null,"waterType":"now empty","sourceTags":{"natural":"water","water":"now empty"},"sourceSurveyed":false},"geometry":{"type":"Polygon","coordinates":[[[126.9819567,37.5540272],[126.9819296,37.5540108],[126.9819103,37.5539885],[126.9819006,37.5539626],[126.9819014,37.5539356],[126.9819128,37.55391],[126.9819335,37.5538886],[126.9819616,37.5538732],[126.9819943,37.5538655],[126.9820284,37.5538662],[126.9820606,37.5538752],[126.9820877,37.5538916],[126.982107,37.5539139],[126.9821167,37.5539398],[126.9821159,37.5539668],[126.9821045,37.5539924],[126.9820838,37.5540138],[126.9820557,37.5540292],[126.982023,37.5540369],[126.9819889,37.5540362],[126.9819567,37.5540272]]]}},{"type":"Feature","id":"way/314062561","properties":{"osmType":"way","osmId":314062561,"osmVersion":1,"osmTimestamp":"2014-11-23T04:27:20Z","sourceUrl":"https://www.openstreetmap.org/way/314062561","name":null,"waterType":"unspecified","sourceTags":{"natural":"water"},"sourceSurveyed":false},"geometry":{"type":"Polygon","coordinates":[[[127.1441011,37.6438939],[127.1435121,37.6438499],[127.143268,37.6438075],[127.1432465,37.6432765],[127.1434665,37.6432595],[127.1435657,37.6432595],[127.1439841,37.6434252],[127.1440995,37.643491],[127.144188,37.6435738],[127.1442379,37.6437643],[127.1441719,37.6438648],[127.1441011,37.6438939]]]}},{"type":"Feature","id":"way/314992659","properties":{"osmType":"way","osmId":314992659,"osmVersion":2,"osmTimestamp":"2020-06-27T13:23:28Z","sourceUrl":"https://www.openstreetmap.org/way/314992659","name":null,"waterType":"river","sourceTags":{"natural":"water","water":"river"},"sourceSurveyed":false},"geometry":{"type":"Polygon","coordinates":[[[126.86951,37.4956101],[126.8694431,37.4957825],[126.8674948,37.4949109],[126.867203,37.4947406],[126.8670742,37.4945363],[126.8671118,37.49402],[126.867402,37.4940535],[126.8677178,37.4940908],[126.8676579,37.4944478],[126.8677179,37.4946317],[126.8679497,37.4947611],[126.8685162,37.4950947],[126.8688252,37.4952309],[126.8694946,37.4954557],[126.8695805,37.4954284],[126.86951,37.4956101]]]}},{"type":"Feature","id":"way/331758350","properties":{"osmType":"way","osmId":331758350,"osmVersion":12,"osmTimestamp":"2026-04-02T00:47:36Z","sourceUrl":"https://www.openstreetmap.org/way/331758350","name":null,"waterType":"river","sourceTags":{"natural":"water","water":"river"},"sourceSurveyed":false},"geometry":{"type":"Polygon","coordinates":[[[126.9032845,37.5634377],[126.8998011,37.5623546],[126.8992767,37.5620851],[126.8986693,37.5617483],[126.8983652,37.5616425],[126.8979498,37.5615678],[126.8975357,37.5613908],[126.8967926,37.56102],[126.8947423,37.5601548],[126.8933937,37.559564],[126.8921267,37.5589707],[126.8916862,37.5586964],[126.8911967,37.5584978],[126.8907277,37.558412],[126.8903077,37.5584184],[126.8898971,37.5584706],[126.8909414,37.5577024],[126.8920107,37.5569482],[126.8918606,37.5574174],[126.8919071,37.5578876],[126.89211,37.5583003],[126.8925274,37.5586556],[126.8933508,37.5591898],[126.8940823,37.5596072],[126.89603,37.5605107],[126.8969056,37.5609313],[126.8981012,37.5614667],[126.8986666,37.5615802],[126.8993708,37.5619172],[126.9011085,37.5626219],[126.9034647,37.5632637],[126.9032845,37.5634377]]]}},{"type":"Feature","id":"way/333173471","properties":{"osmType":"way","osmId":333173471,"osmVersion":3,"osmTimestamp":"2020-09-04T09:42:52Z","sourceUrl":"https://www.openstreetmap.org/way/333173471","name":null,"waterType":"pond","sourceTags":{"natural":"water","water":"pond"},"sourceSurveyed":false},"geometry":{"type":"Polygon","coordinates":[[[127.020662,37.430325],[127.0203194,37.4302037],[127.0203559,37.4301319],[127.0203695,37.430105],[127.0203859,37.4300728],[127.020402,37.4300412],[127.0204381,37.42997],[127.0207182,37.4302294],[127.020662,37.430325]]]}},{"type":"Feature","id":"way/333173472","properties":{"osmType":"way","osmId":333173472,"osmVersion":2,"osmTimestamp":"2020-09-04T09:42:52Z","sourceUrl":"https://www.openstreetmap.org/way/333173472","name":null,"waterType":"pond","sourceTags":{"natural":"water","water":"pond"},"sourceSurveyed":false},"geometry":{"type":"Polygon","coordinates":[[[127.0201586,37.4301098],[127.0195532,37.4298995],[127.0197653,37.429503],[127.020288,37.4298693],[127.0202442,37.4299507],[127.0202295,37.429978],[127.0202121,37.4300104],[127.0201958,37.4300407],[127.0201586,37.4301098]]]}},{"type":"Feature","id":"way/333173474","properties":{"osmType":"way","osmId":333173474,"osmVersion":2,"osmTimestamp":"2015-11-30T13:31:49Z","sourceUrl":"https://www.openstreetmap.org/way/333173474","name":null,"waterType":"unspecified","sourceTags":{"natural":"water"},"sourceSurveyed":false},"geometry":{"type":"Polygon","coordinates":[[[127.0250046,37.4351634],[127.0249183,37.4352683],[127.024707,37.4355075],[127.0245764,37.4355462],[127.0244215,37.4355324],[127.0240716,37.4353749],[127.024049,37.4353431],[127.0240577,37.4352947],[127.0239882,37.4351626],[127.024277,37.4349464],[127.0250046,37.4351634]]]}},{"type":"Feature","id":"way/369953105","properties":{"osmType":"way","osmId":369953105,"osmVersion":2,"osmTimestamp":"2019-03-22T14:45:52Z","sourceUrl":"https://www.openstreetmap.org/way/369953105","name":"관어지","waterType":"pond","sourceTags":{"name":"관어지","name:en":"Gwaneoji Pond","name:ko":"관어지","natural":"water","water":"pond"},"sourceSurveyed":false},"geometry":{"type":"Polygon","coordinates":[[[126.9932945,37.5578496],[126.9931812,37.5579132],[126.9931199,37.5578446],[126.9932331,37.557781],[126.9932945,37.5578496]]]}},{"type":"Feature","id":"way/370027259","properties":{"osmType":"way","osmId":370027259,"osmVersion":3,"osmTimestamp":"2015-10-28T12:38:44Z","sourceUrl":"https://www.openstreetmap.org/way/370027259","name":null,"waterType":"fountain","sourceTags":{"natural":"water","water":"fountain"},"sourceSurveyed":false},"geometry":{"type":"Polygon","coordinates":[[[126.9786459,37.5692095],[126.9785566,37.5692158],[126.9785447,37.5691088],[126.978634,37.5691025],[126.9786459,37.5692095]]]}},{"type":"Feature","id":"way/377289796","properties":{"osmType":"way","osmId":377289796,"osmVersion":1,"osmTimestamp":"2015-10-28T12:38:38Z","sourceUrl":"https://www.openstreetmap.org/way/377289796","name":null,"waterType":"fountain","sourceTags":{"natural":"water","water":"fountain"},"sourceSurveyed":false},"geometry":{"type":"Polygon","coordinates":[[[126.9741797,37.5659451],[126.9741538,37.5659446],[126.9741548,37.5659096],[126.9741421,37.5659094],[126.9741435,37.5658569],[126.9741563,37.5658571],[126.9741569,37.5658353],[126.9741832,37.5658358],[126.9741897,37.5658187],[126.974206,37.5658065],[126.9742278,37.5658024],[126.9742493,37.5658073],[126.9742649,37.5658201],[126.9742705,37.5658373],[126.9742946,37.5658377],[126.974294,37.5658596],[126.9743034,37.5658598],[126.9743019,37.5659122],[126.9742925,37.5659121],[126.9742915,37.5659471],[126.974267,37.5659467],[126.9742576,37.565961],[126.9742417,37.565971],[126.9742219,37.5659744],[126.9742023,37.5659705],[126.9741869,37.5659601],[126.9741797,37.5659451]]]}},{"type":"Feature","id":"way/378466667","properties":{"osmType":"way","osmId":378466667,"osmVersion":3,"osmTimestamp":"2021-07-24T04:29:50Z","sourceUrl":"https://www.openstreetmap.org/way/378466667","name":null,"waterType":"unspecified","sourceTags":{"natural":"water"},"sourceSurveyed":false},"geometry":{"type":"Polygon","coordinates":[[[126.9780114,37.5360362],[126.9781682,37.5360401],[126.9781477,37.5363886],[126.9781311,37.536313],[126.9781038,37.5362779],[126.9780693,37.5362365],[126.9780384,37.5362131],[126.9780063,37.5361986],[126.9780099,37.5360831],[126.9780114,37.5360362]]]}},{"type":"Feature","id":"way/381053770","properties":{"osmType":"way","osmId":381053770,"osmVersion":3,"osmTimestamp":"2026-07-05T13:36:11Z","sourceUrl":"https://www.openstreetmap.org/way/381053770","name":"삼육대학교 제명호","waterType":"lake","sourceTags":{"name":"삼육대학교 제명호","natural":"water","water":"lake"},"sourceSurveyed":false},"geometry":{"type":"Polygon","coordinates":[[[127.0996523,37.6411365],[127.099571,37.6415255],[127.0991075,37.6415035],[127.0987497,37.6414198],[127.098831,37.641188],[127.0986684,37.6409369],[127.0988636,37.6408339],[127.0991319,37.6408145],[127.0996523,37.6411365]]]}},{"type":"Feature","id":"way/381058448","properties":{"osmType":"way","osmId":381058448,"osmVersion":1,"osmTimestamp":"2015-11-18T18:47:25Z","sourceUrl":"https://www.openstreetmap.org/way/381058448","name":null,"waterType":"unspecified","sourceTags":{"natural":"water"},"sourceSurveyed":false},"geometry":{"type":"Polygon","coordinates":[[[127.1019318,37.6320061],[127.101864,37.6318597],[127.1017654,37.6318256],[127.1015744,37.6317329],[127.1012971,37.6317085],[127.1010506,37.6314791],[127.100798,37.6311668],[127.1006809,37.6309862],[127.1006686,37.6308398],[127.1008165,37.6307519],[127.1010876,37.6307373],[127.10118,37.6307129],[127.1014573,37.6306202],[127.101636,37.6305958],[127.1018147,37.6306446],[127.1018517,37.6307715],[127.1019901,37.6309989],[127.1020427,37.6310984],[127.1022029,37.6311863],[127.1024124,37.6312741],[127.1025542,37.6314596],[127.1024433,37.6317231],[127.1024926,37.6318744],[127.1021906,37.6320452],[127.1019318,37.6320061]]]}},{"type":"Feature","id":"way/382079354","properties":{"osmType":"way","osmId":382079354,"osmVersion":1,"osmTimestamp":"2015-11-22T21:12:31Z","sourceUrl":"https://www.openstreetmap.org/way/382079354","name":null,"waterType":"pond","sourceTags":{"natural":"water","water":"pond"},"sourceSurveyed":false},"geometry":{"type":"Polygon","coordinates":[[[126.9822371,37.5223248],[126.9821867,37.5223336],[126.9821285,37.5223311],[126.9820812,37.5222973],[126.9820245,37.5222599],[126.9819993,37.5221949],[126.9820544,37.5221487],[126.9821159,37.5221187],[126.9821883,37.522145],[126.9822623,37.5221999],[126.9823048,37.5222224],[126.9823064,37.5222399],[126.9823001,37.5222948],[126.9822796,37.5223173],[126.9822371,37.5223248]]]}},{"type":"Feature","id":"way/382079358","properties":{"osmType":"way","osmId":382079358,"osmVersion":3,"osmTimestamp":"2019-03-29T14:20:12Z","sourceUrl":"https://www.openstreetmap.org/way/382079358","name":"나들못","waterType":"pond","sourceTags":{"name":"나들못","name:en":"Nadeulmot Pond","name:ko":"나들못","natural":"water","water":"pond"},"sourceSurveyed":false},"geometry":{"type":"Polygon","coordinates":[[[126.9788261,37.5215467],[126.9792819,37.5214055],[126.9793298,37.5214153],[126.9793699,37.5214392],[126.9793961,37.5214731],[126.9794047,37.5215084],[126.979398,37.5215439],[126.979377,37.521576],[126.9787686,37.5217646],[126.9787326,37.5216916],[126.9783875,37.5217985],[126.9782417,37.5215026],[126.9785869,37.5213956],[126.9786831,37.521591],[126.9788261,37.5215467]]]}},{"type":"Feature","id":"way/382946998","properties":{"osmType":"way","osmId":382946998,"osmVersion":5,"osmTimestamp":"2020-02-17T06:05:41Z","sourceUrl":"https://www.openstreetmap.org/way/382946998","name":null,"waterType":"pond","sourceTags":{"natural":"water","water":"pond"},"sourceSurveyed":false},"geometry":{"type":"Polygon","coordinates":[[[126.9810909,37.5614665],[126.9810564,37.5614822],[126.9810172,37.5614877],[126.9809779,37.5614826],[126.9809431,37.5614673],[126.9809182,37.5614454],[126.9809032,37.5614185],[126.9808996,37.5613893],[126.9809077,37.5613606],[126.9809268,37.5613353],[126.9809548,37.5613161],[126.9809891,37.5613047],[126.9810261,37.5613025],[126.9810621,37.5613095],[126.9810956,37.5613266],[126.9811199,37.5613516],[126.9811322,37.5613816],[126.9811312,37.5614131],[126.9811169,37.5614426],[126.9810909,37.5614665]]]}},{"type":"Feature","id":"way/383097706","properties":{"osmType":"way","osmId":383097706,"osmVersion":1,"osmTimestamp":"2015-11-27T17:08:43Z","sourceUrl":"https://www.openstreetmap.org/way/383097706","name":null,"waterType":"pond","sourceTags":{"natural":"water","water":"pond"},"sourceSurveyed":false},"geometry":{"type":"Polygon","coordinates":[[[126.9847912,37.5554647],[126.9847568,37.5554705],[126.9847445,37.5554588],[126.9847379,37.5554329],[126.9847437,37.5554075],[126.9847674,37.5553946],[126.9847969,37.5553913],[126.984828,37.5553952],[126.9848444,37.5554069],[126.9848469,37.5554374],[126.9848469,37.5554621],[126.9848215,37.5554647],[126.9847912,37.5554647]]]}},{"type":"Feature","id":"way/383310884","properties":{"osmType":"way","osmId":383310884,"osmVersion":6,"osmTimestamp":"2022-09-28T15:06:34Z","sourceUrl":"https://www.openstreetmap.org/way/383310884","name":"목감천","waterType":"river","sourceTags":{"name":"목감천","natural":"water","water":"river"},"sourceSurveyed":false},"geometry":{"type":"Polygon","coordinates":[[[126.8677423,37.4938419],[126.8677178,37.4940908],[126.867402,37.4940535],[126.8671118,37.49402],[126.8671672,37.49351],[126.8667032,37.4931609],[126.8667246,37.4930396],[126.8666173,37.4929269],[126.866215,37.4925438],[126.8656893,37.4921054],[126.8654184,37.4918521],[126.8649973,37.491535],[126.8643509,37.4911818],[126.8640397,37.4910988],[126.8638824,37.4910742],[126.8636186,37.4910328],[126.8632592,37.4909838],[126.862712,37.4908774],[126.8624706,37.4907817],[126.8620763,37.4905986],[126.8616391,37.4903305],[126.8613977,37.4900879],[126.8610625,37.4897197],[126.8608854,37.4895175],[126.8606709,37.4892749],[126.8603571,37.4889195],[126.8601157,37.48863],[126.8598769,37.4883278],[126.8596302,37.4880724],[126.8591206,37.4874658],[126.8588497,37.4871679],[126.8585653,37.4868976],[126.8583025,37.4866145],[126.8581013,37.4863017],[126.8578063,37.4860143],[126.8575515,37.485876],[126.8572091,37.4858358],[126.856846,37.485776],[126.8563686,37.4857781],[126.8559609,37.4857121],[126.8555908,37.4855801],[126.8553547,37.4854652],[126.8551187,37.4852673],[126.854998,37.4851268],[126.8548639,37.4849672],[126.8546788,37.4846117],[126.8545528,37.4842797],[126.8543248,37.4838753],[126.854196,37.483605],[126.8540431,37.4833368],[126.8538822,37.4830091],[126.8537588,37.4828537],[126.8536059,37.4827026],[126.8532814,37.4824344],[126.8530024,37.4822173],[126.8527288,37.4820364],[126.8524043,37.4818512],[126.8521799,37.4817107],[126.8518608,37.4816274],[126.8508084,37.4815766],[126.8503685,37.4816234],[126.8497033,37.4817937],[126.8490354,37.4819853],[126.8486197,37.4821066],[126.8482683,37.4821577],[126.8478365,37.4821513],[126.8473564,37.4820662],[126.8470238,37.481947],[126.8467261,37.4818022],[126.8464283,37.481534],[126.8461521,37.4812063],[126.8460609,37.4810275],[126.8459375,37.4805996],[126.8458919,37.480225],[126.8458919,37.4797929],[126.8458222,37.478933],[126.8457632,37.47822],[126.8456961,37.4775133],[126.8456022,37.4767661],[126.8455352,37.4762361],[126.8454681,37.475721],[126.8454467,37.4755166],[126.8453796,37.4750973],[126.8452509,37.4742629],[126.8451194,37.4734476],[126.8450631,37.4727515],[126.8450095,37.4716701],[126.8449129,37.4712401],[126.844642,37.4703013],[126.8444516,37.4697648],[126.8442477,37.4695264],[126.8436254,37.4688835],[126.8420063,37.4671818],[126.8418052,37.4668237],[126.8417693,37.4664438],[126.8417801,37.4658222],[126.8417805,37.4658055],[126.8417827,37.4657061],[126.8417881,37.4654709],[126.8418498,37.4653134],[126.8418927,37.4651494],[126.8419759,37.4648897],[126.8420993,37.4644299],[126.8422602,37.4639998],[126.8425499,37.4631184],[126.8425016,37.4624159],[126.8424828,37.4621348],[126.8423648,37.4617835],[126.8418364,37.4603592],[126.8417559,37.4601335],[126.8416433,37.4597758],[126.8414743,37.4593202],[126.8414167,37.4591552],[126.8411497,37.4586964],[126.8408332,37.4584665],[126.8406965,37.458344],[126.8405946,37.4582663],[126.8403424,37.4581236],[126.839983,37.4579086],[126.8395994,37.4576276],[126.8393929,37.457421],[126.8392856,37.4572698],[126.8391462,37.457025],[126.8390013,37.4567227],[126.8388806,37.4563735],[126.8385963,37.4555793],[126.8386231,37.4551045],[126.8385453,37.4547382],[126.8382771,37.4542357],[126.8382208,37.453927],[126.8380652,37.4534373],[126.8379418,37.4533393],[126.8378882,37.4531732],[126.837805,37.4530157],[126.8377514,37.4527921],[126.8378131,37.4525813],[126.8379096,37.4523641],[126.8379499,37.4522342],[126.838025,37.4519681],[126.8380116,37.4515912],[126.8381054,37.4509652],[126.8382235,37.4507607],[126.8382959,37.4505521],[126.8383334,37.4502838],[126.8384139,37.4498451],[126.8385373,37.4495087],[126.8386446,37.4490423],[126.8388189,37.4486378],[126.8387894,37.4483609],[126.8387814,37.4482438],[126.8387653,37.4480926],[126.8387733,37.4480011],[126.8387465,37.4478733],[126.8386902,37.4477115],[126.8386526,37.4475432],[126.838599,37.4474708],[126.8385614,37.4472685],[126.8385641,37.447128],[126.8385131,37.446947],[126.8385292,37.4467617],[126.838497,37.4465317],[126.8384354,37.4463699],[126.8383147,37.4459036],[126.8383361,37.4456565],[126.8382503,37.4455011],[126.8382503,37.4453605],[126.8382074,37.4451838],[126.8381805,37.4450326],[126.8380947,37.4446897],[126.8379633,37.4442894],[126.8379687,37.4439678],[126.8380089,37.4437975],[126.8380384,37.443576],[126.8379713,37.4433971],[126.8379365,37.4432012],[126.8379311,37.4428967],[126.8379713,37.4425432],[126.8379391,37.4421875],[126.8378721,37.4415572],[126.8378453,37.4411014],[126.8377997,37.4408948],[126.8377541,37.4400856],[126.8377326,37.4399642],[126.8377809,37.4398982],[126.8378077,37.4396149],[126.8378158,37.43937],[126.8377407,37.4392422],[126.8376924,37.4390846],[126.8377085,37.4389846],[126.8377541,37.4389398],[126.8377487,37.4388717],[126.8377112,37.4386417],[126.8376602,37.4385075],[126.8376334,37.4382456],[126.8376709,37.4379879],[126.8377675,37.4377238],[126.8379123,37.4374852],[126.8381671,37.437317],[126.8389235,37.4368761],[126.8395056,37.4365652],[126.8399589,37.4363352],[126.8400661,37.4362223],[126.8404965,37.435973],[126.8409995,37.4357218],[126.8411578,37.4356132],[126.8412356,37.4355749],[126.8412946,37.4355067],[126.8413214,37.4354024],[126.8413026,37.4352149],[126.841308,37.435085],[126.8412356,37.43497],[126.841249,37.4348806],[126.8411819,37.4348145],[126.8411524,37.4346569],[126.8410961,37.4344674],[126.8410988,37.4343311],[126.8410237,37.4342182],[126.8409888,37.4340244],[126.8408976,37.4338263],[126.8408333,37.4336879],[126.8408493,37.4335941],[126.8407742,37.4333897],[126.8407045,37.4333066],[126.8406804,37.4332108],[126.8406723,37.4330425],[126.840616,37.4329318],[126.8405677,37.4328508],[126.8405087,37.4327443],[126.840506,37.4326102],[126.8404899,37.4324888],[126.8404148,37.4323098],[126.8402995,37.4322055],[126.8402458,37.4320649],[126.8401573,37.4316496],[126.8401922,37.4314196],[126.8403719,37.4310979],[126.8412302,37.4303993],[126.8416379,37.4301352],[126.8416352,37.4299968],[126.8416755,37.4298477],[126.8417908,37.4297071],[126.8419356,37.4295644],[126.8419517,37.4293961],[126.8419356,37.4292257],[126.8418364,37.4290915],[126.8418069,37.4286613],[126.84184542780102,37.4285424],[126.84192607898524,37.4285424],[126.8419234,37.4285952],[126.8418563,37.4287379],[126.8418939,37.4290937],[126.8420414,37.4291938],[126.8419931,37.4295537],[126.8418671,37.4297177],[126.8417383,37.4299116],[126.841792,37.4300606],[126.8414004,37.4304057],[126.8412931,37.4304057],[126.8410812,37.4305889],[126.8410999,37.4306592],[126.8407674,37.4309595],[126.8404616,37.4312151],[126.8402926,37.4314259],[126.8402926,37.4315409],[126.8403033,37.4317688],[126.840475,37.4321288],[126.8404723,37.4322757],[126.8405903,37.4324632],[126.8405742,37.4326314],[126.8407513,37.4332044],[126.8408612,37.4334663],[126.8410839,37.4341862],[126.8412233,37.4346505],[126.8413682,37.4351872],[126.8413333,37.4355557],[126.8412206,37.4356515],[126.8410061,37.4358049],[126.84077,37.4359603],[126.8404401,37.4360498],[126.8401773,37.4362649],[126.8399359,37.4364374],[126.8393646,37.4366972],[126.838812,37.4370358],[126.8382353,37.4373404],[126.8379323,37.4375917],[126.8378893,37.4377408],[126.8377311,37.4381156],[126.8377365,37.4383201],[126.8377579,37.4384777],[126.8377981,37.438631],[126.8378491,37.4387929],[126.8378572,37.4389377],[126.8378062,37.4390271],[126.8379215,37.4393295],[126.8379148,37.4399115],[126.8378652,37.4400898],[126.83801,37.4407734],[126.8379752,37.4410034],[126.8379386,37.4416289],[126.8380851,37.4426326],[126.8380369,37.4428157],[126.8380181,37.4432651],[126.8381415,37.443806],[126.8380261,37.4438826],[126.8380315,37.4442979],[126.8381737,37.4447749],[126.8383346,37.4454819],[126.8384124,37.4456267],[126.8383748,37.4457268],[126.8384043,37.445927],[126.8384446,37.4461378],[126.8385706,37.4464252],[126.838603,37.4467427],[126.8385733,37.4468788],[126.8387719,37.4474295],[126.8389201,37.4483566],[126.8387772,37.4490061],[126.8385411,37.4499643],[126.8385036,37.4501134],[126.8383936,37.450716],[126.8383082,37.4509627],[126.8382112,37.4511802],[126.8382193,37.4517831],[126.8380717,37.4523939],[126.8380959,37.4529454],[126.8383012,37.4536398],[126.8386538,37.454619],[126.8390105,37.4556133],[126.8392465,37.4563096],[126.839504,37.4570314],[126.8395872,37.457372],[126.8397749,37.4576275],[126.8403382,37.4579192],[126.8405689,37.4580108],[126.8406976,37.458147],[126.8408451,37.4582365],[126.840931,37.4583238],[126.8412126,37.458526],[126.8415264,37.4587581],[126.8428058,37.4621561],[126.8428246,37.4630141],[126.8426074,37.4638593],[126.8423874,37.4647151],[126.8421997,37.4653453],[126.8420897,37.4658307],[126.8419288,37.4662437],[126.8419448,37.4668525],[126.8420924,37.4670505],[126.8424169,37.467389],[126.8432484,37.4682257],[126.8438412,37.4688579],[126.8442569,37.469256],[126.8446941,37.4698563],[126.8448953,37.4705801],[126.8451662,37.4713954],[126.8452198,37.4725897],[126.8453513,37.4736838],[126.8455766,37.4752676],[126.8459682,37.4786733],[126.8460647,37.4802165],[126.8462042,37.4809359],[126.8463142,37.4811424],[126.8465797,37.4814063],[126.8469992,37.4817365],[126.8472368,37.4818639],[126.8475668,37.4819746],[126.8484572,37.4820193],[126.8490929,37.4818682],[126.8505038,37.4814638],[126.8520219,37.4815447],[126.8524752,37.4817681],[126.8530277,37.4821364],[126.8537841,37.4826876],[126.8539343,37.4828728],[126.8551359,37.4850842],[126.8556804,37.4854588],[126.8561123,37.4855823],[126.8568526,37.4856397],[126.8574665,37.4857209],[126.8578367,37.4858944],[126.8588854,37.4870096],[126.8597547,37.4880405],[126.8609751,37.4894047],[126.861423,37.4899261],[126.8617449,37.4902198],[126.8620829,37.490456],[126.8627829,37.4907561],[126.8632187,37.490829],[126.8639216,37.4909388],[126.8643949,37.4910455],[126.8647275,37.4912115],[126.8655858,37.4917925],[126.8659748,37.4921309],[126.8662872,37.4924352],[126.8667284,37.492863],[126.8668365,37.4929902],[126.8671657,37.4930886],[126.8675921,37.4933631],[126.8677423,37.4938419]]]}},{"type":"Feature","id":"way/383390147","properties":{"osmType":"way","osmId":383390147,"osmVersion":2,"osmTimestamp":"2016-08-29T12:01:58Z","sourceUrl":"https://www.openstreetmap.org/way/383390147","name":"자하연","waterType":"pond","sourceTags":{"name":"자하연","name:en":"Jahayon Pond","natural":"water","water":"pond"},"sourceSurveyed":false},"geometry":{"type":"Polygon","coordinates":[[[126.9519783,37.4608118],[126.951863,37.4606925],[126.9519998,37.4605712],[126.9522358,37.460503],[126.9523243,37.4606159],[126.9519783,37.4608118]]]}},{"type":"Feature","id":"way/407864182","properties":{"osmType":"way","osmId":407864182,"osmVersion":1,"osmTimestamp":"2016-04-05T05:55:18Z","sourceUrl":"https://www.openstreetmap.org/way/407864182","name":null,"waterType":"reservoir","sourceTags":{"natural":"water","water":"reservoir"},"sourceSurveyed":false},"geometry":{"type":"Polygon","coordinates":[[[126.8505345,37.5976937],[126.8506579,37.5974395],[126.850769,37.5975568],[126.8508534,37.5977268],[126.8503331,37.5990981],[126.8498557,37.5993658],[126.8494978,37.5987987],[126.8498064,37.5987302],[126.8496336,37.5982804],[126.8503371,37.5978697],[126.8505345,37.5976937]]]}},{"type":"Feature","id":"way/430869831","properties":{"osmType":"way","osmId":430869831,"osmVersion":4,"osmTimestamp":"2025-05-06T18:30:56Z","sourceUrl":"https://www.openstreetmap.org/way/430869831","name":null,"waterType":"wastewater","sourceTags":{"natural":"water","water":"wastewater"},"sourceSurveyed":false},"geometry":{"type":"Polygon","coordinates":[[[127.1239704,37.463167],[127.1239128,37.4631662],[127.1238466,37.4631489],[127.123791,37.4631156],[127.1237519,37.4630698],[127.1237337,37.4630164],[127.1237381,37.4629612],[127.1237649,37.4629101],[127.123811,37.4628686],[127.1238715,37.4628411],[127.12394,37.4628307],[127.124009,37.4628385],[127.1240611,37.462858],[127.1241047,37.4628879],[127.1241366,37.4629259],[127.1241544,37.4629694],[127.1241569,37.4630151],[127.1241438,37.4630596],[127.1241162,37.4630997],[127.124076,37.4631325],[127.1240262,37.4631555],[127.1239704,37.463167]]]}},{"type":"Feature","id":"way/430869851","properties":{"osmType":"way","osmId":430869851,"osmVersion":4,"osmTimestamp":"2025-05-06T18:30:56Z","sourceUrl":"https://www.openstreetmap.org/way/430869851","name":null,"waterType":"wastewater","sourceTags":{"natural":"water","water":"wastewater"},"sourceSurveyed":false},"geometry":{"type":"Polygon","coordinates":[[[127.1244974,37.463596],[127.1244496,37.4635713],[127.1244108,37.4635361],[127.1243856,37.4634937],[127.124376,37.4634476],[127.1243828,37.4634011],[127.1244054,37.4633578],[127.124442,37.4633212],[127.12449,37.4632939],[127.1245455,37.4632782],[127.1246044,37.4632751],[127.124662,37.463285],[127.124714,37.4633071],[127.1247551,37.4633384],[127.1247843,37.4633772],[127.1247994,37.4634208],[127.1247994,37.463466],[127.1247843,37.4635096],[127.1247552,37.4635485],[127.1247141,37.4635798],[127.124664,37.4636013],[127.1246085,37.4636116],[127.1245516,37.4636097],[127.1244974,37.463596]]]}},{"type":"Feature","id":"way/430869854","properties":{"osmType":"way","osmId":430869854,"osmVersion":3,"osmTimestamp":"2025-05-06T18:30:56Z","sourceUrl":"https://www.openstreetmap.org/way/430869854","name":null,"waterType":"wastewater","sourceTags":{"natural":"water","water":"wastewater"},"sourceSurveyed":false},"geometry":{"type":"Polygon","coordinates":[[[127.1241514,37.4635793],[127.1241027,37.4636118],[127.1240468,37.4636306],[127.1239864,37.4636358],[127.1239266,37.463627],[127.1238726,37.4636049],[127.1238289,37.4635714],[127.1237992,37.4635293],[127.123786,37.4634822],[127.1237904,37.4634341],[127.1238121,37.4633891],[127.1238493,37.4633509],[127.1239012,37.4633217],[127.1239618,37.4633064],[127.1240254,37.4633062],[127.1240861,37.4633213],[127.1241383,37.4633501],[127.1241772,37.4633901],[127.124199,37.4634375],[127.1242019,37.4634879],[127.1241855,37.4635367],[127.1241514,37.4635793]]]}},{"type":"Feature","id":"way/431059715","properties":{"osmType":"way","osmId":431059715,"osmVersion":3,"osmTimestamp":"2025-05-06T18:30:56Z","sourceUrl":"https://www.openstreetmap.org/way/431059715","name":null,"waterType":"wastewater","sourceTags":{"natural":"water","water":"wastewater"},"sourceSurveyed":false},"geometry":{"type":"Polygon","coordinates":[[[127.1233174,37.4636459],[127.1232835,37.4636623],[127.1232467,37.4636734],[127.123208,37.463679],[127.1231686,37.4636788],[127.1231299,37.4636729],[127.1230933,37.4636616],[127.1230599,37.4636451],[127.1230308,37.463624],[127.1230071,37.463599],[127.1229896,37.463571],[127.1229788,37.463541],[127.1229751,37.4635099],[127.1229787,37.4634788],[127.1229893,37.4634487],[127.1230068,37.4634207],[127.1230304,37.4633957],[127.1230593,37.4633745],[127.1230926,37.4633579],[127.1231296,37.4633464],[127.1231685,37.4633404],[127.1232082,37.4633403],[127.1232473,37.463346],[127.1232843,37.4633573],[127.1233181,37.4633738],[127.1233474,37.463395],[127.1233714,37.4634201],[127.1233891,37.4634483],[127.1233999,37.4634786],[127.1234035,37.46351],[127.1233997,37.4635413],[127.1233887,37.4635716],[127.1233709,37.4635997],[127.1233468,37.4636248],[127.1233174,37.4636459]]]}},{"type":"Feature","id":"way/431059716","properties":{"osmType":"way","osmId":431059716,"osmVersion":3,"osmTimestamp":"2025-05-06T18:30:56Z","sourceUrl":"https://www.openstreetmap.org/way/431059716","name":null,"waterType":"wastewater","sourceTags":{"natural":"water","water":"wastewater"},"sourceSurveyed":false},"geometry":{"type":"Polygon","coordinates":[[[127.1225135,37.463696],[127.122479,37.4636811],[127.1224486,37.4636615],[127.1224233,37.4636378],[127.1224039,37.4636108],[127.1223911,37.4635814],[127.1223853,37.4635507],[127.1223867,37.4635196],[127.1223952,37.4634893],[127.1224106,37.4634607],[127.1224324,37.4634349],[127.1224598,37.4634127],[127.1224918,37.4633948],[127.1225275,37.4633819],[127.1225655,37.4633745],[127.1226046,37.4633727],[127.1226434,37.4633766],[127.1226807,37.4633861],[127.1227151,37.4634009],[127.1227456,37.4634205],[127.122771,37.4634442],[127.1227905,37.4634712],[127.1228034,37.4635006],[127.1228093,37.4635314],[127.1228079,37.4635625],[127.1227994,37.4635929],[127.1227839,37.4636215],[127.1227621,37.4636473],[127.1227347,37.4636696],[127.1227026,37.4636875],[127.1226669,37.4637003],[127.1226288,37.4637078],[127.1225897,37.4637095],[127.1225508,37.4637056],[127.1225135,37.463696]]]}},{"type":"Feature","id":"way/431059718","properties":{"osmType":"way","osmId":431059718,"osmVersion":3,"osmTimestamp":"2025-05-06T18:30:56Z","sourceUrl":"https://www.openstreetmap.org/way/431059718","name":null,"waterType":"wastewater","sourceTags":{"natural":"water","water":"wastewater"},"sourceSurveyed":false},"geometry":{"type":"Polygon","coordinates":[[[127.1246806,37.4630984],[127.124644,37.4631173],[127.1246036,37.4631299],[127.1245609,37.4631359],[127.1245176,37.4631348],[127.1244753,37.4631269],[127.124436,37.4631125],[127.1244011,37.463092],[127.1243721,37.4630665],[127.1243501,37.4630368],[127.1243361,37.4630042],[127.1243306,37.46297],[127.1243339,37.4629357],[127.1243458,37.4629026],[127.1243658,37.4628721],[127.1243931,37.4628453],[127.1244266,37.4628235],[127.1244652,37.4628074],[127.1245071,37.4627977],[127.1245506,37.4627951],[127.1245939,37.4627994],[127.1246352,37.4628105],[127.1246728,37.4628281],[127.1247051,37.4628513],[127.1247309,37.4628792],[127.1247491,37.4629107],[127.1247589,37.4629445],[127.1247599,37.4629791],[127.124752,37.4630131],[127.1247357,37.4630453],[127.1247115,37.4630741],[127.1246806,37.4630984]]]}},{"type":"Feature","id":"way/431059719","properties":{"osmType":"way","osmId":431059719,"osmVersion":3,"osmTimestamp":"2025-05-06T18:30:56Z","sourceUrl":"https://www.openstreetmap.org/way/431059719","name":null,"waterType":"wastewater","sourceTags":{"natural":"water","water":"wastewater"},"sourceSurveyed":false},"geometry":{"type":"Polygon","coordinates":[[[127.1233166,37.463166],[127.1232872,37.4631868],[127.1232528,37.4632032],[127.1232152,37.4632143],[127.1231757,37.4632197],[127.1231356,37.4632192],[127.1230963,37.4632127],[127.1230591,37.4632006],[127.1230255,37.4631833],[127.1229965,37.4631613],[127.1229731,37.4631354],[127.1229562,37.4631065],[127.1229463,37.4630756],[127.1229438,37.4630439],[127.1229488,37.4630123],[127.1229611,37.4629819],[127.1229802,37.4629539],[127.1230055,37.4629292],[127.1230362,37.4629087],[127.1230705,37.4628933],[127.1231077,37.462883],[127.1231467,37.4628784],[127.1231861,37.4628794],[127.1232246,37.4628861],[127.1232609,37.4628983],[127.1232938,37.4629155],[127.1233222,37.4629372],[127.1233452,37.4629627],[127.1233619,37.462991],[127.1233719,37.4630213],[127.1233747,37.4630525],[127.1233704,37.4630836],[127.1233589,37.4631135],[127.1233408,37.4631413],[127.1233166,37.463166]]]}},{"type":"Feature","id":"way/431059723","properties":{"osmType":"way","osmId":431059723,"osmVersion":3,"osmTimestamp":"2025-05-06T18:30:56Z","sourceUrl":"https://www.openstreetmap.org/way/431059723","name":null,"waterType":"wastewater","sourceTags":{"natural":"water","water":"wastewater"},"sourceSurveyed":false},"geometry":{"type":"Polygon","coordinates":[[[127.1225957,37.4632401],[127.1225512,37.4632428],[127.1225114,37.463239],[127.1224731,37.4632294],[127.1224377,37.4632144],[127.1224065,37.4631944],[127.1223804,37.4631702],[127.1223604,37.4631426],[127.1223472,37.4631125],[127.1223412,37.4630811],[127.1223427,37.4630492],[127.1223515,37.4630182],[127.1223674,37.4629889],[127.1223899,37.4629626],[127.1224181,37.4629399],[127.1224511,37.4629218],[127.1224878,37.4629089],[127.1225268,37.4629015],[127.1225714,37.4629002],[127.1226153,37.4629062],[127.1226568,37.4629193],[127.122694,37.4629388],[127.1227253,37.4629639],[127.1227495,37.4629937],[127.1227655,37.4630267],[127.1227726,37.4630616],[127.1227705,37.463097],[127.1227594,37.4631312],[127.1227395,37.463163],[127.122712,37.4631908],[127.1226778,37.4632135],[127.1226385,37.4632301],[127.1225957,37.4632401]]]}},{"type":"Feature","id":"way/431065392","properties":{"osmType":"way","osmId":431065392,"osmVersion":2,"osmTimestamp":"2025-05-06T18:30:56Z","sourceUrl":"https://www.openstreetmap.org/way/431065392","name":null,"waterType":"wastewater","sourceTags":{"natural":"water","water":"wastewater"},"sourceSurveyed":false},"geometry":{"type":"Polygon","coordinates":[[[127.1204307,37.4619164],[127.1204043,37.4619563],[127.1203626,37.461987],[127.1203105,37.462005],[127.1202562,37.4620084],[127.1202034,37.4619979],[127.1201575,37.4619746],[127.1201234,37.4619409],[127.1201045,37.4619004],[127.1201029,37.4618572],[127.1201187,37.4618158],[127.1201502,37.4617806],[127.1201943,37.4617551],[127.1202462,37.4617422],[127.120303,37.4617434],[127.1203561,37.4617594],[127.1203995,37.4617886],[127.1204282,37.4618275],[127.120439,37.4618718],[127.1204307,37.4619164]]]}},{"type":"Feature","id":"way/431065393","properties":{"osmType":"way","osmId":431065393,"osmVersion":2,"osmTimestamp":"2025-05-06T18:30:56Z","sourceUrl":"https://www.openstreetmap.org/way/431065393","name":null,"waterType":"wastewater","sourceTags":{"natural":"water","water":"wastewater"},"sourceSurveyed":false},"geometry":{"type":"Polygon","coordinates":[[[127.120404,37.46147],[127.1204048,37.4615177],[127.1203854,37.4615629],[127.1203482,37.4616004],[127.1203008,37.4616246],[127.1202462,37.4616358],[127.12019,37.4616329],[127.1201377,37.461616],[127.1200948,37.461587],[127.1200655,37.4615488],[127.1200528,37.4615052],[127.120058,37.4614606],[127.1200806,37.4614196],[127.1201213,37.4613845],[127.1201744,37.4613621],[127.1202338,37.4613551],[127.1202928,37.4613643],[127.1203446,37.4613886],[127.1203831,37.4614253],[127.120404,37.46147]]]}},{"type":"Feature","id":"way/431767894","properties":{"osmType":"way","osmId":431767894,"osmVersion":2,"osmTimestamp":"2021-06-14T02:44:44Z","sourceUrl":"https://www.openstreetmap.org/way/431767894","name":"등자소류지","waterType":"reservoir","sourceTags":{"name":"등자소류지","name:ko":"등자소류지","natural":"water","water":"reservoir"},"sourceSurveyed":false},"geometry":{"type":"Polygon","coordinates":[[[127.0915339,37.4375569],[127.0914526,37.4375916],[127.0912844,37.4376583],[127.091186,37.4376561],[127.0910409,37.4376514],[127.0909306,37.4376768],[127.0908378,37.4376468],[127.0908059,37.4375801],[127.0909336,37.437474],[127.0909947,37.4373175],[127.0910846,37.4372255],[127.0911337,37.4371863],[127.0912353,37.4372161],[127.0913775,37.437306],[127.0914674,37.4373959],[127.0915164,37.4374832],[127.0915339,37.4375569]]]}},{"type":"Feature","id":"way/432172990","properties":{"osmType":"way","osmId":432172990,"osmVersion":1,"osmTimestamp":"2016-07-20T17:44:30Z","sourceUrl":"https://www.openstreetmap.org/way/432172990","name":null,"waterType":"unspecified","sourceTags":{"natural":"water"},"sourceSurveyed":false},"geometry":{"type":"Polygon","coordinates":[[[127.0456096,37.4472817],[127.0454849,37.447291],[127.0453967,37.4472778],[127.0453661,37.4472312],[127.0453632,37.447185],[127.0454082,37.4471305],[127.0454908,37.4470723],[127.0455938,37.4470545],[127.0456619,37.4470792],[127.0457244,37.4471396],[127.04574,37.4471897],[127.0457156,37.4472478],[127.0456096,37.4472817]]]}},{"type":"Feature","id":"way/434048944","properties":{"osmType":"way","osmId":434048944,"osmVersion":2,"osmTimestamp":"2026-02-17T18:44:32Z","sourceUrl":"https://www.openstreetmap.org/way/434048944","name":null,"waterType":"reservoir","sourceTags":{"natural":"water","water":"reservoir"},"sourceSurveyed":false},"geometry":{"type":"Polygon","coordinates":[[[127.1291975,37.4568096],[127.1291605,37.4567987],[127.1291273,37.4567766],[127.1291062,37.4567475],[127.1290999,37.4567271],[127.1291054,37.4566834],[127.1291258,37.4566539],[127.1291588,37.4566312],[127.1291985,37.4566194],[127.1292266,37.4566178],[127.129268,37.4566252],[127.1293036,37.4566433],[127.1293234,37.456662],[127.1293399,37.456693],[127.129343,37.4567146],[127.12933,37.4567581],[127.1293046,37.4567851],[127.1292799,37.4567994],[127.1292398,37.4568103],[127.1291975,37.4568096]]]}},{"type":"Feature","id":"way/434048945","properties":{"osmType":"way","osmId":434048945,"osmVersion":2,"osmTimestamp":"2026-02-17T18:44:32Z","sourceUrl":"https://www.openstreetmap.org/way/434048945","name":null,"waterType":"reservoir","sourceTags":{"natural":"water","water":"reservoir"},"sourceSurveyed":false},"geometry":{"type":"Polygon","coordinates":[[[127.1291882,37.4570696],[127.1291324,37.4570688],[127.1290742,37.4570439],[127.1290472,37.4570153],[127.1290336,37.4569767],[127.129038,37.4569412],[127.1290574,37.456909],[127.1290895,37.456884],[127.1291108,37.4568746],[127.1291545,37.4568662],[127.1292168,37.4568754],[127.1292538,37.4568957],[127.1292826,37.45693],[127.1292921,37.4569649],[127.1292854,37.4570017],[127.1292639,37.457033],[127.1292301,37.4570566],[127.1291882,37.4570696]]]}},{"type":"Feature","id":"way/436661318","properties":{"osmType":"way","osmId":436661318,"osmVersion":3,"osmTimestamp":"2020-03-02T00:50:36Z","sourceUrl":"https://www.openstreetmap.org/way/436661318","name":"공대폭포","waterType":"pond","sourceTags":{"name":"공대폭포","natural":"water","water":"pond"},"sourceSurveyed":false},"geometry":{"type":"Polygon","coordinates":[[[126.9525831,37.4537539],[126.9525855,37.4537062],[126.9527102,37.4536726],[126.9528851,37.4536129],[126.9531371,37.4535855],[126.9531778,37.4536048],[126.9532123,37.4536355],[126.9532266,37.4536758],[126.9532814,37.4537291],[126.953253,37.4537775],[126.9532347,37.4537985],[126.9531778,37.4538081],[126.9530965,37.4537759],[126.9530436,37.4537904],[126.9529095,37.453771],[126.9525831,37.4537539]]]}},{"type":"Feature","id":"way/465317447","properties":{"osmType":"way","osmId":465317447,"osmVersion":2,"osmTimestamp":"2022-06-29T08:07:14Z","sourceUrl":"https://www.openstreetmap.org/way/465317447","name":null,"waterType":"unspecified","sourceTags":{"natural":"water"},"sourceSurveyed":false},"geometry":{"type":"Polygon","coordinates":[[[126.8352485,37.5764261],[126.8352129,37.5765772],[126.8353155,37.5767788],[126.8353143,37.5769939],[126.8348448,37.5771464],[126.8345618,37.5769063],[126.8345618,37.5768],[126.834417,37.5765024],[126.8346396,37.575988],[126.834189,37.5756032],[126.8341917,37.5755161],[126.8341327,37.575431],[126.8340388,37.57538],[126.8339863,37.5751836],[126.8339994,37.5751064],[126.8339261,37.5750356],[126.8339556,37.5749655],[126.8338752,37.5747997],[126.8336499,37.5747168],[126.8336579,37.5746785],[126.8339342,37.5746275],[126.8339518,37.5745153],[126.8338181,37.5743738],[126.8338693,37.5740704],[126.8337652,37.5738367],[126.8336096,37.573741],[126.8335131,37.5737538],[126.8333709,37.5736645],[126.8333119,37.5735794],[126.8333146,37.5735135],[126.8333387,37.573403],[126.8332288,37.5732797],[126.8332283,37.573148],[126.833329,37.5728708],[126.8332926,37.5728004],[126.8335828,37.5727844],[126.8337866,37.5729216],[126.8340871,37.5733137],[126.8340817,37.5734328],[126.8342909,37.5738303],[126.8342587,37.5739302],[126.8342936,37.5740089],[126.8343794,37.5740535],[126.8343124,37.5742469],[126.8343513,37.5744256],[126.8344411,37.5744617],[126.8345404,37.5747593],[126.8346691,37.5749272],[126.8347388,37.5754204],[126.8350232,37.5755692],[126.8349776,37.5756564],[126.8348274,37.5755968],[126.8348113,37.5758689],[126.8351009,37.5760305],[126.8352538,37.5761028],[126.835337,37.5763536],[126.8352485,37.5764261]]]}},{"type":"Feature","id":"way/468589769","properties":{"osmType":"way","osmId":468589769,"osmVersion":1,"osmTimestamp":"2017-01-25T02:26:35Z","sourceUrl":"https://www.openstreetmap.org/way/468589769","name":null,"waterType":"pond","sourceTags":{"natural":"water","water":"pond"},"sourceSurveyed":false},"geometry":{"type":"Polygon","coordinates":[[[127.1281872,37.4558046],[127.1279914,37.4557897],[127.1280183,37.4555364],[127.1282141,37.4555406],[127.1281872,37.4558046]]]}},{"type":"Feature","id":"way/468668076","properties":{"osmType":"way","osmId":468668076,"osmVersion":3,"osmTimestamp":"2017-02-03T02:08:23Z","sourceUrl":"https://www.openstreetmap.org/way/468668076","name":"생태공원","waterType":"reservoir","sourceTags":{"name":"생태공원","natural":"water","water":"reservoir"},"sourceSurveyed":false},"geometry":{"type":"Polygon","coordinates":[[[126.9298868,37.6442889],[126.9295448,37.6441449],[126.929472,37.6440873],[126.9293483,37.6439893],[126.9292974,37.6439374],[126.9293192,37.643851],[126.9293992,37.6437473],[126.9296685,37.6437818],[126.9298359,37.6438049],[126.9300906,37.6437934],[126.9305127,37.6437646],[126.9305709,37.6438337],[126.9304399,37.6441161],[126.930258,37.6443062],[126.9301343,37.6443811],[126.9300396,37.6443581],[126.9298868,37.6442889]]]}},{"type":"Feature","id":"way/469038628","properties":{"osmType":"way","osmId":469038628,"osmVersion":1,"osmTimestamp":"2017-01-26T11:23:56Z","sourceUrl":"https://www.openstreetmap.org/way/469038628","name":"미니분수","waterType":"lake","sourceTags":{"name":"미니분수","natural":"water","water":"lake"},"sourceSurveyed":false},"geometry":{"type":"Polygon","coordinates":[[[126.8583079,37.4924524],[126.8582792,37.4925564],[126.8580172,37.4923105],[126.8581146,37.4922572],[126.8581661,37.4923174],[126.8581857,37.4923776],[126.8582724,37.4924049],[126.8583079,37.4924524]]]}},{"type":"Feature","id":"way/469045524","properties":{"osmType":"way","osmId":469045524,"osmVersion":1,"osmTimestamp":"2017-01-26T12:08:37Z","sourceUrl":"https://www.openstreetmap.org/way/469045524","name":null,"waterType":"unspecified","sourceTags":{"natural":"water"},"sourceSurveyed":false},"geometry":{"type":"Polygon","coordinates":[[[127.1390705,37.5542972],[127.1390443,37.5542973],[127.1390413,37.5538382],[127.1390674,37.5538381],[127.1390705,37.5542972]]]}},{"type":"Feature","id":"way/469161237","properties":{"osmType":"way","osmId":469161237,"osmVersion":1,"osmTimestamp":"2017-01-26T19:56:10Z","sourceUrl":"https://www.openstreetmap.org/way/469161237","name":"실로암","waterType":"pond","sourceTags":{"name":"실로암","natural":"water","water":"pond"},"sourceSurveyed":false},"geometry":{"type":"Polygon","coordinates":[[[126.9620977,37.5675941],[126.9616578,37.5674198],[126.9616873,37.5673773],[126.9621272,37.5675495],[126.9620977,37.5675941]]]}},{"type":"Feature","id":"way/469283399","properties":{"osmType":"way","osmId":469283399,"osmVersion":6,"osmTimestamp":"2024-05-19T01:09:56Z","sourceUrl":"https://www.openstreetmap.org/way/469283399","name":null,"waterType":"pond","sourceTags":{"natural":"water","water":"pond"},"sourceSurveyed":false},"geometry":{"type":"Polygon","coordinates":[[[126.8526827,37.5676809],[126.8526146,37.5676882],[126.852579,37.5676567],[126.8525469,37.5676271],[126.852451,37.567625],[126.8522946,37.5677189],[126.852198,37.5678357],[126.8521605,37.5678107],[126.8521759,37.5677331],[126.8524748,37.5675257],[126.8524499,37.5675003],[126.8524557,37.5674105],[126.8525046,37.5673611],[126.8528317,37.5671613],[126.8529446,37.5670573],[126.8530801,37.5669781],[126.8532109,37.5669927],[126.8533316,37.5670751],[126.8534133,37.5672246],[126.8533883,37.5672928],[126.8533603,37.567352],[126.8532342,37.5673705],[126.8530895,37.567452],[126.8528746,37.5675852],[126.8527398,37.5676549],[126.8526827,37.5676809]]]}},{"type":"Feature","id":"way/469465979","properties":{"osmType":"way","osmId":469465979,"osmVersion":3,"osmTimestamp":"2023-05-08T12:08:03Z","sourceUrl":"https://www.openstreetmap.org/way/469465979","name":"유수지","waterType":"reservoir","sourceTags":{"name":"유수지","name:ko":"유수지","natural":"water","water":"reservoir"},"sourceSurveyed":false},"geometry":{"type":"Polygon","coordinates":[[[126.8803209,37.6460657],[126.8802681,37.6459888],[126.8802251,37.6457403],[126.8801911,37.6455203],[126.8801411,37.6451035],[126.880866,37.6454903],[126.8817674,37.6460242],[126.8817495,37.6460492],[126.8816815,37.6461447],[126.8815913,37.6462657],[126.8814753,37.6462956],[126.8813145,37.646274],[126.8811424,37.6462066],[126.8809174,37.6461694],[126.8807379,37.6461726],[126.880603,37.6461835],[126.8804288,37.6461386],[126.8803209,37.6460657]]]}},{"type":"Feature","id":"way/469612605","properties":{"osmType":"way","osmId":469612605,"osmVersion":2,"osmTimestamp":"2023-06-15T15:38:41Z","sourceUrl":"https://www.openstreetmap.org/way/469612605","name":null,"waterType":"pond","sourceTags":{"natural":"water","water":"pond"},"sourceSurveyed":false},"geometry":{"type":"Polygon","coordinates":[[[126.7730674,37.6044825],[126.7730786,37.60445],[126.7730799,37.6043991],[126.7731392,37.6043987],[126.7731406,37.6044548],[126.7731116,37.6044697],[126.7731069,37.6044932],[126.7730987,37.6045203],[126.7730807,37.6045408],[126.7730598,37.604555],[126.773029,37.6045277],[126.7730552,37.6045029],[126.7730674,37.6044825]]]}},{"type":"Feature","id":"way/469660851","properties":{"osmType":"way","osmId":469660851,"osmVersion":4,"osmTimestamp":"2019-04-29T13:48:02Z","sourceUrl":"https://www.openstreetmap.org/way/469660851","name":"유수지","waterType":"reservoir","sourceTags":{"name":"유수지","name:ko":"유수지","natural":"water","water":"reservoir"},"sourceSurveyed":false},"geometry":{"type":"Polygon","coordinates":[[[126.9007888,37.6473941],[126.9010209,37.6473567],[126.9013118,37.6473874],[126.901824,37.6474035],[126.9020311,37.647439],[126.9021055,37.6475102],[126.9020355,37.647588],[126.9018598,37.6477108],[126.9011762,37.6480574],[126.9010739,37.6480116],[126.9010116,37.6479838],[126.9010048,37.6478498],[126.9009089,37.647743],[126.9007613,37.6476766],[126.900673,37.6475809],[126.9006827,37.6474798],[126.9007888,37.6473941]]]}},{"type":"Feature","id":"way/469689042","properties":{"osmType":"way","osmId":469689042,"osmVersion":2,"osmTimestamp":"2023-05-08T12:08:03Z","sourceUrl":"https://www.openstreetmap.org/way/469689042","name":"유수지","waterType":"reservoir","sourceTags":{"name":"유수지","name:ko":"유수지","natural":"water","water":"reservoir"},"sourceSurveyed":false},"geometry":{"type":"Polygon","coordinates":[[[126.8887456,37.6595624],[126.8881513,37.6592509],[126.8880228,37.6589902],[126.8882397,37.6587994],[126.8886894,37.6588439],[126.8891552,37.6590347],[126.8890428,37.6593271],[126.8887456,37.6595624]]]}},{"type":"Feature","id":"way/469936980","properties":{"osmType":"way","osmId":469936980,"osmVersion":1,"osmTimestamp":"2017-01-29T13:04:37Z","sourceUrl":"https://www.openstreetmap.org/way/469936980","name":"주연","waterType":"pond","sourceTags":{"name":"주연","natural":"water","water":"pond"},"sourceSurveyed":false},"geometry":{"type":"Polygon","coordinates":[[[126.9228354,37.5012335],[126.9227662,37.5012494],[126.9227309,37.5011527],[126.9228001,37.5011368],[126.9228354,37.5012335]]]}},{"type":"Feature","id":"way/469953856","properties":{"osmType":"way","osmId":469953856,"osmVersion":3,"osmTimestamp":"2017-03-02T04:07:22Z","sourceUrl":"https://www.openstreetmap.org/way/469953856","name":"청평지","waterType":"lake","sourceTags":{"name":"청평지","natural":"water","water":"lake"},"sourceSurveyed":false},"geometry":{"type":"Polygon","coordinates":[[[126.773969,37.6462488],[126.7737682,37.6462803],[126.7738091,37.6461981],[126.7738779,37.6461175],[126.7739379,37.6460648],[126.7740371,37.6459906],[126.7744526,37.6456067],[126.7752483,37.6453382],[126.7752708,37.6453592],[126.775236,37.6453788],[126.7752123,37.6453965],[126.7751895,37.6454114],[126.7751627,37.6454353],[126.7751452,37.6454687],[126.7750913,37.6455554],[126.7750433,37.6456068],[126.7749135,37.6457155],[126.7747778,37.6458419],[126.7746866,37.6458998],[126.7745846,37.6459476],[126.7744385,37.6459959],[126.7743694,37.6460246],[126.7743091,37.6460583],[126.7741779,37.6461465],[126.7740992,37.6462046],[126.7740294,37.6462375],[126.773969,37.6462488]]]}},{"type":"Feature","id":"way/469989296","properties":{"osmType":"way","osmId":469989296,"osmVersion":4,"osmTimestamp":"2017-10-10T11:22:48Z","sourceUrl":"https://www.openstreetmap.org/way/469989296","name":"공릉천","waterType":"lake","sourceTags":{"name":"공릉천","natural":"water","water":"lake"},"sourceSurveyed":false},"geometry":{"type":"Polygon","coordinates":[[[126.8673076,37.6857847],[126.8672343,37.6857497],[126.8648813,37.6848967],[126.8644191,37.6848588],[126.8640664,37.6848081],[126.8632175,37.6847102],[126.8628289,37.6846358],[126.8618451,37.6847727],[126.8607216,37.6850145],[126.8598228,37.6855282],[126.8588438,37.6869217],[126.8587836,37.6870752],[126.8576345,37.686324],[126.8589412,37.6852474],[126.8599956,37.6845412],[126.8607132,37.6843426],[126.8615327,37.6842339],[126.8628642,37.6841976],[126.8628642,37.6841973],[126.8639931,37.6841699],[126.8648307,37.6843493],[126.8654993,37.6844959],[126.8669437,37.6850392],[126.8686281,37.6857249],[126.8693811,37.686098],[126.8704523,37.6864385],[126.8716441,37.6865967],[126.870677,37.6867936],[126.8715642,37.6872897],[126.8706345,37.6872098],[126.8690836,37.686652],[126.8673076,37.6857847]]]}},{"type":"Feature","id":"way/470178031","properties":{"osmType":"way","osmId":470178031,"osmVersion":2,"osmTimestamp":"2020-08-20T10:40:31Z","sourceUrl":"https://www.openstreetmap.org/way/470178031","name":null,"waterType":"lake","sourceTags":{"natural":"water","water":"lake"},"sourceSurveyed":false},"geometry":{"type":"Polygon","coordinates":[[[126.8594601,37.467326],[126.8594303,37.4673278],[126.8593961,37.4673151],[126.8593873,37.4673023],[126.8593886,37.4672849],[126.8595611,37.467093],[126.859615,37.4670567],[126.8596411,37.4669983],[126.8596444,37.4669425],[126.8596117,37.4669153],[126.859615,37.4668543],[126.8596738,37.4668491],[126.8597294,37.4669373],[126.8597849,37.4670359],[126.8598111,37.467198],[126.8597425,37.4673213],[126.8596902,37.4673329],[126.8596183,37.4673109],[126.8595419,37.4673132],[126.8595071,37.4673148],[126.8594601,37.467326]]]}},{"type":"Feature","id":"way/470631018","properties":{"osmType":"way","osmId":470631018,"osmVersion":4,"osmTimestamp":"2021-08-12T08:03:10Z","sourceUrl":"https://www.openstreetmap.org/way/470631018","name":"붕어방","waterType":"lake","sourceTags":{"name":"붕어방","name:en":"Boongeobang Pond","name:ko":"붕어방","natural":"water","water":"lake"},"sourceSurveyed":false},"geometry":{"type":"Polygon","coordinates":[[[127.078002,37.6339392],[127.0778771,37.6338902],[127.0778256,37.633784],[127.0775322,37.6331799],[127.0775968,37.633037],[127.0779395,37.632947],[127.0785285,37.6332883],[127.0785691,37.6335954],[127.0781683,37.6338384],[127.078002,37.6339392]]]}},{"type":"Feature","id":"way/470636158","properties":{"osmType":"way","osmId":470636158,"osmVersion":6,"osmTimestamp":"2026-05-16T16:31:31Z","sourceUrl":"https://www.openstreetmap.org/way/470636158","name":null,"waterType":"stream","sourceTags":{"natural":"water","water":"stream"},"sourceSurveyed":false},"geometry":{"type":"Polygon","coordinates":[[[127.0773217,37.6304585],[127.0771554,37.6303098],[127.077205,37.6303012],[127.0772412,37.6302949],[127.077414,37.6304525],[127.0775584,37.6306684],[127.0777372,37.6308358],[127.077908,37.6309131],[127.0781194,37.6309646],[127.0784934,37.6309903],[127.0788674,37.6310225],[127.0792821,37.631074],[127.079543,37.6311051],[127.079835,37.6311449],[127.0801855,37.6311799],[127.0804877,37.6311824],[127.0806351,37.6311765],[127.0807925,37.6311652],[127.0811116,37.6311513],[127.0814368,37.6311191],[127.081667,37.631153],[127.0819247,37.6311449],[127.0821442,37.6311127],[127.0824613,37.6311256],[127.0827215,37.6311449],[127.0827215,37.6311926],[127.0827215,37.6312543],[127.0824608,37.631219],[127.0823159,37.631185],[127.0819726,37.6312233],[127.0816454,37.6312445],[127.0814308,37.6312105],[127.0809963,37.6312105],[127.0804974,37.6312487],[127.0800307,37.631236],[127.0796981,37.6311935],[127.0794084,37.6311638],[127.0790866,37.6311001],[127.0787164,37.6310703],[127.0783409,37.6310363],[127.0780298,37.6309981],[127.0777723,37.6309429],[127.0775309,37.6307517],[127.0773217,37.6304585]]]}},{"type":"Feature","id":"way/470672270","properties":{"osmType":"way","osmId":470672270,"osmVersion":4,"osmTimestamp":"2020-08-18T10:42:13Z","sourceUrl":"https://www.openstreetmap.org/way/470672270","name":"강촌공원 분수","waterType":"unspecified","sourceTags":{"name":"강촌공원 분수","natural":"water"},"sourceSurveyed":false},"geometry":{"type":"Polygon","coordinates":[[[126.7823674,37.6537563],[126.7823628,37.6537532],[126.782362,37.6537489],[126.7823717,37.6536977],[126.7823808,37.6536471],[126.7823833,37.653644],[126.7823878,37.6536433],[126.7825152,37.6536601],[126.7825198,37.653662],[126.7825211,37.653665],[126.7825108,37.6537269],[126.7825015,37.6537689],[126.7824989,37.6537722],[126.7824951,37.6537735],[126.7823674,37.6537563]]]}},{"type":"Feature","id":"way/471313698","properties":{"osmType":"way","osmId":471313698,"osmVersion":1,"osmTimestamp":"2017-02-02T01:14:16Z","sourceUrl":"https://www.openstreetmap.org/way/471313698","name":"Waterworks division","waterType":"unspecified","sourceTags":{"name":"Waterworks division","natural":"water"},"sourceSurveyed":false},"geometry":{"type":"Polygon","coordinates":[[[126.8909537,37.4957369],[126.8909125,37.4957312],[126.8907846,37.4959001],[126.8905338,37.4957687],[126.8906937,37.4955934],[126.8907398,37.4956167],[126.8907965,37.4955523],[126.8910131,37.4956633],[126.8909537,37.4957369]]]}},{"type":"Feature","id":"way/471328852","properties":{"osmType":"way","osmId":471328852,"osmVersion":1,"osmTimestamp":"2017-02-02T02:18:33Z","sourceUrl":"https://www.openstreetmap.org/way/471328852","name":null,"waterType":"pond","sourceTags":{"natural":"water","water":"pond"},"sourceSurveyed":false},"geometry":{"type":"Polygon","coordinates":[[[126.8767662,37.4806507],[126.876772,37.480629],[126.8767883,37.4806071],[126.8768131,37.480591],[126.8768302,37.4805851],[126.876862,37.4805817],[126.8768933,37.4805871],[126.8769223,37.4806021],[126.8769411,37.4806227],[126.8769499,37.4806471],[126.87695,37.4806623],[126.8769412,37.4806867],[126.8769225,37.4807073],[126.876893,37.4807226],[126.8768617,37.4807279],[126.8768299,37.4807245],[126.8768016,37.4807126],[126.8767844,37.4806986],[126.8767699,37.480676],[126.8767662,37.4806507]]]}},{"type":"Feature","id":"way/471692497","properties":{"osmType":"way","osmId":471692497,"osmVersion":1,"osmTimestamp":"2017-02-03T05:24:27Z","sourceUrl":"https://www.openstreetmap.org/way/471692497","name":null,"waterType":"pond","sourceTags":{"natural":"water","water":"pond"},"sourceSurveyed":false},"geometry":{"type":"Polygon","coordinates":[[[126.9145018,37.5108111],[126.9143665,37.5107821],[126.9143815,37.5107497],[126.9145083,37.5107753],[126.9145018,37.5108111]]]}},{"type":"Feature","id":"way/471729576","properties":{"osmType":"way","osmId":471729576,"osmVersion":1,"osmTimestamp":"2017-02-03T09:18:32Z","sourceUrl":"https://www.openstreetmap.org/way/471729576","name":null,"waterType":"lake","sourceTags":{"natural":"water","water":"lake"},"sourceSurveyed":false},"geometry":{"type":"Polygon","coordinates":[[[127.0445944,37.5987642],[127.0443676,37.5988241],[127.0440526,37.5979356],[127.0442731,37.5978757],[127.0445944,37.5987642]]]}},{"type":"Feature","id":"way/472050296","properties":{"osmType":"way","osmId":472050296,"osmVersion":1,"osmTimestamp":"2017-02-04T08:16:57Z","sourceUrl":"https://www.openstreetmap.org/way/472050296","name":null,"waterType":"pond","sourceTags":{"natural":"water","water":"pond"},"sourceSurveyed":false},"geometry":{"type":"Polygon","coordinates":[[[126.8376318,37.5473248],[126.8371913,37.5473261],[126.837191,37.5472665],[126.8376315,37.5472653],[126.8376318,37.5473248]]]}},{"type":"Feature","id":"way/472050322","properties":{"osmType":"way","osmId":472050322,"osmVersion":1,"osmTimestamp":"2017-02-04T08:16:58Z","sourceUrl":"https://www.openstreetmap.org/way/472050322","name":null,"waterType":"pond","sourceTags":{"natural":"water","water":"pond"},"sourceSurveyed":false},"geometry":{"type":"Polygon","coordinates":[[[126.8424,37.5472345],[126.8422613,37.5472247],[126.8421905,37.5471588],[126.8422613,37.5471197],[126.8422644,37.5470171],[126.8421628,37.5469511],[126.8420857,37.5468632],[126.8419902,37.5467679],[126.8417961,37.5464406],[126.8419317,37.5463819],[126.8420179,37.5464845],[126.8421289,37.5464968],[126.8421319,37.5465212],[126.8420611,37.5465236],[126.8420241,37.5467728],[126.8420826,37.5468119],[126.8422983,37.5470098],[126.8423014,37.5471099],[126.8424062,37.5471979],[126.8424,37.5472345]]]}},{"type":"Feature","id":"way/472060357","properties":{"osmType":"way","osmId":472060357,"osmVersion":1,"osmTimestamp":"2017-02-04T09:54:06Z","sourceUrl":"https://www.openstreetmap.org/way/472060357","name":null,"waterType":"pond","sourceTags":{"natural":"water","water":"pond"},"sourceSurveyed":false},"geometry":{"type":"Polygon","coordinates":[[[126.7672658,37.5001978],[126.7672473,37.5002188],[126.7672298,37.5002101],[126.7671882,37.5001869],[126.7671391,37.5001581],[126.7670727,37.5001223],[126.7670316,37.5000943],[126.7670112,37.5000692],[126.7669833,37.5000313],[126.7669601,37.4999969],[126.76694,37.4999453],[126.7669373,37.4999092],[126.766942,37.4998645],[126.766944,37.4998352],[126.7669536,37.4997959],[126.7669551,37.4997716],[126.7669501,37.4997297],[126.7669396,37.4996964],[126.7669251,37.4996309],[126.7669151,37.4995955],[126.7668889,37.4995613],[126.7668789,37.4995222],[126.7668696,37.4994507],[126.7668511,37.4994165],[126.766847,37.4993936],[126.7668378,37.4993708],[126.766849,37.4993635],[126.766865,37.499384],[126.7668729,37.4994159],[126.7668896,37.4994405],[126.7669039,37.4995243],[126.7669232,37.4995703],[126.7669357,37.4996274],[126.7669476,37.499663],[126.7669638,37.4997243],[126.7669662,37.4997738],[126.7669579,37.4998236],[126.7669535,37.4998615],[126.7669517,37.4999338],[126.7669792,37.4999809],[126.7670057,37.5000321],[126.7670429,37.5000791],[126.7670809,37.5001037],[126.767119,37.5001234],[126.7671375,37.5001367],[126.7671667,37.5001444],[126.7671933,37.5001606],[126.7672189,37.5001795],[126.7672658,37.5001978]]]}},{"type":"Feature","id":"way/472081598","properties":{"osmType":"way","osmId":472081598,"osmVersion":1,"osmTimestamp":"2017-02-04T12:38:25Z","sourceUrl":"https://www.openstreetmap.org/way/472081598","name":null,"waterType":"pond","sourceTags":{"natural":"water","water":"pond"},"sourceSurveyed":false},"geometry":{"type":"Polygon","coordinates":[[[126.856934,37.4986019],[126.8569179,37.4985061],[126.857095,37.4984785],[126.857103,37.49857],[126.856934,37.4986019]]]}},{"type":"Feature","id":"way/472433059","properties":{"osmType":"way","osmId":472433059,"osmVersion":1,"osmTimestamp":"2017-02-06T01:18:03Z","sourceUrl":"https://www.openstreetmap.org/way/472433059","name":null,"waterType":"pond","sourceTags":{"natural":"water","water":"pond"},"sourceSurveyed":false},"geometry":{"type":"Polygon","coordinates":[[[127.0882211,37.5128217],[127.088079,37.5128578],[127.088087,37.5127855],[127.0881648,37.5127238],[127.0882855,37.512677],[127.0883981,37.5127706],[127.0883552,37.5128451],[127.0882211,37.5128217]]]}},{"type":"Feature","id":"way/472445697","properties":{"osmType":"way","osmId":472445697,"osmVersion":2,"osmTimestamp":"2020-11-25T06:40:21Z","sourceUrl":"https://www.openstreetmap.org/way/472445697","name":null,"waterType":"unspecified","sourceTags":{"natural":"water"},"sourceSurveyed":false},"geometry":{"type":"Polygon","coordinates":[[[127.0865108,37.5127957],[127.0864956,37.5128077],[127.0859765,37.5122643],[127.0859976,37.5122508],[127.0865108,37.5127957]]]}},{"type":"Feature","id":"way/472445703","properties":{"osmType":"way","osmId":472445703,"osmVersion":1,"osmTimestamp":"2017-02-06T04:05:27Z","sourceUrl":"https://www.openstreetmap.org/way/472445703","name":null,"waterType":"unspecified","sourceTags":{"natural":"water"},"sourceSurveyed":false},"geometry":{"type":"Polygon","coordinates":[[[127.090394,37.5126221],[127.0901258,37.5127093],[127.0900399,37.5126604],[127.0901445,37.5126051],[127.0903538,37.5125327],[127.0905764,37.5125136],[127.09074,37.5125753],[127.0905737,37.5126391],[127.090394,37.5126221]]]}},{"type":"Feature","id":"way/472628004","properties":{"osmType":"way","osmId":472628004,"osmVersion":1,"osmTimestamp":"2017-02-06T14:01:02Z","sourceUrl":"https://www.openstreetmap.org/way/472628004","name":null,"waterType":"pond","sourceTags":{"natural":"water","water":"pond"},"sourceSurveyed":false},"geometry":{"type":"Polygon","coordinates":[[[126.8890563,37.5104851],[126.8890241,37.5105298],[126.8889651,37.5105362],[126.8889021,37.5105223],[126.8888766,37.5104851],[126.88889,37.5104436],[126.8889383,37.5103968],[126.8889705,37.5103638],[126.8890188,37.5103553],[126.8890456,37.5103245],[126.8890764,37.5102915],[126.8891127,37.510266],[126.889165,37.5102436],[126.889228,37.5102426],[126.8892588,37.5102649],[126.8892494,37.5102979],[126.8891985,37.5103011],[126.8891515,37.5102989],[126.8891086,37.5103255],[126.8890925,37.5103702],[126.8890764,37.5104128],[126.8890724,37.5104468],[126.8890563,37.5104851]]]}},{"type":"Feature","id":"way/473245991","properties":{"osmType":"way","osmId":473245991,"osmVersion":1,"osmTimestamp":"2017-02-08T05:02:50Z","sourceUrl":"https://www.openstreetmap.org/way/473245991","name":"갈산 공원 연못","waterType":"pond","sourceTags":{"name":"갈산 공원 연못","natural":"water","water":"pond"},"sourceSurveyed":false},"geometry":{"type":"Polygon","coordinates":[[[126.8690691,37.5081073],[126.8690721,37.5081204],[126.8690698,37.5081337],[126.8690625,37.5081457],[126.8690509,37.5081553],[126.8690361,37.5081616],[126.8690195,37.508164],[126.8690029,37.5081621],[126.8689877,37.5081563],[126.8689745,37.5081459],[126.8689666,37.5081325],[126.8689649,37.5081178],[126.8689696,37.5081035],[126.8689803,37.5080913],[126.8689955,37.5080828],[126.8690135,37.5080789],[126.8690321,37.5080801],[126.869049,37.5080863],[126.8690612,37.5080956],[126.8690691,37.5081073]]]}},{"type":"Feature","id":"way/473277177","properties":{"osmType":"way","osmId":473277177,"osmVersion":1,"osmTimestamp":"2017-02-08T08:15:18Z","sourceUrl":"https://www.openstreetmap.org/way/473277177","name":null,"waterType":"river","sourceTags":{"natural":"water","water":"river"},"sourceSurveyed":false},"geometry":{"type":"Polygon","coordinates":[[[126.804966,37.5145529],[126.8048643,37.5144916],[126.8049416,37.5144174],[126.8050127,37.5143658],[126.8050595,37.5143271],[126.8051144,37.5142981],[126.8051022,37.5142465],[126.8051103,37.5141756],[126.8051509,37.5141272],[126.8052119,37.5140772],[126.8052892,37.5140498],[126.8053685,37.5140192],[126.8054477,37.5139789],[126.805527,37.5139111],[126.8055981,37.513837],[126.8056591,37.5137821],[126.8057079,37.513708],[126.8057933,37.5136451],[126.805897,37.5135903],[126.8060088,37.5135354],[126.8061145,37.5134693],[126.8062222,37.5133807],[126.8063096,37.5132646],[126.8064173,37.5131146],[126.8064885,37.5129856],[126.8065251,37.5129195],[126.8065495,37.5127808],[126.8065576,37.5126357],[126.8065657,37.5125325],[126.8066044,37.5124213],[126.8066267,37.5123616],[126.8067731,37.5120117],[126.8067731,37.5119182],[126.8067853,37.5118247],[126.8068076,37.511678],[126.8068401,37.5116086],[126.8069702,37.5114941],[126.8070617,37.5113829],[126.8071227,37.5113071],[126.8071451,37.5112216],[126.8071837,37.5111475],[126.807206,37.5110572],[126.8072487,37.5109475],[126.8073016,37.5108734],[126.8073483,37.5108056],[126.8074032,37.5107363],[126.8074317,37.5106589],[126.8074642,37.5106363],[126.8075089,37.5106363],[126.8074988,37.510746],[126.8075089,37.510825],[126.8075211,37.5109137],[126.8074784,37.5110104],[126.8074134,37.5111168],[126.8073565,37.5111459],[126.8073341,37.5111894],[126.8073605,37.5112265],[126.8073666,37.5112491],[126.807328,37.51132],[126.8072894,37.511349],[126.8072528,37.5114167],[126.807265,37.5114474],[126.8072162,37.5115345],[126.8071816,37.5116054],[126.8070881,37.5116925],[126.8070373,37.5117683],[126.807015,37.511815],[126.8069967,37.5119101],[126.8069621,37.5119892],[126.8069255,37.5120649],[126.8067649,37.5124068],[126.8067487,37.512468],[126.8067344,37.5125293],[126.8067202,37.512589],[126.8066633,37.5126357],[126.806643,37.5126857],[126.8066165,37.5127712],[126.8065678,37.5129244],[126.8065027,37.5130985],[126.8064539,37.5132291],[126.8064092,37.5132468],[126.8063787,37.5132871],[126.8064153,37.5133097],[126.8064072,37.5133581],[126.8063665,37.5133484],[126.8063116,37.513371],[126.8062974,37.5134161],[126.8063055,37.5134661],[126.8062466,37.513508],[126.8061653,37.5135532],[126.8060271,37.5135983],[126.80596,37.5136354],[126.8059071,37.5136918],[126.8058583,37.5137547],[126.8058197,37.5138418],[126.8057913,37.5139321],[126.8057689,37.5139772],[126.8057384,37.5140514],[126.8056978,37.5141078],[126.8056469,37.5141723],[126.8055717,37.5142288],[126.8054477,37.5142642],[126.8053115,37.5143013],[126.8052241,37.5143303],[126.8051713,37.5143368],[126.8051083,37.5143739],[126.8050778,37.5144029],[126.8050574,37.5144513],[126.8050209,37.5145013],[126.804966,37.5145529]]]}},{"type":"Feature","id":"way/473365499","properties":{"osmType":"way","osmId":473365499,"osmVersion":2,"osmTimestamp":"2021-08-06T11:21:10Z","sourceUrl":"https://www.openstreetmap.org/way/473365499","name":null,"waterType":"lake","sourceTags":{"natural":"water","water":"lake"},"sourceSurveyed":false},"geometry":{"type":"Polygon","coordinates":[[[126.8287839,37.5016516],[126.8287394,37.5016384],[126.8286344,37.5016436],[126.8285992,37.5016293],[126.8285913,37.501603],[126.8286255,37.5015715],[126.8286686,37.5015385],[126.8286841,37.5014942],[126.8287179,37.5014586],[126.8287501,37.5013852],[126.8287318,37.501327],[126.8287626,37.5013132],[126.8287815,37.5012955],[126.8287924,37.5012659],[126.8287958,37.5012346],[126.8287797,37.5012105],[126.8287411,37.5011844],[126.8287119,37.5011745],[126.8287171,37.5011369],[126.8287168,37.5010559],[126.8287575,37.5010046],[126.8288212,37.5009745],[126.8288675,37.5009756],[126.8289003,37.5010054],[126.8288928,37.5016202],[126.8287839,37.5016516]]]}},{"type":"Feature","id":"way/473365500","properties":{"osmType":"way","osmId":473365500,"osmVersion":2,"osmTimestamp":"2021-08-06T11:21:10Z","sourceUrl":"https://www.openstreetmap.org/way/473365500","name":null,"waterType":"lake","sourceTags":{"natural":"water","water":"lake"},"sourceSurveyed":false},"geometry":{"type":"Polygon","coordinates":[[[126.8287059,37.5014661],[126.8286742,37.5014463],[126.8286121,37.5013853],[126.8285837,37.5013114],[126.8285725,37.501241],[126.8285996,37.5011655],[126.8286254,37.5011022],[126.8287168,37.5010559],[126.8287171,37.5011369],[126.8287119,37.5011745],[126.8286898,37.5012224],[126.8286804,37.5012652],[126.8286868,37.5012907],[126.8287016,37.5013088],[126.8287318,37.501327],[126.8287501,37.5013852],[126.8287179,37.5014586],[126.8287059,37.5014661]]]}},{"type":"Feature","id":"way/473365502","properties":{"osmType":"way","osmId":473365502,"osmVersion":2,"osmTimestamp":"2021-08-06T11:21:10Z","sourceUrl":"https://www.openstreetmap.org/way/473365502","name":null,"waterType":"lake","sourceTags":{"natural":"water","water":"lake"},"sourceSurveyed":false},"geometry":{"type":"Polygon","coordinates":[[[126.8292147,37.5016615],[126.8291494,37.501644],[126.8291434,37.5012088],[126.8291538,37.5008543],[126.8292227,37.5008147],[126.8293602,37.500782],[126.8293799,37.500788],[126.8294072,37.5008648],[126.8294167,37.5009817],[126.8293154,37.5010898],[126.829356,37.5012173],[126.8293346,37.5012553],[126.8293052,37.5013076],[126.8293351,37.5013375],[126.8293897,37.5013922],[126.8294039,37.501477],[126.8294498,37.501529],[126.829461,37.5015462],[126.8294742,37.5015614],[126.8294615,37.5015801],[126.8294213,37.501609],[126.8293736,37.501638],[126.8293142,37.5016346],[126.8292147,37.5016615]]]}},{"type":"Feature","id":"way/473365504","properties":{"osmType":"way","osmId":473365504,"osmVersion":1,"osmTimestamp":"2017-02-08T15:29:20Z","sourceUrl":"https://www.openstreetmap.org/way/473365504","name":null,"waterType":"lake","sourceTags":{"natural":"water","water":"lake"},"sourceSurveyed":false},"geometry":{"type":"Polygon","coordinates":[[[126.8295387,37.5015198],[126.8295092,37.5015448],[126.8294864,37.5015374],[126.8294743,37.5015331],[126.8294569,37.5015097],[126.8294193,37.501448],[126.8294408,37.501298],[126.8293711,37.5012012],[126.8293516,37.5011341],[126.829359,37.5010735],[126.8293932,37.5010309],[126.8294475,37.500999],[126.8294364,37.5011208],[126.8295005,37.5012373],[126.8295102,37.5013937],[126.8295521,37.5014778],[126.8295387,37.5015198]]]}},{"type":"Feature","id":"way/473934283","properties":{"osmType":"way","osmId":473934283,"osmVersion":1,"osmTimestamp":"2017-02-11T07:54:52Z","sourceUrl":"https://www.openstreetmap.org/way/473934283","name":null,"waterType":"unspecified","sourceTags":{"natural":"water"},"sourceSurveyed":false},"geometry":{"type":"Polygon","coordinates":[[[126.8580711,37.4697507],[126.8578563,37.4700176],[126.8574564,37.4701339],[126.8570752,37.4700945],[126.8570808,37.4700581],[126.8574693,37.4700959],[126.8576111,37.4700232],[126.8577115,37.4699175],[126.8578423,37.4698212],[126.857959,37.4696989],[126.8580711,37.4697507]]]}},{"type":"Feature","id":"way/474025687","properties":{"osmType":"way","osmId":474025687,"osmVersion":1,"osmTimestamp":"2017-02-11T17:40:14Z","sourceUrl":"https://www.openstreetmap.org/way/474025687","name":null,"waterType":"pond","sourceTags":{"natural":"water","water":"pond"},"sourceSurveyed":false},"geometry":{"type":"Polygon","coordinates":[[[127.00559,37.5859275],[127.0055403,37.5859297],[127.0055323,37.5859148],[127.0055336,37.5858988],[127.0055403,37.585884],[127.0055377,37.5858701],[127.005535,37.5858606],[127.0055336,37.5858457],[127.0055269,37.585834],[127.0055202,37.5858234],[127.0055323,37.5858074],[127.0055497,37.5858064],[127.0055685,37.5858149],[127.0055806,37.5858244],[127.0055913,37.5858361],[127.0056007,37.5858446],[127.0056288,37.5858563],[127.0056436,37.5858669],[127.005657,37.585884],[127.0056691,37.5859041],[127.0056543,37.5859148],[127.0056288,37.5859211],[127.00559,37.5859275]]]}},{"type":"Feature","id":"way/474086293","properties":{"osmType":"way","osmId":474086293,"osmVersion":2,"osmTimestamp":"2017-02-12T03:33:31Z","sourceUrl":"https://www.openstreetmap.org/way/474086293","name":null,"waterType":"unspecified","sourceTags":{"natural":"water"},"sourceSurveyed":false},"geometry":{"type":"Polygon","coordinates":[[[127.1209109,37.5167606],[127.1209285,37.5167707],[127.1209412,37.5167848],[127.1209477,37.5168013],[127.1209469,37.5168195],[127.1209386,37.5168364],[127.1209236,37.5168502],[127.1209037,37.5168592],[127.1208812,37.5168625],[127.1208586,37.5168596],[127.1208384,37.5168509],[127.1208231,37.5168374],[127.1208143,37.5168206],[127.1208129,37.5168034],[127.1208185,37.5167867],[127.1208305,37.5167722],[127.1208477,37.5167615],[127.1208682,37.5167557],[127.12089,37.5167554],[127.1209109,37.5167606]]]}},{"type":"Feature","id":"way/474192178","properties":{"osmType":"way","osmId":474192178,"osmVersion":1,"osmTimestamp":"2017-02-12T16:38:42Z","sourceUrl":"https://www.openstreetmap.org/way/474192178","name":"오리연못","waterType":"pond","sourceTags":{"name":"오리연못","natural":"water","water":"pond"},"sourceSurveyed":false},"geometry":{"type":"Polygon","coordinates":[[[126.8882227,37.5717313],[126.8881869,37.5717297],[126.8881556,37.5717271],[126.8880063,37.5715501],[126.8878776,37.5714969],[126.8878186,37.5714332],[126.887781,37.571346],[126.8878132,37.5712206],[126.887899,37.5711929],[126.8879741,37.5710888],[126.8882477,37.5709995],[126.8882903,37.5710166],[126.8883335,37.5710356],[126.8883657,37.5710888],[126.8883335,37.5711844],[126.8882853,37.5711759],[126.8882316,37.5712631],[126.8882906,37.571363],[126.8882477,37.5715012],[126.8882692,37.5715458],[126.8882227,37.5717313]]]}},{"type":"Feature","id":"way/474293034","properties":{"osmType":"way","osmId":474293034,"osmVersion":42,"osmTimestamp":"2024-04-20T15:14:40Z","sourceUrl":"https://www.openstreetmap.org/way/474293034","name":null,"waterType":"stream","sourceTags":{"natural":"water","water":"stream"},"sourceSurveyed":false},"geometry":{"type":"Polygon","coordinates":[[[126.7962164,37.6197164],[126.7962415,37.619551],[126.7964336,37.6195073],[126.7965174,37.6194994],[126.7965911,37.6195015],[126.796677,37.6195052],[126.7968312,37.6195132],[126.7969412,37.6195259],[126.7973221,37.6196088],[126.7978719,37.619766],[126.7981119,37.619818],[126.7986819,37.6199254],[126.7995349,37.6200698],[126.8001975,37.6204119],[126.8003316,37.6205096],[126.8018137,37.6221598],[126.8019027,37.6222442],[126.8021243,37.6223242],[126.8023243,37.6223617],[126.8026211,37.6224079],[126.8034414,37.6225383],[126.8038676,37.6226153],[126.804287,37.6227196],[126.8044938,37.6227933],[126.8046939,37.6229369],[126.8047876,37.6230855],[126.8048977,37.6232188],[126.8058725,37.6245769],[126.8062493,37.6249838],[126.8068841,37.6256424],[126.8080994,37.6274093],[126.8081683,37.627682],[126.8081858,37.6281274],[126.8082915,37.6285141],[126.808381,37.6286573],[126.8085848,37.6288584],[126.8087001,37.6289604],[126.8088905,37.629107],[126.8094672,37.6295467],[126.8096576,37.6296869],[126.8097891,37.6297931],[126.8113045,37.6305578],[126.8118544,37.6310676],[126.8121843,37.6317692],[126.8125062,37.631819],[126.8176481,37.632796],[126.8179863,37.6328654],[126.820379,37.6333415],[126.8205848,37.6334431],[126.8206479,37.6334743],[126.8207806,37.6335348],[126.8208987,37.6336219],[126.8210885,37.6337765],[126.8212068,37.6338908],[126.8213097,37.6340286],[126.8213682,37.6341667],[126.8214513,37.634392],[126.8215586,37.6346542],[126.8217731,37.635181],[126.8221189,37.6360667],[126.8221816,37.6362306],[126.8234885,37.6396515],[126.823579,37.6398862],[126.8242106,37.6415235],[126.8243168,37.6417988],[126.8253029,37.6443548],[126.8254257,37.6446733],[126.8272235,37.6493866],[126.8272891,37.6495453],[126.8273429,37.6496345],[126.8274113,37.6497532],[126.8286308,37.6518035],[126.8288569,37.6520369],[126.8288944,37.652073],[126.8289856,37.6521325],[126.8295945,37.6525848],[126.8302731,37.6530435],[126.8304554,37.6531794],[126.8306619,37.6533175],[126.8315577,37.6539205],[126.8316682,37.6539626],[126.8317666,37.6539813],[126.831907,37.6540101],[126.8320802,37.6540244],[126.8323449,37.6540156],[126.8323437,37.6541958],[126.8317814,37.6541575],[126.8313995,37.6539481],[126.8305465,37.6533812],[126.8303786,37.6532724],[126.8299978,37.6530257],[126.8295301,37.6526464],[126.8293353,37.6525266],[126.8290214,37.6523037],[126.8288122,37.652155],[126.8286219,37.6519652],[126.8285381,37.6518769],[126.8284189,37.651693],[126.827489,37.6500502],[126.8274606,37.6500071],[126.8273502,37.6498393],[126.8271326,37.6497743],[126.8270468,37.6495911],[126.8266738,37.6485948],[126.8264867,37.6481413],[126.8251728,37.6447381],[126.8250521,37.6444256],[126.8240623,37.6418619],[126.8239555,37.641583],[126.8233332,37.639939],[126.823227,37.6396912],[126.8219671,37.636274],[126.8219095,37.6361177],[126.8215979,37.63524],[126.821386,37.6347001],[126.8212837,37.6344214],[126.8211924,37.6341784],[126.8210902,37.6339823],[126.8209845,37.6338789],[126.8208459,37.6337749],[126.8205876,37.6336337],[126.8203767,37.6336895],[126.8202887,37.6337413],[126.8202607,37.6338302],[126.8204411,37.6342824],[126.8204122,37.6343559],[126.8203304,37.6344013],[126.8191319,37.6346576],[126.8190214,37.6346967],[126.8189174,37.6346796],[126.8188337,37.6346327],[126.81866,37.6340404],[126.8187709,37.6339553],[126.8189332,37.6338973],[126.8190576,37.633747],[126.8190206,37.633423],[126.8189162,37.6332795],[126.8179242,37.6330517],[126.8175342,37.6329774],[126.8129754,37.6320712],[126.8123237,37.6319705],[126.8121145,37.6319152],[126.8119375,37.6317687],[126.8113662,37.6310932],[126.8112891,37.6309121],[126.8110561,37.6306397],[126.8105035,37.6303871],[126.8101968,37.6302732],[126.8082397,37.628915],[126.8080952,37.6287453],[126.8079639,37.6284659],[126.8078817,37.6278244],[126.807719,37.6272629],[126.8048216,37.6235753],[126.8045543,37.6231516],[126.8043512,37.6230144],[126.8040968,37.6228845],[126.8038934,37.6228302],[126.803216,37.6227076],[126.8025386,37.6225851],[126.8023352,37.6225449],[126.8018604,37.6224174],[126.8017266,37.6223146],[126.8015627,37.6221859],[126.8000028,37.6205458],[126.7998341,37.6204218],[126.7995437,37.6202913],[126.7971907,37.6198787],[126.7969198,37.6198468],[126.7966194,37.6198893],[126.7965148,37.6205182],[126.796488,37.6206286],[126.7964075,37.6207476],[126.7960508,37.621045],[126.7958121,37.621283],[126.7956806,37.6213934],[126.7955385,37.621506],[126.7953936,37.6216951],[126.7948496,37.622448],[126.7929915,37.6251987],[126.7922501,37.6261372],[126.7921106,37.626492],[126.7921374,37.6266471],[126.7937497,37.6281137],[126.7943208,37.6286333],[126.794707,37.6286885],[126.7951281,37.6285335],[126.7952247,37.6286524],[126.7948492,37.6288521],[126.7946694,37.6290582],[126.794208,37.6304781],[126.7940243,37.6312959],[126.794095,37.6315808],[126.7941657,37.6318657],[126.7942844,37.6325322],[126.7943475,37.6330579],[126.794491,37.6346563],[126.7945352,37.6350514],[126.7945687,37.635455],[126.7946009,37.6359892],[126.7947669,37.6376707],[126.7947962,37.6378657],[126.7948606,37.6382915],[126.7951006,37.6398939],[126.7951743,37.6401302],[126.795257,37.6403142],[126.795378,37.6404532],[126.7955853,37.6406433],[126.7966302,37.6412305],[126.7968202,37.6413818],[126.7969675,37.6415632],[126.7970635,37.6417849],[126.7976561,37.6431725],[126.7978882,37.6436601],[126.7980132,37.6437739],[126.7981633,37.6438464],[126.7999694,37.6441497],[126.8008434,37.6443707],[126.8015342,37.6446353],[126.8024887,37.6451241],[126.8025471,37.645154],[126.8026358,37.6451933],[126.802711,37.6452379],[126.8028093,37.6452845],[126.8029301,37.6454208],[126.8030298,37.6455681],[126.8030807,37.6457412],[126.8031418,37.6461573],[126.8032516,37.6465476],[126.8034767,37.6471429],[126.8035059,37.6472675],[126.8035231,37.6473985],[126.8035078,37.6475023],[126.8034979,37.6475358],[126.8029305,37.6496478],[126.8029091,37.6497221],[126.8028755,37.649824],[126.8028608,37.6498824],[126.8028568,37.6499238],[126.8028474,37.6499684],[126.8028393,37.6500321],[126.802834,37.6501171],[126.8028286,37.6501893],[126.8028393,37.6503082],[126.8028581,37.6504569],[126.8029319,37.6506884],[126.803007,37.6508147],[126.8034133,37.6515888],[126.8038693,37.6523661],[126.8040847,37.6526531],[126.8042088,37.6528943],[126.8043141,37.6531948],[126.8046495,37.6545033],[126.8048404,37.6553347],[126.8048882,37.6554812],[126.8049628,37.6556192],[126.8050535,37.6557424],[126.8051656,37.6558528],[126.8054034,37.6560122],[126.8058798,37.6562226],[126.8060548,37.65633],[126.8062083,37.6564927],[126.8062871,37.6565835],[126.8063391,37.6566914],[126.8063895,37.6569029],[126.8065876,37.658129],[126.8065924,37.6582788],[126.8065785,37.6583482],[126.8065365,37.6584175],[126.8065004,37.6584694],[126.8064409,37.6585212],[126.8063674,37.6585674],[126.8062659,37.65861],[126.8061972,37.6586408],[126.8061331,37.6586827],[126.8060784,37.6587302],[126.806033,37.6587924],[126.8060122,37.6588685],[126.8060193,37.6589409],[126.8060498,37.6590151],[126.8060897,37.6590949],[126.806348,37.6596047],[126.8063736,37.6596651],[126.806386,37.6597381],[126.8063863,37.6598091],[126.8063819,37.6598625],[126.8063727,37.6599039],[126.8063543,37.6599537],[126.8063171,37.6600368],[126.8062833,37.6600939],[126.8062416,37.6601468],[126.8061232,37.6602585],[126.8059329,37.660416],[126.8057711,37.6605541],[126.8056738,37.6606322],[126.8056008,37.6607027],[126.805533,37.6607766],[126.8054761,37.6608662],[126.8054404,37.6609624],[126.8054377,37.661062],[126.8054659,37.6612161],[126.8055001,37.6612862],[126.80555,37.6613515],[126.8056034,37.6614125],[126.8056704,37.6614645],[126.8058029,37.6615552],[126.805877,37.6616089],[126.8059413,37.6616716],[126.805995,37.6617416],[126.8060325,37.6618117],[126.8060593,37.6618765],[126.8060795,37.6619476],[126.8061006,37.6620823],[126.8061184,37.6621429],[126.8061472,37.6622151],[126.8062008,37.6623001],[126.8062639,37.6623882],[126.8063558,37.6624816],[126.8065028,37.6625829],[126.8066112,37.6626398],[126.8067158,37.6627035],[126.8068379,37.6627831],[126.8069572,37.6628706],[126.8070404,37.6629434],[126.8071114,37.6630156],[126.8071839,37.6630952],[126.8072449,37.6631778],[126.8074876,37.6635204],[126.8075466,37.6636074],[126.8075976,37.6637242],[126.8075761,37.663892],[126.8073857,37.6638368],[126.8073025,37.6637497],[126.8071632,37.6635746],[126.8068223,37.663166],[126.806689,37.6630411],[126.8066105,37.6629806],[126.8065259,37.662926],[126.8063524,37.6628383],[126.8061571,37.6627359],[126.8060473,37.6626727],[126.8059722,37.6626133],[126.805826,37.6624391],[126.8057764,37.6623606],[126.805763,37.6623192],[126.8057496,37.6622767],[126.8057281,37.662161],[126.8057126,37.6620586],[126.8056986,37.6619879],[126.8056691,37.6619264],[126.8056423,37.661886],[126.8056074,37.6618457],[126.8055309,37.6617776],[126.8051571,37.6615225],[126.8050582,37.6614529],[126.8050032,37.6614051],[126.8049818,37.6613746],[126.8049653,37.661348],[126.8049415,37.6612724],[126.8049248,37.6612023],[126.8049201,37.6611646],[126.8049221,37.6611248],[126.8049449,37.6610229],[126.8049845,37.6609144],[126.8050119,37.6608488],[126.8050468,37.6607883],[126.8050763,37.6607468],[126.8051461,37.6606693],[126.8053852,37.6604479],[126.8055909,37.6602896],[126.8057978,37.6601194],[126.8058772,37.6600474],[126.8059091,37.6600132],[126.8059431,37.6599754],[126.8059574,37.6599442],[126.805977,37.6598985],[126.8059883,37.6598625],[126.8059905,37.6598209],[126.8059869,37.6597818],[126.8059793,37.6597395],[126.8059353,37.6596317],[126.8056438,37.6590667],[126.8055667,37.6589335],[126.8055239,37.6588565],[126.8055019,37.6587872],[126.8054895,37.6587359],[126.8054877,37.6586669],[126.805499,37.6586319],[126.8055183,37.6586011],[126.8055388,37.6585736],[126.8055673,37.6585481],[126.8057361,37.6585029],[126.8059212,37.6584541],[126.8061143,37.6583861],[126.8062243,37.6583203],[126.8063413,37.6581709],[126.8063557,37.6580846],[126.8063503,37.6579615],[126.8063128,37.6577066],[126.8062565,37.6573648],[126.8061841,37.6570378],[126.8060929,37.6567999],[126.8059963,37.6566364],[126.8058469,37.6564613],[126.8057271,37.6563671],[126.8055384,37.6562736],[126.8053291,37.65618],[126.8050795,37.6560844],[126.8048927,37.6559182],[126.8047262,37.6556597],[126.8046015,37.6552669],[126.8043946,37.6545566],[126.8042741,37.653906],[126.8041179,37.6532406],[126.8039596,37.652857],[126.8035287,37.6520984],[126.8032014,37.6515452],[126.8029346,37.6510027],[126.8027522,37.6506045],[126.8027186,37.6505227],[126.8026958,37.6504282],[126.8026757,37.6503337],[126.8026704,37.6502296],[126.8027106,37.6500024],[126.8031001,37.6481115],[126.8031344,37.6478207],[126.8032034,37.6475141],[126.8031952,37.6474252],[126.8031765,37.6471569],[126.8030928,37.646923],[126.802786,37.6464178],[126.8026546,37.6457504],[126.8026127,37.6456431],[126.8025676,37.6454161],[126.802419,37.6453409],[126.8023628,37.6453124],[126.8014482,37.6448496],[126.8008271,37.6445353],[126.8004433,37.644384],[126.798193,37.6439715],[126.7979993,37.6439248],[126.797858,37.6438284],[126.7977722,37.6437041],[126.7968535,37.6416629],[126.7967008,37.641478],[126.7965225,37.6413398],[126.7955653,37.6407682],[126.7951713,37.6405812],[126.7950106,37.6403972],[126.7949296,37.6402217],[126.7948549,37.6399653],[126.7947042,37.6384669],[126.7946787,37.6383522],[126.7946473,37.6381644],[126.7946291,37.6380559],[126.7946276,37.6379932],[126.7946224,37.637784],[126.794621,37.6377022],[126.794617,37.6373656],[126.7944735,37.6360317],[126.7944534,37.6357067],[126.7944239,37.6353382],[126.7944011,37.6351258],[126.7943448,37.6348093],[126.7943206,37.6346542],[126.7942053,37.6330728],[126.7941168,37.6323655],[126.7940632,37.6320686],[126.7940303,37.6319252],[126.7939652,37.6316921],[126.7939304,37.6315349],[126.7938995,37.6313745],[126.7938997,37.6312291],[126.7942782,37.6293032],[126.7942603,37.6290341],[126.794197,37.6288836],[126.7935263,37.6282738],[126.7922607,37.6271229],[126.7920944,37.6269614],[126.7919013,37.6267617],[126.791743,37.6265854],[126.7916277,37.6264643],[126.7914695,37.6263815],[126.7912951,37.6263475],[126.7910644,37.6263666],[126.7908606,37.6264537],[126.7877346,37.6282928],[126.7866551,37.6291091],[126.7864333,37.6293419],[126.7861963,37.6297443],[126.7859362,37.6302137],[126.7857162,37.6305833],[126.7854963,37.6308744],[126.7852522,37.6311016],[126.7850993,37.6312185],[126.7848633,37.6313481],[126.7845817,37.6314903],[126.7842222,37.6315902],[126.7838512,37.6316359],[126.7831776,37.6317296],[126.7746173,37.6321382],[126.77451,37.6321467],[126.7743732,37.632151],[126.7741891,37.6322288],[126.7733566,37.6325716],[126.7731394,37.6326778],[126.7730026,37.6327627],[126.7729194,37.6328265],[126.7728309,37.6328817],[126.7644328,37.637477442993635],[126.7644328,37.637218424762025],[126.7740164,37.6320363],[126.7741299,37.6319864],[126.7742632,37.6319279],[126.7829556,37.6315061],[126.7837927,37.6314313],[126.7841856,37.631374],[126.7844825,37.6312946],[126.7847315,37.6311779],[126.7849548,37.631026],[126.7850958,37.6309069],[126.7852894,37.6307173],[126.7855304,37.6304045],[126.7857392,37.6300732],[126.7859683,37.6296434],[126.7862138,37.6292551],[126.7864654,37.6290028],[126.7875421,37.6281505],[126.790756,37.6263623],[126.790925,37.6262306],[126.7911209,37.6261032],[126.7912817,37.62598],[126.793745,37.6229434],[126.7941652,37.6222963],[126.7944871,37.6214954],[126.7947643,37.6210271],[126.7957504,37.6204947],[126.7959739,37.6204408],[126.7961688,37.6202164],[126.7962569,37.6199256],[126.796311,37.6197936],[126.7962396,37.6197387],[126.7962164,37.6197164]]]}},{"type":"Feature","id":"way/474517498","properties":{"osmType":"way","osmId":474517498,"osmVersion":4,"osmTimestamp":"2024-11-05T02:28:45Z","sourceUrl":"https://www.openstreetmap.org/way/474517498","name":"지향천","waterType":"lake","sourceTags":{"name":"지향천","natural":"water","water":"lake"},"sourceSurveyed":false},"geometry":{"type":"Polygon","coordinates":[[[126.8333651,37.5131898],[126.8333062,37.5131733],[126.8338448,37.5121405],[126.8340129,37.5120373],[126.8342237,37.5119792],[126.8343177,37.5119953],[126.8341961,37.5117884],[126.8342344,37.5117771],[126.8343154,37.5119095],[126.8343877,37.511986],[126.8344967,37.5119658],[126.8346647,37.5119772],[126.8348771,37.5120221],[126.8350823,37.5120923],[126.8351477,37.5121004],[126.8352537,37.5120693],[126.8353373,37.512044],[126.8353567,37.5120867],[126.8351448,37.5121445],[126.8351177,37.5121877],[126.835054,37.5122495],[126.8350009,37.5122803],[126.8348027,37.5123028],[126.8345656,37.512241],[126.8343599,37.5121184],[126.8341964,37.5121066],[126.8341159,37.512104],[126.834,37.5121238],[126.8338922,37.51219],[126.8333651,37.5131898]]]}},{"type":"Feature","id":"way/474731184","properties":{"osmType":"way","osmId":474731184,"osmVersion":17,"osmTimestamp":"2025-08-16T10:55:43Z","sourceUrl":"https://www.openstreetmap.org/way/474731184","name":null,"waterType":"stream","sourceTags":{"natural":"water","water":"stream"},"sourceSurveyed":false},"geometry":{"type":"Polygon","coordinates":[[[126.7945012,37.6618981],[126.7945867,37.6618249],[126.7945954,37.6619265],[126.7945666,37.6619731],[126.7943708,37.6623939],[126.7941213,37.6627977],[126.7938669,37.6632171],[126.7935948,37.6636655],[126.7933511,37.6640496],[126.7931409,37.664352],[126.7929972,37.6645689],[126.7927998,37.6648545],[126.7926676,37.6650421],[126.7925894,37.6651654],[126.7924783,37.6653198],[126.7923861,37.6654439],[126.7920605,37.6659048],[126.7918804,37.6661801],[126.7916369,37.6665555],[126.791399,37.6669125],[126.7913076,37.6670581],[126.7911916,37.6672565],[126.7911672,37.6673399],[126.7911603,37.6675045],[126.7911635,37.6675707],[126.7911645,37.6676336],[126.7911779,37.6676966],[126.7911926,37.6677646],[126.7912255,37.667822],[126.7912577,37.6678814],[126.7912944,37.6679553],[126.7914023,37.6681376],[126.791445,37.6682061],[126.7914665,37.6682656],[126.7914976,37.6683189],[126.7915339,37.6683867],[126.7915634,37.6684504],[126.7917347,37.6687454],[126.7917753,37.6688135],[126.7918234,37.6688773],[126.7918527,37.6689232],[126.7918994,37.6689846],[126.7919336,37.66903],[126.7919573,37.6690738],[126.7919766,37.6691319],[126.7919787,37.6692165],[126.791976,37.6693112],[126.791976,37.6694069],[126.7919578,37.669516],[126.7919578,37.6696345],[126.791964,37.6697316],[126.7919711,37.6698156],[126.7919979,37.6698814],[126.7920539,37.6700129],[126.7920753,37.6700915],[126.7921075,37.6701934],[126.7921491,37.6703059],[126.7921987,37.6703696],[126.7922259,37.6704334],[126.7922876,37.6705204],[126.7923275,37.6705734],[126.792352,37.6706351],[126.7923596,37.670688],[126.7923761,37.6707434],[126.7923865,37.6707772],[126.7924106,37.6708091],[126.7925045,37.670928],[126.7926305,37.6710808],[126.7926989,37.6711887],[126.7927109,37.6712532],[126.7927226,37.6713471],[126.7927434,37.6714184],[126.7927799,37.6714849],[126.7928121,37.6715396],[126.7928304,37.6715971],[126.7928449,37.6716729],[126.7928475,37.6719373],[126.7928665,37.6720326],[126.7928953,37.6721019],[126.7929279,37.6721576],[126.7929591,37.6722212],[126.7929882,37.6722714],[126.793005,37.6723342],[126.793002,37.6724238],[126.7930112,37.6724716],[126.7930512,37.6725156],[126.7930789,37.6725586],[126.7931197,37.6726214],[126.7931382,37.6726953],[126.7931461,37.6727666],[126.7931433,37.6728601],[126.7931401,37.6729386],[126.7931674,37.6730277],[126.7931911,37.6730934],[126.7932344,37.6731891],[126.7932653,37.6732545],[126.7933027,37.673327],[126.793331,37.6733823],[126.7935076,37.6737834],[126.7935483,37.6738982],[126.7935353,37.6739613],[126.7934861,37.6740393],[126.7934862,37.6741125],[126.793521,37.6742144],[126.7935456,37.6743036],[126.7935728,37.6743656],[126.793618,37.6744416],[126.7936529,37.6745011],[126.7937165,37.6745656],[126.7937529,37.6746084],[126.7937973,37.6746517],[126.7938674,37.6746964],[126.7938912,37.6747366],[126.7939248,37.6747637],[126.7939554,37.6748046],[126.7944652,37.67521],[126.794511,37.675242],[126.7945692,37.6752943],[126.7946015,37.6753222],[126.7945553,37.6753456],[126.7944974,37.6752865],[126.7944494,37.6752526],[126.7944252,37.6752144],[126.7943498,37.6751612],[126.7938889,37.6748323],[126.793795,37.6747282],[126.7936395,37.6745648],[126.793559,37.6744735],[126.7934785,37.6742718],[126.793449,37.6742124],[126.7934544,37.6741826],[126.7934329,37.6741444],[126.7934201,37.674058],[126.7934479,37.6739373],[126.7934532,37.673855],[126.7933873,37.6737113],[126.7933498,37.6736349],[126.793331,37.6735903],[126.7933095,37.6735394],[126.7932896,37.6734803],[126.7932595,37.6734088],[126.7932273,37.6733292],[126.7931056,37.6730885],[126.7930725,37.6730076],[126.7930695,37.6729447],[126.7930675,37.672855],[126.7930604,37.672813],[126.7930541,37.672751],[126.7930392,37.6726763],[126.7929808,37.6725596],[126.7929406,37.6724744],[126.7929343,37.6723994],[126.7929287,37.6723378],[126.7928124,37.6721019],[126.7927891,37.672031],[126.792773,37.6719236],[126.7927716,37.6718609],[126.7927704,37.6717773],[126.7927781,37.6717342],[126.792765,37.671634],[126.7927235,37.6715321],[126.7926685,37.6714121],[126.7926403,37.6713135],[126.7926148,37.6711956],[126.7925304,37.6710608],[126.7924378,37.6709408],[126.7923801,37.6708623],[126.7923158,37.6707752],[126.7922715,37.6706808],[126.7922514,37.6705756],[126.7922018,37.670495],[126.7921535,37.6704197],[126.7920923,37.6703292],[126.7920628,37.6702869],[126.7920113,37.6700682],[126.7919523,37.6699005],[126.7919121,37.6698156],[126.7918919,37.6696454],[126.7918802,37.6695151],[126.7918761,37.6694333],[126.7918825,37.6693455],[126.7918942,37.6692584],[126.7918959,37.6691654],[126.7918826,37.6691022],[126.7918475,37.6690223],[126.7917163,37.668839],[126.7915607,37.6685948],[126.7913596,37.6682275],[126.7912952,37.6680725],[126.7912603,37.6680194],[126.7911638,37.6678538],[126.7911316,37.6677732],[126.7911128,37.6677137],[126.7911101,37.6676585],[126.7911048,37.6675948],[126.7910994,37.6675417],[126.7910967,37.6674887],[126.7910994,37.6674568],[126.7911023,37.6673918],[126.7911082,37.6673374],[126.7911155,37.6672402],[126.7912333,37.6670398],[126.7913178,37.666892],[126.7915443,37.6665171],[126.791783,37.6661422],[126.7919668,37.6658745],[126.792294,37.6654023],[126.7923734,37.665288],[126.7924914,37.665133],[126.7925785,37.6650088],[126.7927019,37.6648198],[126.7928854,37.6645325],[126.7930455,37.6643102],[126.7932437,37.664022],[126.793495,37.6636261],[126.7937518,37.6631803],[126.7939906,37.6627579],[126.794227,37.6623532],[126.7945012,37.6618981]]]}},{"type":"Feature","id":"way/475040838","properties":{"osmType":"way","osmId":475040838,"osmVersion":1,"osmTimestamp":"2017-02-16T10:51:53Z","sourceUrl":"https://www.openstreetmap.org/way/475040838","name":null,"waterType":"pond","sourceTags":{"natural":"water","water":"pond"},"sourceSurveyed":false},"geometry":{"type":"Polygon","coordinates":[[[126.8297311,37.5360911],[126.8297294,37.5361022],[126.8297233,37.5361122],[126.8297133,37.5361202],[126.8297007,37.5361251],[126.8296868,37.5361266],[126.829673,37.5361244],[126.8296607,37.5361187],[126.8296514,37.5361101],[126.8296462,37.5360997],[126.8296456,37.5360884],[126.8296496,37.5360776],[126.8296578,37.5360684],[126.8296694,37.5360619],[126.829683,37.5360587],[126.8296972,37.5360592],[126.8297104,37.5360633],[126.8297211,37.5360706],[126.8297283,37.5360802],[126.8297311,37.5360911]]]}},{"type":"Feature","id":"way/475486323","properties":{"osmType":"way","osmId":475486323,"osmVersion":1,"osmTimestamp":"2017-02-18T15:01:29Z","sourceUrl":"https://www.openstreetmap.org/way/475486323","name":null,"waterType":"unspecified","sourceTags":{"natural":"water"},"sourceSurveyed":false},"geometry":{"type":"Polygon","coordinates":[[[126.8756326,37.5835731],[126.8748881,37.5836093],[126.8748721,37.5834025],[126.8756166,37.5833663],[126.8756326,37.5835731]]]}},{"type":"Feature","id":"way/475584715","properties":{"osmType":"way","osmId":475584715,"osmVersion":5,"osmTimestamp":"2020-06-10T18:45:39Z","sourceUrl":"https://www.openstreetmap.org/way/475584715","name":"연못","waterType":"unspecified","sourceTags":{"name":"연못","natural":"water"},"sourceSurveyed":false},"geometry":{"type":"Polygon","coordinates":[[[126.8510852,37.6167042],[126.8512119,37.6167136],[126.8512911,37.6167174],[126.8513534,37.6167403],[126.8514085,37.6167254],[126.8514439,37.6167249],[126.8514864,37.6167413],[126.8514554,37.6167583],[126.851405,37.6167586],[126.8513573,37.6167722],[126.8512891,37.6167421],[126.8511778,37.616736],[126.85111,37.6167652],[126.8508284,37.6168895],[126.8507412,37.6169044],[126.850577,37.6170223],[126.8505434,37.6169464],[126.8505857,37.6169156],[126.850642,37.6169087],[126.8506453,37.6168348],[126.8506152,37.6168306],[126.8508244,37.6167058],[126.850925,37.6167275],[126.8509759,37.6167339],[126.8510558,37.6167122],[126.8510852,37.6167042]]]}},{"type":"Feature","id":"way/475785640","properties":{"osmType":"way","osmId":475785640,"osmVersion":1,"osmTimestamp":"2017-02-20T08:16:36Z","sourceUrl":"https://www.openstreetmap.org/way/475785640","name":null,"waterType":"unspecified","sourceTags":{"natural":"water"},"sourceSurveyed":false},"geometry":{"type":"Polygon","coordinates":[[[126.9042323,37.6597046],[126.9041599,37.6597712],[126.9040763,37.6597319],[126.9041767,37.6596593],[126.9041633,37.6596159],[126.9044593,37.6593825],[126.9046081,37.6593465],[126.905217,37.6593594],[126.9060506,37.6597157],[126.9060466,37.6597249],[126.9052083,37.65937],[126.9046105,37.6593552],[126.9044681,37.6593904],[126.9042323,37.6597046]]]}},{"type":"Feature","id":"way/476442536","properties":{"osmType":"way","osmId":476442536,"osmVersion":4,"osmTimestamp":"2024-07-21T14:27:34Z","sourceUrl":"https://www.openstreetmap.org/way/476442536","name":"습지조화원","waterType":"lake","sourceTags":{"name":"습지조화원","natural":"water","water":"lake"},"sourceSurveyed":false},"geometry":{"type":"Polygon","coordinates":[[[127.0394819,37.5492628],[127.0393974,37.5491554],[127.0394149,37.54904],[127.0395369,37.5489363],[127.0397817,37.5489113],[127.0400217,37.5489443],[127.0400713,37.5490953],[127.0401438,37.5492069],[127.0401022,37.5493632],[127.0403087,37.5494632],[127.0405219,37.5494047],[127.0405917,37.5494398],[127.0407267,37.5495832],[127.0406495,37.5501374],[127.0406027,37.5501641],[127.0403378,37.5500201],[127.040374,37.5496894],[127.0403221,37.5495886],[127.0401961,37.5495567],[127.0399372,37.5496131],[127.0398353,37.5495355],[127.0397113,37.549334],[127.0394819,37.5492628]]]}},{"type":"Feature","id":"way/476468393","properties":{"osmType":"way","osmId":476468393,"osmVersion":2,"osmTimestamp":"2022-08-02T04:11:38Z","sourceUrl":"https://www.openstreetmap.org/way/476468393","name":null,"waterType":"pond","sourceTags":{"natural":"water","water":"pond"},"sourceSurveyed":false},"geometry":{"type":"Polygon","coordinates":[[[127.1532014,37.4751558],[127.1531792,37.4751257],[127.1531496,37.4750841],[127.1531569,37.4750488],[127.153215,37.4750232],[127.1532353,37.4750633],[127.1532971,37.4751275],[127.1532821,37.475147],[127.1532579,37.4751618],[127.1532227,37.4751674],[127.1532014,37.4751558]]]}},{"type":"Feature","id":"way/477292313","properties":{"osmType":"way","osmId":477292313,"osmVersion":8,"osmTimestamp":"2026-08-29T05:00:04Z","sourceUrl":"https://www.openstreetmap.org/way/477292313","name":null,"waterType":"river","sourceTags":{"natural":"water","water":"river"},"sourceSurveyed":false},"geometry":{"type":"Polygon","coordinates":[[[126.8417827,37.4657061],[126.8417801,37.4658222],[126.8416986,37.4657543],[126.839018,37.4654949],[126.837164,37.4652984],[126.8351552,37.4650911],[126.8349995,37.4650911],[126.8347974,37.4650204],[126.8346553,37.4650481],[126.8342395,37.4651609],[126.8333019,37.4655857],[126.8329909,37.4657164],[126.8329146,37.465743],[126.832132,37.4658535],[126.831075,37.4660302],[126.8300922,37.46659],[126.8297751,37.4668175],[126.8292161,37.467099],[126.8288055,37.4674475],[126.8286886,37.4675379],[126.828526,37.4676242],[126.8283461,37.467692],[126.8282119,37.4677283],[126.827538,37.467821],[126.826851,37.4679364],[126.826544,37.4680009],[126.8262727,37.4681485],[126.82617,37.4682687],[126.8260379,37.4684744],[126.8259119,37.4687713],[126.825736,37.4691464],[126.8256517,37.4694489],[126.8255612,37.4695893],[126.8255185,37.4696473],[126.8254138,37.4697425],[126.8246526,37.470375],[126.824309,37.4706694],[126.8241302,37.4708275],[126.8233191,37.4725368],[126.823127,37.4727675],[126.8227916,37.4730869],[126.8220862,37.4738241],[126.8219968,37.4740266],[126.8219277,37.4741742],[126.8218626,37.4743815],[126.821823,37.4745816],[126.821696,37.475151],[126.8216136,37.4753833],[126.8216899,37.4759754],[126.8216736,37.4761375],[126.8216238,37.4763287],[126.821515,37.4765852],[126.8215049,37.4766658],[126.821509,37.4767553],[126.8215334,37.4768678],[126.8218261,37.4776417],[126.8218581,37.4777599],[126.8218779,37.4778749],[126.8218922,37.477995],[126.82188,37.4781459],[126.8218252,37.4784854],[126.8217844,37.4786379],[126.8217295,37.4787496],[126.8216584,37.4788517],[126.8208595,37.4796074],[126.8199956,37.480297],[126.8197852,37.4804978],[126.8197384,37.480564],[126.819711,37.480635],[126.8197018,37.4807059],[126.8197161,37.4807802],[126.8201027,37.4815612],[126.8201159,37.4816348],[126.8201212,37.481688],[126.8200798,37.4819041],[126.82004,37.4819738],[126.8197539,37.4822976],[126.8197071,37.4823766],[126.8196129,37.4828106],[126.8194739,37.4833822],[126.8193841,37.4833758],[126.8196305,37.4824138],[126.8196705,37.4823197],[126.8197332,37.4822314],[126.8199833,37.4819652],[126.8200236,37.4818894],[126.8200511,37.4816546],[126.8200375,37.4815742],[126.8196477,37.4807919],[126.819634,37.4807234],[126.8196353,37.4806536],[126.8196554,37.4805759],[126.8196991,37.4804975],[126.8197664,37.4804116],[126.8198439,37.4803427],[126.8206431,37.4796846],[126.8210034,37.4793893],[126.8215988,37.4788054],[126.8216793,37.4787037],[126.8217129,37.4786194],[126.8217413,37.478489],[126.8217955,37.4782231],[126.8218131,37.4780739],[126.8218167,37.477919],[126.8217966,37.477798],[126.8217673,37.4776819],[126.821472,37.4768714],[126.8214515,37.4767762],[126.8214467,37.4766706],[126.8214616,37.4765562],[126.8214846,37.4764742],[126.821577,37.4762782],[126.8216069,37.4761564],[126.8216162,37.4759816],[126.8215683,37.475418],[126.8216084,37.4752334],[126.8216747,37.475017],[126.8217101,37.4747517],[126.8217424,37.4746795],[126.821784,37.4745194],[126.8218118,37.4744032],[126.8219304,37.4739704],[126.8220105,37.4738213],[126.8223956,37.4734019],[126.8229148,37.4728701],[126.8230565,37.4727331],[126.8232861,37.4724825],[126.8235618,37.4719054],[126.8239161,37.4711205],[126.8240671,37.4708111],[126.824121,37.4707524],[126.8246371,37.470338],[126.8252656,37.4698061],[126.8254305,37.4696594],[126.8255321,37.469465],[126.8255999,37.4693268],[126.8257201,37.4690823],[126.8257771,37.4690065],[126.8257694,37.4689722],[126.825831,37.4688402],[126.8260467,37.4683584],[126.8261776,37.4681371],[126.8262808,37.4680515],[126.8264241,37.4679757],[126.8265905,37.467906],[126.8268092,37.4678632],[126.8281772,37.4676419],[126.8284021,37.4675759],[126.8285608,37.4675148],[126.8287164,37.4674145],[126.8292849,37.466967],[126.8300058,37.4665977],[126.8310441,37.46599],[126.8328928,37.4657088],[126.8337401,37.4653371],[126.83425,37.4650828],[126.8348092,37.4649703],[126.835601,37.465051],[126.8367425,37.4651696],[126.8383324,37.4653371],[126.8398374,37.4654777],[126.8406285,37.4655615],[126.8416106,37.4656671],[126.8417827,37.4657061]]]}},{"type":"Feature","id":"way/477629713","properties":{"osmType":"way","osmId":477629713,"osmVersion":1,"osmTimestamp":"2017-02-28T07:13:56Z","sourceUrl":"https://www.openstreetmap.org/way/477629713","name":"수색배수지","waterType":"reservoir","sourceTags":{"name":"수색배수지","natural":"water","water":"reservoir"},"sourceSurveyed":false},"geometry":{"type":"Polygon","coordinates":[[[126.9014119,37.5891071],[126.9012514,37.5891738],[126.9011608,37.589037],[126.9013213,37.5889703],[126.9014119,37.5891071]]]}},{"type":"Feature","id":"way/477629715","properties":{"osmType":"way","osmId":477629715,"osmVersion":1,"osmTimestamp":"2017-02-28T07:13:56Z","sourceUrl":"https://www.openstreetmap.org/way/477629715","name":"증산배수지","waterType":"reservoir","sourceTags":{"name":"증산배수지","natural":"water","water":"reservoir"},"sourceSurveyed":false},"geometry":{"type":"Polygon","coordinates":[[[126.9030814,37.5842278],[126.9030687,37.5843362],[126.902647,37.5843052],[126.9026536,37.5842487],[126.9028099,37.5842602],[126.9028159,37.5842083],[126.9030814,37.5842278]]]}},{"type":"Feature","id":"way/477828910","properties":{"osmType":"way","osmId":477828910,"osmVersion":1,"osmTimestamp":"2017-03-01T08:18:38Z","sourceUrl":"https://www.openstreetmap.org/way/477828910","name":null,"waterType":"unspecified","sourceTags":{"natural":"water"},"sourceSurveyed":false},"geometry":{"type":"Polygon","coordinates":[[[127.1527578,37.4711399],[127.1525939,37.4710437],[127.1527299,37.4708978],[127.1528938,37.470994],[127.1527578,37.4711399]]]}},{"type":"Feature","id":"way/482587776","properties":{"osmType":"way","osmId":482587776,"osmVersion":2,"osmTimestamp":"2018-11-24T03:54:39Z","sourceUrl":"https://www.openstreetmap.org/way/482587776","name":"상지연못","waterType":"pond","sourceTags":{"name":"상지연못","natural":"water","water":"pond"},"sourceSurveyed":false},"geometry":{"type":"Polygon","coordinates":[[[127.0460755,37.6434991],[127.04601,37.6434627],[127.0459817,37.6433968],[127.0460064,37.6433198],[127.0460595,37.643331],[127.0461303,37.6433492],[127.0461958,37.6433856],[127.0461976,37.6434389],[127.0461586,37.6435005],[127.0460755,37.6434991]]]}},{"type":"Feature","id":"way/482587778","properties":{"osmType":"way","osmId":482587778,"osmVersion":2,"osmTimestamp":"2018-11-24T03:54:39Z","sourceUrl":"https://www.openstreetmap.org/way/482587778","name":"생태연못","waterType":"pond","sourceTags":{"name":"생태연못","natural":"water","water":"pond"},"sourceSurveyed":false},"geometry":{"type":"Polygon","coordinates":[[[127.0465419,37.644246],[127.0464882,37.6442589],[127.0464392,37.6442071],[127.0464579,37.6441591],[127.0464976,37.6440971],[127.0465618,37.6440759],[127.0466155,37.6440934],[127.046633,37.6441258],[127.0466283,37.6441683],[127.04657,37.6442154],[127.0465419,37.644246]]]}},{"type":"Feature","id":"way/482587785","properties":{"osmType":"way","osmId":482587785,"osmVersion":2,"osmTimestamp":"2018-11-24T03:54:39Z","sourceUrl":"https://www.openstreetmap.org/way/482587785","name":"하지연못","waterType":"pond","sourceTags":{"name":"하지연못","natural":"water","water":"pond"},"sourceSurveyed":false},"geometry":{"type":"Polygon","coordinates":[[[127.0464133,37.6437744],[127.0462994,37.6437696],[127.0462593,37.6437012],[127.046361,37.6436549],[127.0464195,37.6437183],[127.0464133,37.6437744]]]}},{"type":"Feature","id":"way/482597165","properties":{"osmType":"way","osmId":482597165,"osmVersion":57,"osmTimestamp":"2026-08-29T05:00:04Z","sourceUrl":"https://www.openstreetmap.org/way/482597165","name":null,"waterType":"river","sourceTags":{"natural":"water","water":"river"},"sourceSurveyed":false},"geometry":{"type":"Polygon","coordinates":[[[126.8304795,37.592378],[126.830281,37.5922696],[126.8306619,37.592089],[126.8307611,37.5919784],[126.8309167,37.5916766],[126.8310039,37.5917064],[126.8311004,37.5917553],[126.8311552,37.5918301],[126.8317287,37.5935974],[126.8320894,37.5943437],[126.8319243,37.5945725],[126.8322464,37.5950314],[126.8326321,37.5955105],[126.8332125,37.5958586],[126.83347,37.5963505],[126.8334475,37.5965902],[126.8334324,37.5969602],[126.8335918,37.5971247],[126.8337447,37.5972045],[126.8339676,37.5971682],[126.8347574,37.597119],[126.8357133,37.5971366],[126.8370658,37.5970073],[126.8407749,37.5969232],[126.8408315,37.5970354],[126.8417163,37.5968783],[126.8458714,37.5967606],[126.8464801,37.5968783],[126.8469968,37.597069],[126.8474144,37.5973326],[126.8477754,37.5976074],[126.8479736,37.597871],[126.8478391,37.5979103],[126.8475631,37.5976467],[126.8472233,37.5973607],[126.8468128,37.5971251],[126.8463102,37.5969737],[126.8458147,37.5968783],[126.8454325,37.5968952],[126.8454466,37.5969569],[126.8447034,37.5970466],[126.8446468,37.5969288],[126.8438186,37.5969288],[126.8445618,37.5971475],[126.8449228,37.5973719],[126.845482,37.5975457],[126.8464093,37.5975401],[126.8468411,37.5976859],[126.8471101,37.5979271],[126.8473932,37.5982299],[126.8475772,37.5986786],[126.8477932,37.5994241],[126.8479353,37.5996281],[126.8480198,37.5997631],[126.848119,37.599881],[126.8482545,37.6000234],[126.8484557,37.6002731],[126.8491557,37.6011742],[126.8500618,37.602122],[126.8507625,37.6023014],[126.8514916,37.6026828],[126.8526878,37.6035688],[126.8534806,37.6041913],[126.8572265,37.6076467],[126.8574518,37.6078305],[126.8576587,37.6079641],[126.8579239,37.6081503],[126.8580714,37.60828],[126.8581599,37.608383],[126.8582202,37.6085317],[126.8583316,37.6088473],[126.8584228,37.6091511],[126.8585032,37.6092616],[126.8585998,37.6093424],[126.8588144,37.6094805],[126.8592033,37.6096101],[126.8593508,37.6096802],[126.8599248,37.6100924],[126.8615995,37.6109933],[126.8634258,37.6123951],[126.8666422,37.6143283],[126.866972,37.6145482],[126.8692159,37.6157201],[126.8703697,37.6165835],[126.8708439,37.6166508],[126.8724649,37.6174021],[126.8733709,37.6175703],[126.8733782,37.6176431],[126.8733992,37.6178507],[126.8731515,37.6180133],[126.8730311,37.6182488],[126.8731869,37.6187814],[126.8742415,37.6225939],[126.8741708,37.6231882],[126.8742431,37.6234089],[126.8745105,37.6242253],[126.875098,37.6251167],[126.875636,37.6254811],[126.8754873,37.6257278],[126.8766057,37.6295567],[126.8762943,37.6309358],[126.8758129,37.6313899],[126.8750697,37.6329202],[126.875006,37.6336882],[126.8750505,37.6338075],[126.8751163,37.6339842],[126.8751688,37.6341478],[126.8753245,37.6344505],[126.8762801,37.6373205],[126.8764217,37.6380156],[126.8764642,37.638677],[126.8771364,37.6408876],[126.8772499,37.641261],[126.8783258,37.6422643],[126.8786939,37.6428976],[126.8788233,37.6430697],[126.8792201,37.6435198],[126.87961,37.6438473],[126.8799842,37.6441366],[126.8801519,37.6442771],[126.8824553,37.6455694],[126.8827569,37.6457448],[126.8831298,37.6459831],[126.8840097,37.6465519],[126.885971,37.6477526],[126.8876718,37.6482856],[126.8887981,37.6486876],[126.8911731,37.6496302],[126.8916292,37.6497592],[126.8923847,37.649973],[126.893516,37.650419],[126.8940007,37.6506465],[126.8945984,37.6508703],[126.8950467,37.6509966],[126.8955593,37.6511304],[126.8961599,37.6512415],[126.8962549,37.6512591],[126.8963867,37.6512768],[126.8969723,37.6513542],[126.897753,37.6512948],[126.8986912,37.6511202],[126.8992875,37.6509355],[126.9001803,37.65067],[126.9011818,37.650395],[126.9020242,37.6501561],[126.9023917,37.6501564],[126.903061,37.6499384],[126.9032397,37.6499389],[126.9060981,37.6490011],[126.9079408,37.6486179],[126.9082928,37.6484154],[126.9094531,37.6481262],[126.9104149,37.6477351],[126.9111355,37.6473037],[126.9124306,37.6461218],[126.9139191,37.6450934],[126.9141721,37.6449306],[126.914737,37.6449097],[126.9209022,37.6454938],[126.9227734,37.6457972],[126.9233015,37.6459716],[126.9259823,37.6475077],[126.9260837,37.6475719],[126.9266503,37.6484484],[126.9275725,37.6493637],[126.9293505,37.6502391],[126.930352,37.6504022],[126.9314137,37.6504863],[126.9335868,37.6503518],[126.9344137,37.6504171],[126.9347995,37.6505122],[126.9355412,37.6506996],[126.9360521,37.6508452],[126.9361428,37.6509324],[126.9362907,37.6510747],[126.9368091,37.6516779],[126.9376547,37.6529583],[126.9378501,37.653259],[126.9386662,37.6545971],[126.939745,37.6560624],[126.9401709,37.6565024],[126.9409502,37.6570141],[126.941826,37.6574409],[126.9423535,37.6576819],[126.9453353,37.6584295],[126.9461045,37.6586807],[126.9467243,37.6587914],[126.9470711,37.658797],[126.9472896,37.6587457],[126.9474383,37.6584993],[126.9475284,37.6581194],[126.9476669,37.6580052],[126.9476668,37.6581454],[126.9476001,37.6585325],[126.9476091,37.6586944],[126.9474577,37.6589668],[126.9473957,37.6590482],[126.946788,37.659066],[126.9455237,37.6586597],[126.9433172,37.6581064],[126.9422295,37.6578668],[126.9405448,37.657015],[126.9397591,37.6564434],[126.9383862,37.6547154],[126.9373313,37.6529577],[126.9361987,37.6514614],[126.9357819,37.6510137],[126.9349924,37.6507674],[126.9347515,37.6506873],[126.9343534,37.6505873],[126.9332796,37.650535],[126.931574,37.6507533],[126.9297715,37.6506488],[126.9285824,37.6503181],[126.9271738,37.6494607],[126.9249259,37.6472189],[126.923449,37.6463457],[126.922852,37.6460307],[126.9219504,37.6458707],[126.9195154,37.6456575],[126.9185055,37.6455442],[126.9144077,37.6451477],[126.9139978,37.64538],[126.9134006,37.6458075],[126.9124874,37.6465063],[126.9111449,37.6476373],[126.9106112,37.6479699],[126.9097901,37.6482556],[126.9075651,37.6488923],[126.906943,37.6489375],[126.9064809,37.6490552],[126.905364,37.649369],[126.9043982,37.6496682],[126.9039054,37.6498778],[126.9024911,37.6502739],[126.9020528,37.650238],[126.901236,37.6505382],[126.9004983,37.6507586],[126.8994656,37.651068],[126.8991584,37.651226],[126.8970371,37.6516427],[126.8965245,37.6516532],[126.896208,37.6516267],[126.8960643,37.6516136],[126.8959768,37.6515914],[126.8953989,37.6514446],[126.8948957,37.6512666],[126.8924003,37.6503797],[126.891449,37.6500522],[126.8906472,37.6497761],[126.8886553,37.6489572],[126.8880658,37.6487118],[126.8858066,37.6480246],[126.8837832,37.6467481],[126.882987,37.6461858],[126.8828064,37.6460643],[126.8822529,37.6457736],[126.8802865,37.6447808],[126.8799433,37.6445364],[126.8796627,37.6443306],[126.8792646,37.6440591],[126.878648,37.6435871],[126.8784329,37.6433096],[126.8782781,37.6431301],[126.8767119,37.6413114],[126.8765934,37.6410455],[126.8762447,37.6402633],[126.8760324,37.638436],[126.8748155,37.6341561],[126.8747642,37.6339837],[126.8746379,37.6335593],[126.8747016,37.6331949],[126.8759899,37.6298875],[126.8759899,37.629226],[126.8747776,37.6255134],[126.8740214,37.6246504],[126.8737045,37.6235011],[126.8734035,37.6224093],[126.8736555,37.6218104],[126.8732408,37.6208572],[126.8728749,37.6206769],[126.8725822,37.6200522],[126.8727367,37.6194146],[126.8721106,37.6185001],[126.8714195,37.6183133],[126.8706715,37.6178882],[126.8694843,37.6167096],[126.8688989,37.6158337],[126.8670613,37.6151638],[126.8662586,37.6148945],[126.8659393,37.6147774],[126.8648416,37.6141269],[126.8646464,37.6136567],[126.8637276,37.6131092],[126.8629715,37.613019],[126.8617681,37.6121753],[126.8616217,37.6117051],[126.8593125,37.6101528],[126.8583932,37.6094019],[126.8582699,37.6093147],[126.858235,37.6092425],[126.8582457,37.6091426],[126.8582404,37.6088877],[126.8582095,37.608774],[126.8581626,37.608689],[126.8581049,37.6086019],[126.8580607,37.6085477],[126.8578394,37.6083724],[126.8578047,37.6083395],[126.8577106,37.6082502],[126.8576074,37.6081461],[126.8573286,37.607937],[126.8561171,37.6069128],[126.8534908,37.604684],[126.8531574,37.6040592],[126.8527509,37.6038273],[126.8524848,37.6037206],[126.8513361,37.6027837],[126.8509539,37.6025647],[126.8501734,37.6024229],[126.8497262,37.6021653],[126.8491326,37.6015662],[126.848596,37.6008447],[126.8480167,37.6001105],[126.8475715,37.5995498],[126.8467909,37.5979586],[126.8464413,37.5977718],[126.846051,37.5977138],[126.8454899,37.5977653],[126.8451241,37.597688],[126.844376,37.5973724],[126.8436686,37.5971984],[126.8432458,37.5971727],[126.8430995,37.5971598],[126.8430913,37.597585],[126.8428555,37.597585],[126.8428149,37.5972113],[126.8417822,37.5972113],[126.8404569,37.5974819],[126.8399772,37.5975334],[126.8351799,37.597527],[126.834936,37.5974303],[126.8338952,37.5974046],[126.8336906,37.5974088],[126.8334544,37.5973455],[126.8332437,37.5972014],[126.8331532,37.5970444],[126.8329429,37.5965707],[126.8323016,37.5960452],[126.8317243,37.5953817],[126.8313259,37.594731],[126.8311063,37.5941769],[126.8308217,37.5934167],[126.8305546,37.5925034],[126.8304795,37.592378]]]}},{"type":"Feature","id":"way/485467378","properties":{"osmType":"way","osmId":485467378,"osmVersion":5,"osmTimestamp":"2025-07-20T12:34:40Z","sourceUrl":"https://www.openstreetmap.org/way/485467378","name":"칠폭지","waterType":"pond","sourceTags":{"name":"칠폭지","natural":"water","water":"pond"},"sourceSurveyed":false},"geometry":{"type":"Polygon","coordinates":[[[127.044065,37.6193726],[127.0440442,37.6193454],[127.0440477,37.6193337],[127.0440682,37.61929],[127.0440022,37.6191276],[127.0439428,37.6190715],[127.0439691,37.6190209],[127.0440238,37.6191027],[127.0440681,37.6192363],[127.0441063,37.619241],[127.0441105,37.6192134],[127.0441634,37.6192618],[127.0441933,37.6193476],[127.0442932,37.6193549],[127.0442773,37.6193781],[127.0443074,37.6194223],[127.0443473,37.6194964],[127.0444754,37.6197606],[127.0444344,37.6197611],[127.0443972,37.6197628],[127.0443657,37.6197691],[127.0444024,37.6198119],[127.0444333,37.6198057],[127.0444562,37.6198031],[127.0444755,37.6198049],[127.0444945,37.6198072],[127.04451,37.6198141],[127.0445162,37.6198271],[127.0444848,37.6198432],[127.0444615,37.6198619],[127.0444396,37.6198867],[127.0444311,37.619899],[127.0444264,37.6199159],[127.0444286,37.6199409],[127.0443377,37.6199878],[127.0443242,37.6199726],[127.0443202,37.6199448],[127.0443266,37.6199126],[127.0443234,37.6198791],[127.044321,37.6198577],[127.0442835,37.6198185],[127.0442596,37.6198071],[127.0441942,37.6197958],[127.0441703,37.6197932],[127.0441478,37.6197603],[127.0441161,37.619725],[127.0441304,37.6196909],[127.0441352,37.6196751],[127.0441336,37.6196486],[127.0441256,37.6196151],[127.0441113,37.6195387],[127.0441081,37.619502],[127.0440913,37.6194724],[127.0440858,37.6194395],[127.044081,37.6194162],[127.0440746,37.6193934],[127.044065,37.6193726]]]}},{"type":"Feature","id":"way/493946021","properties":{"osmType":"way","osmId":493946021,"osmVersion":2,"osmTimestamp":"2017-05-23T19:11:52Z","sourceUrl":"https://www.openstreetmap.org/way/493946021","name":null,"waterType":"lake","sourceTags":{"natural":"water","water":"lake"},"sourceSurveyed":false},"geometry":{"type":"Polygon","coordinates":[[[127.0518033,37.5975827],[127.0518489,37.5975625],[127.051865,37.5975306],[127.0519079,37.5975179],[127.0519763,37.5975508],[127.0520052,37.5975646],[127.0520212,37.5975827],[127.0520152,37.5975949],[127.0519931,37.5976124],[127.0519931,37.5976278],[127.0520192,37.5976363],[127.0520313,37.5976491],[127.0520306,37.5976613],[127.0520139,37.5976698],[127.0519904,37.5976783],[127.0519562,37.5977102],[127.0519415,37.5977463],[127.0519267,37.5977697],[127.0518342,37.5977771],[127.0517564,37.5978016],[127.0517376,37.5977941],[127.0517309,37.597774],[127.0517738,37.5977421],[127.0517872,37.5977176],[127.0517832,37.5976921],[127.0517819,37.597639],[127.0518033,37.5975827]]]}},{"type":"Feature","id":"way/497347220","properties":{"osmType":"way","osmId":497347220,"osmVersion":1,"osmTimestamp":"2017-06-01T07:44:42Z","sourceUrl":"https://www.openstreetmap.org/way/497347220","name":"중앙광장 조경","waterType":"lake","sourceTags":{"name":"중앙광장 조경","natural":"water","water":"lake"},"sourceSurveyed":false},"geometry":{"type":"Polygon","coordinates":[[[126.7686022,37.5116548],[126.7682521,37.5117509],[126.7682497,37.5117444],[126.7685916,37.5116504],[126.7685843,37.5116325],[126.7685803,37.5116143],[126.7685805,37.5115979],[126.7685861,37.5115812],[126.7685948,37.5115685],[126.768606,37.5115566],[126.7686217,37.5115461],[126.7686427,37.5115375],[126.7686639,37.5115331],[126.7686838,37.5115334],[126.7687049,37.5115374],[126.7687226,37.5115443],[126.7687382,37.5115542],[126.7687511,37.5115657],[126.768763,37.5115815],[126.7687742,37.5115997],[126.7688625,37.5115434],[126.768877,37.5115768],[126.768771,37.51161],[126.7687554,37.5115851],[126.7687451,37.5115705],[126.768733,37.5115598],[126.7687186,37.5115507],[126.7687033,37.5115443],[126.7686846,37.5115408],[126.7686643,37.5115403],[126.7686473,37.5115443],[126.768629,37.5115512],[126.7686145,37.5115602],[126.7686027,37.5115721],[126.7685951,37.5115824],[126.7685892,37.5115973],[126.7685887,37.5116119],[126.7685926,37.5116302],[126.7686022,37.5116548]]]}},{"type":"Feature","id":"way/499555402","properties":{"osmType":"way","osmId":499555402,"osmVersion":1,"osmTimestamp":"2017-06-10T22:50:34Z","sourceUrl":"https://www.openstreetmap.org/way/499555402","name":null,"waterType":"unspecified","sourceTags":{"natural":"water"},"sourceSurveyed":false},"geometry":{"type":"Polygon","coordinates":[[[126.8506868,37.6170328],[126.8506848,37.6170349],[126.8506687,37.6170408],[126.8506519,37.6170434],[126.8506385,37.617036],[126.8506298,37.6170243],[126.8506365,37.6170116],[126.8506472,37.617002],[126.8506633,37.6169919],[126.8506747,37.6169807],[126.8506988,37.6169627],[126.8507384,37.6169393],[126.8507485,37.6169298],[126.8507639,37.6169239],[126.8507793,37.6169213],[126.8507954,37.6169213],[126.8508115,37.6169239],[126.8508262,37.6169287],[126.8508343,37.6169398],[126.8508343,37.6169531],[126.8508249,37.6169648],[126.8508122,37.6169754],[126.8507988,37.6169845],[126.8507699,37.6170004],[126.8507384,37.6170126],[126.8507223,37.6170163],[126.8506868,37.6170328]]]}},{"type":"Feature","id":"way/522488059","properties":{"osmType":"way","osmId":522488059,"osmVersion":1,"osmTimestamp":"2017-09-08T13:37:31Z","sourceUrl":"https://www.openstreetmap.org/way/522488059","name":null,"waterType":"pond","sourceTags":{"natural":"water","water":"pond"},"sourceSurveyed":false},"geometry":{"type":"Polygon","coordinates":[[[126.8242823,37.4648155],[126.8239821,37.4649546],[126.8239085,37.4648546],[126.8241052,37.4647635],[126.8240479,37.4646856],[126.8241514,37.4646377],[126.8242823,37.4648155]]]}},{"type":"Feature","id":"way/526682766","properties":{"osmType":"way","osmId":526682766,"osmVersion":3,"osmTimestamp":"2025-04-19T16:45:53Z","sourceUrl":"https://www.openstreetmap.org/way/526682766","name":null,"waterType":"unspecified","sourceTags":{"natural":"water"},"sourceSurveyed":false},"geometry":{"type":"Polygon","coordinates":[[[126.7839176,37.4910376],[126.7839263,37.4910572],[126.7837684,37.4911825],[126.7835813,37.4913195],[126.7833894,37.4914755],[126.7832215,37.4916088],[126.7830603,37.4917444],[126.782796,37.4919195],[126.782524,37.4921278],[126.7822942,37.4923047],[126.7821566,37.4924309],[126.781927,37.4926058],[126.7819088,37.4925898],[126.7818941,37.4925769],[126.7821581,37.492364],[126.7826617,37.4919734],[126.782943,37.4917418],[126.7833327,37.4914521],[126.7836717,37.4911953],[126.7839046,37.4910084],[126.7839176,37.4910376]]]}},{"type":"Feature","id":"way/526689515","properties":{"osmType":"way","osmId":526689515,"osmVersion":1,"osmTimestamp":"2017-09-22T07:35:08Z","sourceUrl":"https://www.openstreetmap.org/way/526689515","name":null,"waterType":"unspecified","sourceTags":{"natural":"water"},"sourceSurveyed":false},"geometry":{"type":"Polygon","coordinates":[[[126.7978465,37.5052197],[126.7979456,37.5052393],[126.797935,37.5052681],[126.7978775,37.5052576],[126.7977881,37.50524],[126.7977253,37.5052035],[126.7976536,37.5051432],[126.7975899,37.5050856],[126.7976191,37.5050758],[126.7976501,37.5050821],[126.7976846,37.5051116],[126.7977244,37.5051453],[126.7977801,37.505186],[126.7978465,37.5052197]]]}},{"type":"Feature","id":"way/533385445","properties":{"osmType":"way","osmId":533385445,"osmVersion":1,"osmTimestamp":"2017-10-18T14:16:58Z","sourceUrl":"https://www.openstreetmap.org/way/533385445","name":"식물 연못","waterType":"pond","sourceTags":{"name":"식물 연못","natural":"water","water":"pond"},"sourceSurveyed":false},"geometry":{"type":"Polygon","coordinates":[[[127.0990404,37.4731833],[127.096601,37.4728897],[127.0966254,37.4727574],[127.0966661,37.4726026],[127.0990973,37.4729091],[127.0990404,37.4731833]]]}},{"type":"Feature","id":"way/536399699","properties":{"osmType":"way","osmId":536399699,"osmVersion":1,"osmTimestamp":"2017-10-28T14:28:21Z","sourceUrl":"https://www.openstreetmap.org/way/536399699","name":null,"waterType":"lake","sourceTags":{"natural":"water","water":"lake"},"sourceSurveyed":false},"geometry":{"type":"Polygon","coordinates":[[[127.0446709,37.5915735],[127.0440209,37.5916177],[127.0439772,37.5912137],[127.0446272,37.5911694],[127.0446709,37.5915735]]]}},{"type":"Feature","id":"way/545762451","properties":{"osmType":"way","osmId":545762451,"osmVersion":2,"osmTimestamp":"2017-12-17T08:33:12Z","sourceUrl":"https://www.openstreetmap.org/way/545762451","name":null,"waterType":"reservoir","sourceTags":{"natural":"water","water":"reservoir"},"sourceSurveyed":false},"geometry":{"type":"Polygon","coordinates":[[[126.9136796,37.6443062],[126.9134087,37.644443],[126.9132593,37.6443654],[126.913338,37.6443409],[126.9133293,37.6441731],[126.9143567,37.6437441],[126.9144641,37.64377],[126.9145067,37.6438962],[126.9146416,37.6442655],[126.9141886,37.6442524],[126.9141185,37.644247],[126.9137356,37.6443247],[126.9136796,37.6443062]]]}},{"type":"Feature","id":"way/549688622","properties":{"osmType":"way","osmId":549688622,"osmVersion":6,"osmTimestamp":"2025-07-09T16:01:20Z","sourceUrl":"https://www.openstreetmap.org/way/549688622","name":"홍릉천","waterType":"river","sourceTags":{"name":"홍릉천","name:en":"Hongneung Stream","name:ko":"홍릉천","natural":"water","water":"river"},"sourceSurveyed":false},"geometry":{"type":"Polygon","coordinates":[[[127.183668,37.5981711],[127.1837886,37.59829285777459],[127.1837886,37.598479245826844],[127.1836199,37.5983008],[127.1828493,37.5975274],[127.1823419,37.5970568],[127.1818667,37.5965708],[127.1814943,37.5961511],[127.1810736,37.5955074],[127.1806434,37.5948637],[127.180409,37.5945457],[127.1803126,37.5941616],[127.1804186,37.5938664],[127.1811122,37.5936553],[127.1827273,37.5933092],[127.1833373,37.5929378],[127.1834375,37.5924959],[127.183363,37.5921872],[127.1833,37.5919763],[127.1832222,37.5918456],[127.1835802,37.5919397],[127.1837886,37.59196417174949],[127.1837886,37.592117410130044],[127.1837279,37.5922192],[127.1837247,37.5924439],[127.1837279,37.5926401],[127.1837006,37.5927409],[127.183628,37.5929064],[127.1834917,37.5931025],[127.183276,37.593286],[127.1830831,37.5933903],[127.1826948,37.5935199],[127.1817321,37.5937699],[127.1813666,37.5938545],[127.1810851,37.5938887],[127.1808512,37.5939444],[127.1807104,37.5940326],[127.1806514,37.5941819],[127.1806923,37.5944176],[127.1806832,37.5945435],[127.1808467,37.5948457],[127.1810465,37.5951983],[127.1812508,37.5955077],[127.1816933,37.5961511],[127.1819695,37.596492],[127.182541,37.5970517],[127.183668,37.5981711]]]}},{"type":"Feature","id":"way/550219736","properties":{"osmType":"way","osmId":550219736,"osmVersion":1,"osmTimestamp":"2018-01-01T09:56:51Z","sourceUrl":"https://www.openstreetmap.org/way/550219736","name":null,"waterType":"reservoir","sourceTags":{"natural":"water","water":"reservoir"},"sourceSurveyed":false},"geometry":{"type":"Polygon","coordinates":[[[126.8738334,37.6282829],[126.873877,37.6283763],[126.8737812,37.6283893],[126.8735384,37.6283782],[126.8732559,37.6283375],[126.8730513,37.6282667],[126.8728939,37.6281951],[126.8727095,37.6280694],[126.872553,37.6279048],[126.8724573,37.6277328],[126.8724503,37.6275331],[126.8725273,37.6273851],[126.8726628,37.6273185],[126.8727842,37.6272963],[126.87292,37.6273093],[126.8730527,37.6273296],[126.8731957,37.6273591],[126.8733434,37.6274217],[126.8734696,37.627494],[126.8735564,37.627541],[126.8736115,37.6275991],[126.8736444,37.6276808],[126.873622,37.6277919],[126.8735915,37.6279351],[126.8736485,37.6280929],[126.8737542,37.6281992],[126.8738334,37.6282829]]]}},{"type":"Feature","id":"way/553774105","properties":{"osmType":"way","osmId":553774105,"osmVersion":2,"osmTimestamp":"2018-01-17T15:08:06Z","sourceUrl":"https://www.openstreetmap.org/way/553774105","name":null,"waterType":"unspecified","sourceTags":{"natural":"water"},"sourceSurveyed":false},"geometry":{"type":"Polygon","coordinates":[[[126.8025676,37.6454161],[126.8026127,37.6456431],[126.8025108,37.6456571],[126.8024695,37.6457266],[126.8024037,37.645659],[126.8023683,37.6456225],[126.8023192,37.6455365],[126.8023605,37.6454464],[126.802419,37.6453409],[126.8025676,37.6454161]]]}},{"type":"Feature","id":"way/561715417","properties":{"osmType":"way","osmId":561715417,"osmVersion":2,"osmTimestamp":"2018-07-12T15:28:15Z","sourceUrl":"https://www.openstreetmap.org/way/561715417","name":"아크로비스타 내 백조 호수","waterType":"pond","sourceTags":{"name":"아크로비스타 내 백조 호수","natural":"water","water":"pond"},"sourceSurveyed":false},"geometry":{"type":"Polygon","coordinates":[[[127.0137366,37.4978654],[127.0135678,37.4978437],[127.013601,37.4976815],[127.0137698,37.4977033],[127.0137366,37.4978654]]]}},{"type":"Feature","id":"way/564235952","properties":{"osmType":"way","osmId":564235952,"osmVersion":2,"osmTimestamp":"2018-03-12T08:06:25Z","sourceUrl":"https://www.openstreetmap.org/way/564235952","name":null,"waterType":"unspecified","sourceTags":{"natural":"water"},"sourceSurveyed":false},"geometry":{"type":"MultiPolygon","coordinates":[[[[127.1147723,37.4289715],[127.11366495098946,37.4285424],[127.11388773973799,37.4285424],[127.1148206,37.4288842],[127.1157406,37.4290971],[127.1166605,37.4292186],[127.1170847,37.4292134],[127.1171043,37.4292929],[127.1166927,37.4292846],[127.1157245,37.429161],[127.1147723,37.4289715]]],[[[127.0909355,37.4286669],[127.09101990610728,37.4285424],[127.09105276018349,37.4285424],[127.0909543,37.4286818],[127.0896266,37.4302026],[127.0894898,37.4303602],[127.0892731,37.4302946],[127.0892852,37.4302744],[127.0892834,37.430257],[127.0894576,37.4303006],[127.0895944,37.4301813],[127.0909355,37.4286669]]]]}},{"type":"Feature","id":"way/566299916","properties":{"osmType":"way","osmId":566299916,"osmVersion":1,"osmTimestamp":"2018-03-04T09:35:15Z","sourceUrl":"https://www.openstreetmap.org/way/566299916","name":null,"waterType":"unspecified","sourceTags":{"natural":"water"},"sourceSurveyed":false},"geometry":{"type":"Polygon","coordinates":[[[127.1608076,37.5925525],[127.1608338,37.5925219],[127.1608714,37.5924999],[127.160916,37.5924891],[127.1609626,37.5924905],[127.161006,37.5925041],[127.1610412,37.5925283],[127.1610637,37.5925591],[127.1610727,37.5925939],[127.1610671,37.5926292],[127.1610477,37.5926612],[127.1610164,37.5926866],[127.1609765,37.5927029],[127.1609321,37.5927082],[127.160888,37.592702],[127.1608486,37.5926849],[127.1608181,37.5926589],[127.1607993,37.592625],[127.1607956,37.5925882],[127.1608076,37.5925525]]]}},{"type":"Feature","id":"way/566299921","properties":{"osmType":"way","osmId":566299921,"osmVersion":2,"osmTimestamp":"2022-05-10T06:33:54Z","sourceUrl":"https://www.openstreetmap.org/way/566299921","name":null,"waterType":"unspecified","sourceTags":{"natural":"water"},"sourceSurveyed":false},"geometry":{"type":"Polygon","coordinates":[[[127.1615049,37.591618],[127.1615312,37.5915874],[127.1615687,37.5915655],[127.1616133,37.5915546],[127.1616437,37.5915555],[127.1616599,37.591556],[127.1617033,37.5915696],[127.1617385,37.5915939],[127.161761,37.5916246],[127.16177,37.5916594],[127.1617645,37.5916947],[127.161745,37.5917267],[127.1617137,37.5917522],[127.1616738,37.5917684],[127.1616295,37.5917737],[127.1615853,37.5917675],[127.1615459,37.5917505],[127.1615155,37.5917244],[127.1614966,37.5916906],[127.161493,37.5916537],[127.1615049,37.591618]]]}},{"type":"Feature","id":"way/566299924","properties":{"osmType":"way","osmId":566299924,"osmVersion":1,"osmTimestamp":"2018-03-04T09:35:15Z","sourceUrl":"https://www.openstreetmap.org/way/566299924","name":null,"waterType":"unspecified","sourceTags":{"natural":"water"},"sourceSurveyed":false},"geometry":{"type":"Polygon","coordinates":[[[127.161178,37.5914575],[127.1612043,37.5914269],[127.1612418,37.591405],[127.1612864,37.5913941],[127.161333,37.5913955],[127.1613764,37.5914091],[127.1614116,37.5914333],[127.1614341,37.5914641],[127.1614431,37.5914989],[127.1614376,37.5915342],[127.1614181,37.5915662],[127.1613868,37.5915917],[127.1613469,37.5916079],[127.1613026,37.5916132],[127.1612584,37.591607],[127.161219,37.59159],[127.1611886,37.5915639],[127.1611697,37.5915301],[127.1611661,37.5914932],[127.161178,37.5914575]]]}},{"type":"Feature","id":"way/566299927","properties":{"osmType":"way","osmId":566299927,"osmVersion":1,"osmTimestamp":"2018-03-04T09:35:15Z","sourceUrl":"https://www.openstreetmap.org/way/566299927","name":null,"waterType":"unspecified","sourceTags":{"natural":"water"},"sourceSurveyed":false},"geometry":{"type":"Polygon","coordinates":[[[127.161314,37.5918734],[127.161341,37.5918464],[127.1613776,37.5918279],[127.1614198,37.5918197],[127.1614631,37.591823],[127.1615027,37.5918372],[127.1615343,37.5918608],[127.1615544,37.5918911],[127.1615611,37.591925],[127.1615535,37.5919588],[127.1615325,37.5919888],[127.1615004,37.5920118],[127.1614606,37.5920253],[127.1614174,37.5920278],[127.1613756,37.5920192],[127.1613395,37.5920002],[127.161313,37.5919729],[127.1612992,37.5919403],[127.1612995,37.5919059],[127.161314,37.5918734]]]}},{"type":"Feature","id":"way/566335760","properties":{"osmType":"way","osmId":566335760,"osmVersion":5,"osmTimestamp":"2021-01-20T13:11:32Z","sourceUrl":"https://www.openstreetmap.org/way/566335760","name":null,"waterType":"stream","sourceTags":{"natural":"water","water":"stream"},"sourceSurveyed":false},"geometry":{"type":"Polygon","coordinates":[[[127.0041909,37.5566613],[127.0041914,37.5566412],[127.0042115,37.5566317],[127.0042397,37.5566295],[127.0042746,37.5566295],[127.0042907,37.5566402],[127.0042866,37.5566614],[127.0042907,37.5566827],[127.0042974,37.5567093],[127.0042907,37.556738],[127.0042866,37.5567508],[127.004292,37.5567752],[127.0043081,37.5567965],[127.0043202,37.5568092],[127.0043322,37.5568358],[127.004351,37.5568528],[127.0043604,37.5568635],[127.0043644,37.5568911],[127.0043698,37.556922],[127.0043792,37.5569656],[127.0043926,37.5570007],[127.0044087,37.5570336],[127.0044261,37.5570591],[127.0044436,37.5570783],[127.0044691,37.5570942],[127.0044758,37.5571081],[127.0044905,37.5571336],[127.0045013,37.5571623],[127.0045133,37.5571857],[127.0045308,37.5572133],[127.0045375,37.5572367],[127.0045496,37.5572516],[127.004575,37.557274],[127.0045992,37.5572931],[127.0046207,37.5573027],[127.0046421,37.557325],[127.0046703,37.5573473],[127.0046757,37.5573707],[127.004681,37.5574016],[127.004681,37.5574218],[127.0046824,37.5574404],[127.0046897,37.5574638],[127.0047052,37.5574813],[127.004738,37.5575276],[127.0047441,37.5575462],[127.0047535,37.5575659],[127.0047635,37.5575824],[127.0047769,37.5575967],[127.0047883,37.5576063],[127.0047984,37.557618],[127.0048034,37.5576294],[127.0048048,37.5576414],[127.0048081,37.5576549],[127.0048128,37.5576664],[127.0048199,37.5576775],[127.0048272,37.5576863],[127.0048356,37.5576911],[127.004847,37.5576969],[127.0048554,37.5577039],[127.0048614,37.5577121],[127.0048671,37.5577235],[127.0048708,37.5577334],[127.0048755,37.5577411],[127.0048816,37.5577493],[127.0048849,37.5577573],[127.0048849,37.5577685],[127.0048842,37.5577796],[127.0048839,37.5577908],[127.0048849,37.5578012],[127.0048886,37.5578097],[127.004895,37.5578212],[127.0049071,37.5578393],[127.0049138,37.5578489],[127.0049258,37.557868],[127.0049406,37.5578829],[127.0049594,37.5578935],[127.0049754,37.5578999],[127.0049875,37.5579127],[127.0049982,37.5579307],[127.0049969,37.5579488],[127.0049848,37.5579637],[127.0049754,37.5579743],[127.0049701,37.5579903],[127.0049781,37.5580073],[127.0049915,37.5580307],[127.0050235,37.5580819],[127.0050333,37.5581002],[127.0050552,37.5581337],[127.0050638,37.5581435],[127.005076,37.5581614],[127.0050733,37.5581848],[127.0050787,37.5582018],[127.0050948,37.5582231],[127.0051149,37.5582433],[127.0051471,37.5582624],[127.0051659,37.5582848],[127.0051847,37.5583018],[127.0052008,37.5583103],[127.0052209,37.558339],[127.0052557,37.5583719],[127.0052624,37.5583921],[127.0052785,37.5584219],[127.0053054,37.5584687],[127.0053308,37.558491],[127.0054019,37.5586505],[127.0054033,37.5587313],[127.0052691,37.5587483],[127.0052463,37.5587419],[127.0052249,37.5587206],[127.0052115,37.5587015],[127.0052088,37.5586781],[127.0052088,37.5586494],[127.0052048,37.5586228],[127.0051914,37.5585973],[127.0051672,37.558542],[127.0051417,37.5585101],[127.0051278,37.5584892],[127.0051262,37.5584744],[127.0051217,37.5584452],[127.0051353,37.5584017],[127.0051283,37.5583502],[127.0051229,37.558321],[127.0050962,37.5582776],[127.0050784,37.5582288],[127.0050549,37.5581959],[127.0050492,37.5581827],[127.0050363,37.5581548],[127.0050319,37.5581473],[127.0050079,37.5581069],[127.0049978,37.5580925],[127.0049768,37.558053],[127.0049459,37.5580009],[127.0049272,37.5579967],[127.0049017,37.5579881],[127.0048856,37.5579594],[127.004891,37.5579286],[127.0048936,37.5579031],[127.0048936,37.5578861],[127.0048856,37.5578553],[127.0048762,37.5578319],[127.0048655,37.5578074],[127.0048521,37.5577978],[127.0048346,37.5577904],[127.0048172,37.5577787],[127.0048051,37.5577628],[127.0047984,37.5577415],[127.0047984,37.5577181],[127.0047984,37.5576979],[127.0047877,37.5576713],[127.0047703,37.5576564],[127.0047515,37.557649],[127.004734,37.5576352],[127.0047287,37.5576118],[127.0047314,37.5575927],[127.0047247,37.5575714],[127.0047032,37.5575193],[127.0046683,37.5574619],[127.0046496,37.5574364],[127.0046321,37.5574194],[127.0046147,37.5574055],[127.0045959,37.5573832],[127.0045825,37.5573566],[127.0045758,37.5573279],[127.0045678,37.5573014],[127.0045557,37.5572833],[127.0045409,37.5572663],[127.0045235,37.5572514],[127.0045168,37.5572344],[127.0045154,37.5572184],[127.004494,37.5571812],[127.0044752,37.5571493],[127.0044578,37.5571196],[127.0044403,37.5571004],[127.0044216,37.5570898],[127.0043974,37.5570685],[127.0043787,37.5570441],[127.0043652,37.5570186],[127.0043572,37.5569898],[127.0043505,37.5569569],[127.0043465,37.556925],[127.0043451,37.5568963],[127.0043384,37.5568761],[127.0043223,37.5568559],[127.0043022,37.5568357],[127.0042848,37.5568166],[127.00427,37.5567953],[127.0042539,37.5567581],[127.0042352,37.5567432],[127.0042191,37.5567304],[127.0042057,37.5567102],[127.0041963,37.5566826],[127.0041909,37.5566613]]]}},{"type":"Feature","id":"way/569206587","properties":{"osmType":"way","osmId":569206587,"osmVersion":1,"osmTimestamp":"2018-03-13T05:59:53Z","sourceUrl":"https://www.openstreetmap.org/way/569206587","name":null,"waterType":"reservoir","sourceTags":{"natural":"water","water":"reservoir"},"sourceSurveyed":false},"geometry":{"type":"Polygon","coordinates":[[[126.8295735,37.4657937],[126.8294608,37.4656745],[126.829375,37.4655297],[126.8294018,37.4653296],[126.8295789,37.4651976],[126.829831,37.4650699],[126.8301046,37.4650315],[126.8303406,37.4650145],[126.8306088,37.4649251],[126.8307483,37.4649805],[126.8307805,37.465253],[126.8307376,37.465436],[126.8306571,37.465551],[126.8304962,37.4655808],[126.8302601,37.4656447],[126.8300617,37.4657894],[126.8297827,37.465832],[126.8295735,37.4657937]]]}},{"type":"Feature","id":"way/576146226","properties":{"osmType":"way","osmId":576146226,"osmVersion":3,"osmTimestamp":"2023-08-24T11:09:28Z","sourceUrl":"https://www.openstreetmap.org/way/576146226","name":null,"waterType":"reservoir","sourceTags":{"natural":"water","water":"reservoir"},"sourceSurveyed":false},"geometry":{"type":"Polygon","coordinates":[[[127.164145,37.5958487],[127.1639025,37.5958906],[127.1638699,37.5958731],[127.1638226,37.595869],[127.1637778,37.5958097],[127.1637705,37.5957643],[127.1637871,37.5957463],[127.1638272,37.5957232],[127.1638218,37.5956776],[127.1639261,37.5956225],[127.1639531,37.5956368],[127.1639992,37.5957033],[127.1640656,37.5958148],[127.164136,37.5957956],[127.164073,37.5956924],[127.1640274,37.5956113],[127.1640274,37.5955632],[127.1641261,37.5955121],[127.1642152,37.5955669],[127.1642835,37.5956312],[127.1643385,37.5957104],[127.1643387,37.5957457],[127.1643301,37.5957699],[127.1643039,37.5957982],[127.1642276,37.5958201],[127.1641972,37.5958122],[127.1641847,37.5958361],[127.164145,37.5958487]]]}},{"type":"Feature","id":"way/576146227","properties":{"osmType":"way","osmId":576146227,"osmVersion":1,"osmTimestamp":"2018-04-04T04:45:15Z","sourceUrl":"https://www.openstreetmap.org/way/576146227","name":null,"waterType":"reservoir","sourceTags":{"natural":"water","water":"reservoir"},"sourceSurveyed":false},"geometry":{"type":"Polygon","coordinates":[[[127.164412,37.5953931],[127.1644599,37.5953834],[127.1644947,37.5953995],[127.1645616,37.5954696],[127.1646337,37.5955098],[127.1647196,37.5955321],[127.1648762,37.5955217],[127.1650468,37.595477],[127.1651808,37.5954214],[127.1652912,37.5953398],[127.1653914,37.5952748],[127.1654461,37.5951888],[127.1654684,37.595068],[127.1655221,37.5950802],[127.1656147,37.5951422],[127.1656688,37.5952166],[127.1657294,37.5953278],[127.1656945,37.5953506],[127.1656943,37.5953844],[127.1653919,37.5954954],[127.1650452,37.5955985],[127.164651,37.5957122],[127.1644538,37.5957612],[127.1643993,37.595669],[127.1643291,37.5955553],[127.1642717,37.5954744],[127.1643015,37.5954462],[127.164412,37.5953931]]]}},{"type":"Feature","id":"way/576509581","properties":{"osmType":"way","osmId":576509581,"osmVersion":2,"osmTimestamp":"2023-08-24T11:09:28Z","sourceUrl":"https://www.openstreetmap.org/way/576509581","name":null,"waterType":"reservoir","sourceTags":{"natural":"water","water":"reservoir"},"sourceSurveyed":false},"geometry":{"type":"Polygon","coordinates":[[[127.1655755,37.5950238],[127.1654905,37.5950065],[127.165422,37.5949917],[127.1653954,37.5949556],[127.1654258,37.5949106],[127.1654865,37.5948565],[127.165623,37.5947934],[127.1658227,37.5947415],[127.1658586,37.5947897],[127.165957,37.5950202],[127.1660043,37.5951344],[127.1660108,37.5951968],[127.1659341,37.5952382],[127.1658801,37.5952727],[127.1658408,37.5952979],[127.1657956,37.5952757],[127.1657511,37.5951759],[127.1656761,37.5950886],[127.1655755,37.5950238]]]}},{"type":"Feature","id":"way/576509583","properties":{"osmType":"way","osmId":576509583,"osmVersion":1,"osmTimestamp":"2018-04-05T01:49:32Z","sourceUrl":"https://www.openstreetmap.org/way/576509583","name":null,"waterType":"reservoir","sourceTags":{"natural":"water","water":"reservoir"},"sourceSurveyed":false},"geometry":{"type":"Polygon","coordinates":[[[127.166246,37.5951492],[127.1661212,37.595169],[127.1659375,37.5947847],[127.1659567,37.5947487],[127.1659756,37.594743],[127.1661253,37.5947568],[127.1662496,37.5947566],[127.166362,37.5947465],[127.1664812,37.5947156],[127.1665885,37.5946666],[127.1666093,37.5946518],[127.1666923,37.5947221],[127.1667909,37.5948019],[127.1668375,37.5948524],[127.1668153,37.594887],[127.1667373,37.594936],[127.1666581,37.594983],[127.1666228,37.5949938],[127.1665751,37.5950067],[127.1665668,37.5950336],[127.1665484,37.5950846],[127.166522,37.5951209],[127.1664709,37.5951372],[127.1663949,37.5951384],[127.166246,37.5951492]]]}},{"type":"Feature","id":"way/576509587","properties":{"osmType":"way","osmId":576509587,"osmVersion":2,"osmTimestamp":"2023-08-24T11:09:28Z","sourceUrl":"https://www.openstreetmap.org/way/576509587","name":null,"waterType":"reservoir","sourceTags":{"natural":"water","water":"reservoir"},"sourceSurveyed":false},"geometry":{"type":"Polygon","coordinates":[[[127.1666433,37.5950848],[127.1666746,37.5950442],[127.1668888,37.5949314],[127.1669388,37.5948729],[127.1669399,37.5948427],[127.1669223,37.5948167],[127.1668013,37.5947191],[127.1667224,37.5946465],[127.1667095,37.5946186],[127.1667137,37.5945857],[127.1667674,37.5945453],[127.1668575,37.5944844],[127.1669109,37.5944467],[127.166972,37.5944022],[127.167007,37.5944024],[127.1670545,37.5944358],[127.167106,37.5944817],[127.1671403,37.5945346],[127.1671512,37.5945556],[127.1671381,37.594574],[127.1671138,37.5945974],[127.1670879,37.5946216],[127.1670755,37.5946634],[127.1670955,37.5946974],[127.167126,37.5947353],[127.167168,37.5947799],[127.1671952,37.5948118],[127.1671948,37.5948244],[127.1671734,37.5948464],[127.1669623,37.5949736],[127.1667295,37.595057],[127.1666433,37.5950848]]]}},{"type":"Feature","id":"way/576509590","properties":{"osmType":"way","osmId":576509590,"osmVersion":2,"osmTimestamp":"2023-08-24T11:09:28Z","sourceUrl":"https://www.openstreetmap.org/way/576509590","name":null,"waterType":"reservoir","sourceTags":{"natural":"water","water":"reservoir"},"sourceSurveyed":false},"geometry":{"type":"Polygon","coordinates":[[[127.16735,37.5947323],[127.1672854,37.5947799],[127.1672131,37.5947266],[127.167157,37.5946645],[127.1672014,37.5946211],[127.1672392,37.5945579],[127.1672063,37.5944877],[127.1671379,37.594415],[127.1670739,37.5943519],[127.1670786,37.5943329],[127.167111,37.5943257],[127.167137,37.5942928],[127.1672025,37.5942553],[127.167247,37.5942606],[127.167361,37.5943215],[127.167444,37.5943771],[127.1675205,37.5944479],[127.1675384,37.5945339],[127.1675105,37.5945749],[127.1674704,37.594627],[127.16735,37.5947323]]]}},{"type":"Feature","id":"way/576511717","properties":{"osmType":"way","osmId":576511717,"osmVersion":1,"osmTimestamp":"2018-04-05T02:06:31Z","sourceUrl":"https://www.openstreetmap.org/way/576511717","name":null,"waterType":"unspecified","sourceTags":{"natural":"water"},"sourceSurveyed":false},"geometry":{"type":"Polygon","coordinates":[[[127.1728888,37.5795128],[127.1728608,37.5792467],[127.1732207,37.5793414],[127.1736341,37.5793931],[127.1740339,37.5794699],[127.1743357,37.5795466],[127.1747763,37.5797082],[127.175297,37.5798825],[127.1770837,37.5803375],[127.1785428,37.5807031],[127.1803613,37.5811622],[127.182196,37.5816256],[127.1835746,37.5819742],[127.1836015,37.5821272],[127.1837886,37.58229562772178],[127.1837886,37.582571705415],[127.1833708,37.5824928],[127.1828665,37.5823738],[127.18255,37.5822888],[127.1822657,37.5821527],[127.1817293,37.5819402],[127.1815254,37.5818807],[127.1813484,37.5817574],[127.181225,37.5815746],[127.1811177,37.5814896],[127.1809139,37.5814556],[127.1805008,37.5813578],[127.1803292,37.5812642],[127.180077,37.5811877],[127.1797605,37.5811197],[127.1793958,37.5810687],[127.1791383,37.5810262],[127.1788593,37.5809411],[127.1787145,37.5808731],[127.1779098,37.5806818],[127.1776684,37.5807116],[127.1772784,37.5807793],[127.1771148,37.5807942],[127.1767232,37.5806624],[127.1769807,37.5805285],[127.1768171,37.5804626],[127.1753617,37.5800824],[127.1747555,37.5798826],[127.1737846,37.5796232],[127.1728888,37.5795128]]]}},{"type":"Feature","id":"way/581614930","properties":{"osmType":"way","osmId":581614930,"osmVersion":1,"osmTimestamp":"2018-04-19T14:50:48Z","sourceUrl":"https://www.openstreetmap.org/way/581614930","name":null,"waterType":"pond","sourceTags":{"natural":"water","water":"pond"},"sourceSurveyed":false},"geometry":{"type":"Polygon","coordinates":[[[127.1325318,37.5798665],[127.1324983,37.5798771],[127.1324648,37.5798792],[127.132438,37.5798771],[127.1324085,37.5798643],[127.1323937,37.5798452],[127.1323883,37.579824],[127.1323937,37.5798048],[127.1324232,37.5797942],[127.132454,37.5797878],[127.1324822,37.5797974],[127.1325144,37.5798123],[127.1325426,37.5798165],[127.1325654,37.5798218],[127.1325893,37.5798465],[127.1325573,37.5798505],[127.1325318,37.5798665]]]}},{"type":"Feature","id":"way/581614931","properties":{"osmType":"way","osmId":581614931,"osmVersion":1,"osmTimestamp":"2018-04-19T14:50:48Z","sourceUrl":"https://www.openstreetmap.org/way/581614931","name":null,"waterType":"pond","sourceTags":{"natural":"water","water":"pond"},"sourceSurveyed":false},"geometry":{"type":"Polygon","coordinates":[[[127.1333167,37.5803262],[127.1333086,37.5802903],[127.1333087,37.5802794],[127.1333315,37.5803028],[127.1333717,37.5803092],[127.1333959,37.5803283],[127.1334106,37.5803474],[127.1334213,37.5803836],[127.1334441,37.5804155],[127.1334763,37.5804399],[127.1335166,37.5804569],[127.1335501,37.5804612],[127.1335823,37.5804527],[127.1336198,37.5804463],[127.1336534,37.5804527],[127.1336735,37.5804527],[127.1336587,37.5804824],[127.1336359,37.5805122],[127.1335823,37.5805345],[127.1335514,37.5805441],[127.1335005,37.5805398],[127.1334696,37.5805186],[127.1334495,37.5805047],[127.1334093,37.5804994],[127.1333811,37.580492],[127.133357,37.5804633],[127.1333462,37.5804357],[127.1333597,37.580407],[127.1333328,37.580374],[127.1333167,37.5803262]]]}},{"type":"Feature","id":"way/592498273","properties":{"osmType":"way","osmId":592498273,"osmVersion":1,"osmTimestamp":"2018-06-01T00:04:25Z","sourceUrl":"https://www.openstreetmap.org/way/592498273","name":null,"waterType":"pond","sourceTags":{"natural":"water","water":"pond"},"sourceSurveyed":false},"geometry":{"type":"Polygon","coordinates":[[[127.1270103,37.5448606],[127.1269897,37.5448725],[127.1269674,37.5448797],[127.1269338,37.5448842],[127.1269043,37.5448834],[127.1268764,37.5448784],[127.1267205,37.5448223],[127.1266632,37.5447955],[127.1266423,37.5447799],[127.1266223,37.54476],[127.1266087,37.5447381],[127.1266014,37.5447162],[127.1265983,37.5446952],[127.1266028,37.5446754],[127.1266146,37.5446512],[127.1266318,37.5446288],[127.126672,37.5446019],[127.126702,37.5445855],[127.1267367,37.5445751],[127.1267779,37.5445744],[127.1268191,37.5445798],[127.126861,37.5445936],[127.1269029,37.5446136],[127.1269252,37.5446404],[127.1269397,37.5446673],[127.1269785,37.5447028],[127.1270132,37.5447641],[127.1270235,37.5447886],[127.1270292,37.544813],[127.1270272,37.5448311],[127.1270216,37.5448492],[127.1270103,37.5448606]]]}},{"type":"Feature","id":"way/595739011","properties":{"osmType":"way","osmId":595739011,"osmVersion":1,"osmTimestamp":"2018-06-09T06:36:48Z","sourceUrl":"https://www.openstreetmap.org/way/595739011","name":null,"waterType":"unspecified","sourceTags":{"natural":"water"},"sourceSurveyed":false},"geometry":{"type":"Polygon","coordinates":[[[127.1755162,37.6462095],[127.1748242,37.6462668],[127.1748269,37.6461564],[127.1748939,37.6460969],[127.174961,37.6460863],[127.1750253,37.6460438],[127.1750629,37.6460735],[127.1751353,37.6460799],[127.1751836,37.6460332],[127.1752667,37.6460141],[127.1753016,37.6459759],[127.175476,37.6459759],[127.1754974,37.6460226],[127.1755189,37.6460608],[127.1755403,37.6461415],[127.1755162,37.6462095]]]}},{"type":"Feature","id":"way/599447344","properties":{"osmType":"way","osmId":599447344,"osmVersion":2,"osmTimestamp":"2020-09-15T09:45:02Z","sourceUrl":"https://www.openstreetmap.org/way/599447344","name":null,"waterType":"unspecified","sourceTags":{"natural":"water"},"sourceSurveyed":false},"geometry":{"type":"Polygon","coordinates":[[[126.8656659,37.5722779],[126.8658445,37.5721753],[126.8658533,37.5722877],[126.865912,37.5723842],[126.8659834,37.5724041],[126.8661681,37.5723908],[126.866525,37.5722843],[126.8666342,37.5721346],[126.8668651,37.5720015],[126.8670163,37.5718817],[126.8670792,37.5717519],[126.8673731,37.5716354],[126.8675411,37.5715855],[126.8676964,37.5714458],[126.8679147,37.571296],[126.8679399,37.5711795],[126.8680281,37.5710132],[126.8681163,37.5710165],[126.8680659,37.5711929],[126.8680155,37.5713226],[126.8678812,37.5714291],[126.8676712,37.5715789],[126.8675453,37.5717087],[126.8674151,37.5717087],[126.8673101,37.5717486],[126.8672178,37.5717885],[126.8671044,37.5720248],[126.8668777,37.5721612],[126.8666888,37.5722677],[126.866546,37.5723642],[126.8663109,37.5724175],[126.866122,37.5724341],[126.866017,37.5724308],[126.8659624,37.5724607],[126.8658365,37.5724574],[126.8657231,37.5724274],[126.8656139,37.5723742],[126.8654636,37.57239],[126.8656659,37.5722779]]]}},{"type":"Feature","id":"way/599447367","properties":{"osmType":"way","osmId":599447367,"osmVersion":2,"osmTimestamp":"2020-09-16T05:14:18Z","sourceUrl":"https://www.openstreetmap.org/way/599447367","name":null,"waterType":"unspecified","sourceTags":{"natural":"water"},"sourceSurveyed":false},"geometry":{"type":"Polygon","coordinates":[[[126.8191655,37.5859136],[126.8192349,37.585873],[126.8194104,37.5857775],[126.8194725,37.5857311],[126.8195602,37.5858759],[126.8195785,37.5859889],[126.8195091,37.5860816],[126.81933,37.5861279],[126.8190668,37.5860816],[126.8188475,37.586041],[126.8186026,37.5860613],[126.8184601,37.5861685],[126.8184272,37.5862612],[126.8182079,37.5865421],[126.8179989,37.5866654],[126.8177766,37.5868028],[126.8176084,37.5869679],[126.8177473,37.5870779],[126.8177071,37.5871677],[126.8176377,37.5872517],[126.8177218,37.5874313],[126.8178058,37.5875211],[126.8178189,37.5875676],[126.8178812,37.5876427],[126.8177372,37.5877493],[126.8176779,37.5875674],[126.8175207,37.5874284],[126.8174476,37.5873705],[126.8175134,37.5872546],[126.8175061,37.5871069],[126.8174659,37.5870142],[126.8173709,37.5869766],[126.8172539,37.5870721],[126.8172612,37.587188],[126.8173124,37.5872778],[126.8173526,37.5873299],[126.8173087,37.5873618],[126.8171771,37.5872459],[126.8171589,37.5871619],[126.8172685,37.5869592],[126.8174403,37.5868231],[126.8176962,37.5867246],[126.8179096,37.5865717],[126.8182152,37.5863654],[126.8183943,37.5860526],[126.8184272,37.5859918],[126.8185843,37.5859744],[126.8190887,37.5859744],[126.8191655,37.5859136]]]}},{"type":"Feature","id":"way/599447371","properties":{"osmType":"way","osmId":599447371,"osmVersion":1,"osmTimestamp":"2018-06-19T18:13:52Z","sourceUrl":"https://www.openstreetmap.org/way/599447371","name":null,"waterType":"unspecified","sourceTags":{"natural":"water"},"sourceSurveyed":false},"geometry":{"type":"Polygon","coordinates":[[[126.8152628,37.5881335],[126.8151374,37.5880686],[126.8151904,37.5879195],[126.8151277,37.5878163],[126.8150361,37.5877743],[126.8149638,37.5878469],[126.8149204,37.5879424],[126.8148866,37.5878775],[126.8149059,37.5877628],[126.8150699,37.5876787],[126.8151904,37.5876864],[126.8153351,37.5877208],[126.8154316,37.5877628],[126.8154364,37.587801],[126.8154412,37.5878775],[126.8153689,37.5879539],[126.8153303,37.5880342],[126.8152628,37.5881335]]]}},{"type":"Feature","id":"way/606717159","properties":{"osmType":"way","osmId":606717159,"osmVersion":1,"osmTimestamp":"2018-07-10T12:07:58Z","sourceUrl":"https://www.openstreetmap.org/way/606717159","name":null,"waterType":"unspecified","sourceTags":{"natural":"water"},"sourceSurveyed":false},"geometry":{"type":"Polygon","coordinates":[[[126.8691804,37.5713298],[126.8691494,37.5713326],[126.8690875,37.5713137],[126.8690627,37.5712316],[126.86916,37.5711496],[126.8692246,37.5711363],[126.8692733,37.5711517],[126.8693759,37.5711398],[126.8694025,37.5711552],[126.8694104,37.5712555],[126.8693936,37.5712821],[126.8693202,37.5713039],[126.8693166,37.5712983],[126.8693529,37.5712751],[126.8693246,37.5712373],[126.8692414,37.5712373],[126.869199,37.5712632],[126.8692193,37.5713109],[126.8691804,37.5713298]]]}},{"type":"Feature","id":"way/610103412","properties":{"osmType":"way","osmId":610103412,"osmVersion":2,"osmTimestamp":"2018-07-23T05:55:45Z","sourceUrl":"https://www.openstreetmap.org/way/610103412","name":null,"waterType":"unspecified","sourceTags":{"natural":"water"},"sourceSurveyed":false},"geometry":{"type":"Polygon","coordinates":[[[126.7777039,37.6483346],[126.7777475,37.6483874],[126.777673,37.648398],[126.7776616,37.6483514],[126.7776085,37.6483499],[126.7775874,37.6483107],[126.7776005,37.6482895],[126.7776427,37.6482984],[126.7777039,37.6483346]]]}},{"type":"Feature","id":"way/611757887","properties":{"osmType":"way","osmId":611757887,"osmVersion":1,"osmTimestamp":"2018-07-28T07:47:25Z","sourceUrl":"https://www.openstreetmap.org/way/611757887","name":null,"waterType":"pond","sourceTags":{"natural":"water","water":"pond"},"sourceSurveyed":false},"geometry":{"type":"Polygon","coordinates":[[[126.8825214,37.5200723],[126.8823332,37.5200982],[126.8823279,37.5200746],[126.8825158,37.5200478],[126.8825214,37.5200723]]]}},{"type":"Feature","id":"way/611808439","properties":{"osmType":"way","osmId":611808439,"osmVersion":2,"osmTimestamp":"2025-10-20T02:16:14Z","sourceUrl":"https://www.openstreetmap.org/way/611808439","name":null,"waterType":"reservoir","sourceTags":{"natural":"water","water":"reservoir"},"sourceSurveyed":false},"geometry":{"type":"Polygon","coordinates":[[[127.1166825,37.4737168],[127.1167333,37.4735595],[127.1166977,37.4734103],[127.1166672,37.4732449],[127.1167028,37.4730312],[127.1167943,37.4728053],[127.1168553,37.4726762],[127.1168298,37.4725593],[127.1167333,37.472406],[127.1165402,37.4722689],[127.1163064,37.4721922],[127.1161336,37.4720591],[127.1159506,37.4718776],[127.1158083,37.4717324],[127.11591,37.4716356],[127.116098,37.471676],[127.1162861,37.471801],[127.1165351,37.4718655],[127.1167434,37.4719664],[127.1168857,37.4720551],[127.1170789,37.472164],[127.1172618,37.4721801],[127.1174041,37.4722245],[127.1174194,37.4723415],[127.1173279,37.4724867],[127.1173482,37.4725875],[127.1174397,37.4726682],[127.1176023,37.4727246],[127.1177192,37.4728013],[127.1177243,37.4728739],[127.1176684,37.4730271],[127.117521,37.4731602],[127.1174244,37.4732611],[127.1172821,37.4733256],[127.1172325,37.4733615],[127.1171653,37.4734708],[127.1171805,37.4736765],[127.1171653,37.4737975],[127.1170941,37.4738943],[127.1170026,37.4739306],[127.1168603,37.4739427],[127.1167028,37.4738378],[127.1166825,37.4737168]]]}},{"type":"Feature","id":"way/614403295","properties":{"osmType":"way","osmId":614403295,"osmVersion":1,"osmTimestamp":"2018-08-06T08:08:22Z","sourceUrl":"https://www.openstreetmap.org/way/614403295","name":null,"waterType":"pond","sourceTags":{"natural":"water","water":"pond"},"sourceSurveyed":false},"geometry":{"type":"Polygon","coordinates":[[[126.9926434,37.5828884],[126.992492,37.5828846],[126.992498,37.5827368],[126.9926493,37.5827407],[126.9926434,37.5828884]]]}},{"type":"Feature","id":"way/614403297","properties":{"osmType":"way","osmId":614403297,"osmVersion":3,"osmTimestamp":"2020-08-27T05:08:35Z","sourceUrl":"https://www.openstreetmap.org/way/614403297","name":"애련지","waterType":"pond","sourceTags":{"name":"애련지","name:en":"Aeryeonji Pond","natural":"water","water":"pond"},"sourceSurveyed":false},"geometry":{"type":"Polygon","coordinates":[[[126.9930163,37.5829096],[126.9928643,37.5829089],[126.9928659,37.5826902],[126.9932311,37.5826919],[126.9932309,37.5827197],[126.9932296,37.5829106],[126.9931826,37.5829104],[126.9931447,37.5829102],[126.9930858,37.5829099],[126.9930163,37.5829096]]]}},{"type":"Feature","id":"way/615438263","properties":{"osmType":"way","osmId":615438263,"osmVersion":2,"osmTimestamp":"2018-08-12T03:41:04Z","sourceUrl":"https://www.openstreetmap.org/way/615438263","name":"옥만호","waterType":"pond","sourceTags":{"name":"옥만호","name:en":"Okman Lake","name:ko":"옥만호","natural":"water","water":"pond"},"sourceSurveyed":false},"geometry":{"type":"Polygon","coordinates":[[[126.9168934,37.4920058],[126.9168089,37.4919378],[126.9167416,37.4919085],[126.916715,37.4918932],[126.9166968,37.4918711],[126.9166841,37.4918486],[126.9166778,37.4918262],[126.9166729,37.4917982],[126.9166723,37.4917736],[126.9166773,37.4917511],[126.9166888,37.4917287],[126.9168158,37.4915726],[126.916825,37.4914046],[126.9168469,37.4912844],[126.9167902,37.4911968],[126.916689,37.4911043],[126.9166786,37.4910932],[126.9166728,37.4910808],[126.9166688,37.4910691],[126.9166679,37.4910575],[126.9166693,37.4910448],[126.9166739,37.491033],[126.916679,37.4910241],[126.9166883,37.4910152],[126.9167517,37.4909601],[126.9167682,37.4909388],[126.9167779,37.4909143],[126.9167778,37.4908892],[126.9167737,37.4908663],[126.9167674,37.4908452],[126.9167431,37.4908021],[126.9168279,37.4907713],[126.9168871,37.4907632],[126.9169449,37.4907694],[126.9170075,37.4907871],[126.9170619,37.4908114],[126.9170822,37.4908312],[126.9170942,37.490861],[126.9171019,37.4909065],[126.9170987,37.4909456],[126.9170808,37.4909772],[126.9169591,37.4911266],[126.9169502,37.49114],[126.9169426,37.4911558],[126.9169394,37.4911735],[126.9169399,37.4911912],[126.9169453,37.4912079],[126.9169535,37.4912235],[126.9169676,37.4912378],[126.9169846,37.4912498],[126.9171306,37.4913213],[126.9172801,37.4914437],[126.9173107,37.4914783],[126.9173345,37.4915222],[126.917439,37.4919228],[126.9174255,37.4919848],[126.9173056,37.4920737],[126.9172869,37.4920826],[126.9172668,37.4920879],[126.9172466,37.4920867],[126.9172294,37.4920795],[126.9172122,37.4920659],[126.917201,37.4920522],[126.9171845,37.4920238],[126.9171747,37.4920131],[126.9171603,37.492006],[126.9171429,37.4920013],[126.9171256,37.4920013],[126.9169981,37.4920202],[126.9169619,37.4920243],[126.9169258,37.4920189],[126.9168934,37.4920058]]]}},{"type":"Feature","id":"way/615728165","properties":{"osmType":"way","osmId":615728165,"osmVersion":2,"osmTimestamp":"2020-08-14T06:43:30Z","sourceUrl":"https://www.openstreetmap.org/way/615728165","name":null,"waterType":"watertank","sourceTags":{"natural":"water","water":"watertank"},"sourceSurveyed":false},"geometry":{"type":"Polygon","coordinates":[[[126.9049078,37.4756243],[126.9049104,37.4756837],[126.9048037,37.4756879],[126.9047975,37.4756292],[126.9049078,37.4756243]]]}},{"type":"Feature","id":"way/616037081","properties":{"osmType":"way","osmId":616037081,"osmVersion":3,"osmTimestamp":"2025-05-12T15:26:37Z","sourceUrl":"https://www.openstreetmap.org/way/616037081","name":null,"waterType":"pond","sourceTags":{"natural":"water","water":"pond"},"sourceSurveyed":false},"geometry":{"type":"Polygon","coordinates":[[[126.9842394,37.5210524],[126.9841213,37.521034],[126.9839533,37.5206935],[126.9836146,37.5205838],[126.9836514,37.5205179],[126.9838236,37.520476],[126.9838013,37.5204237],[126.9840659,37.5204635],[126.9842679,37.520438],[126.9842982,37.5203727],[126.9843587,37.5203222],[126.9844585,37.5202849],[126.9845637,37.5203271],[126.9845992,37.5204001],[126.9845825,37.5204835],[126.984527,37.5205467],[126.9844199,37.5206055],[126.9844428,37.5207063],[126.9842959,37.5208841],[126.9842394,37.5210524]]]}},{"type":"Feature","id":"way/616202695","properties":{"osmType":"way","osmId":616202695,"osmVersion":2,"osmTimestamp":"2018-08-12T04:49:49Z","sourceUrl":"https://www.openstreetmap.org/way/616202695","name":null,"waterType":"unspecified","sourceTags":{"natural":"water"},"sourceSurveyed":false},"geometry":{"type":"Polygon","coordinates":[[[126.9207481,37.4942034],[126.9207621,37.4942083],[126.9207738,37.4942166],[126.9207817,37.4942275],[126.9207848,37.4942398],[126.9207829,37.4942523],[126.9207762,37.4942636],[126.9207654,37.4942727],[126.9207515,37.4942787],[126.9207359,37.4942809],[126.9207203,37.4942791],[126.9207061,37.4942735],[126.9206949,37.4942647],[126.9206877,37.4942536],[126.9206853,37.4942412],[126.9206878,37.4942289],[126.9206952,37.4942178],[126.920706,37.4942096],[126.9207161,37.4942049],[126.9207267,37.4942025],[126.9207372,37.4942019],[126.9207481,37.4942034]]]}},{"type":"Feature","id":"way/616208575","properties":{"osmType":"way","osmId":616208575,"osmVersion":1,"osmTimestamp":"2018-08-12T03:41:00Z","sourceUrl":"https://www.openstreetmap.org/way/616208575","name":null,"waterType":"unspecified","sourceTags":{"natural":"water"},"sourceSurveyed":false},"geometry":{"type":"Polygon","coordinates":[[[126.9161223,37.4912557],[126.9162056,37.4914646],[126.9161082,37.4913951],[126.9160645,37.4912713],[126.9161072,37.4911775],[126.9161223,37.4912557]]]}},{"type":"Feature","id":"way/618121293","properties":{"osmType":"way","osmId":618121293,"osmVersion":1,"osmTimestamp":"2018-08-20T02:19:42Z","sourceUrl":"https://www.openstreetmap.org/way/618121293","name":null,"waterType":"unspecified","sourceTags":{"natural":"water"},"sourceSurveyed":false},"geometry":{"type":"Polygon","coordinates":[[[126.8170102,37.5846007],[126.8166728,37.5847103],[126.8164736,37.5847457],[126.8162947,37.5846748],[126.8161809,37.5846007],[126.816189,37.584488],[126.816502,37.5842495],[126.8171037,37.5840015],[126.8173029,37.5839757],[126.8175387,37.5840562],[126.81762,37.5842463],[126.817616,37.5843043],[126.8172623,37.584488],[126.8170102,37.5846007]]]}},{"type":"Feature","id":"way/618128760","properties":{"osmType":"way","osmId":618128760,"osmVersion":1,"osmTimestamp":"2018-08-20T03:22:59Z","sourceUrl":"https://www.openstreetmap.org/way/618128760","name":null,"waterType":"unspecified","sourceTags":{"natural":"water"},"sourceSurveyed":false},"geometry":{"type":"Polygon","coordinates":[[[126.9237373,37.5606632],[126.9237286,37.5606582],[126.923887,37.5604632],[126.9239834,37.5605537],[126.9237578,37.560675],[126.9237373,37.5606632]]]}},{"type":"Feature","id":"way/618128764","properties":{"osmType":"way","osmId":618128764,"osmVersion":1,"osmTimestamp":"2018-08-20T03:22:59Z","sourceUrl":"https://www.openstreetmap.org/way/618128764","name":null,"waterType":"unspecified","sourceTags":{"natural":"water"},"sourceSurveyed":false},"geometry":{"type":"Polygon","coordinates":[[[126.9191757,37.566461],[126.9192001,37.5664299],[126.9192106,37.5664351],[126.9192225,37.5664409],[126.9191712,37.5665063],[126.9191472,37.5664945],[126.9191214,37.5665275],[126.9190893,37.5665117],[126.919052,37.5665592],[126.9190245,37.5665456],[126.9190889,37.5664635],[126.919122,37.5664798],[126.9191476,37.5664471],[126.9191757,37.566461]]]}},{"type":"Feature","id":"way/618186919","properties":{"osmType":"way","osmId":618186919,"osmVersion":1,"osmTimestamp":"2018-08-20T06:50:48Z","sourceUrl":"https://www.openstreetmap.org/way/618186919","name":"일산호수공원 인공폭포","waterType":"pond","sourceTags":{"name":"일산호수공원 인공폭포","natural":"water","water":"pond"},"sourceSurveyed":false},"geometry":{"type":"Polygon","coordinates":[[[126.7707879,37.650554],[126.7707101,37.6505094],[126.7707285,37.6504077],[126.7706099,37.6503057],[126.7706619,37.6502567],[126.7706216,37.650176],[126.7706538,37.6501208],[126.7707048,37.6500783],[126.7707477,37.6500698],[126.7708603,37.6500783],[126.7709515,37.650108],[126.7710025,37.6501314],[126.7710401,37.6502015],[126.7710857,37.6502418],[126.7710508,37.6502949],[126.7710857,37.6503607],[126.7710696,37.6504287],[126.7710347,37.6504797],[126.7710374,37.6505582],[126.7709945,37.6505922],[126.7709033,37.6506368],[126.7708979,37.6506028],[126.7708255,37.6506049],[126.7707879,37.650554]]]}},{"type":"Feature","id":"way/618376659","properties":{"osmType":"way","osmId":618376659,"osmVersion":1,"osmTimestamp":"2018-08-21T01:10:11Z","sourceUrl":"https://www.openstreetmap.org/way/618376659","name":null,"waterType":"unspecified","sourceTags":{"natural":"water"},"sourceSurveyed":false},"geometry":{"type":"Polygon","coordinates":[[[127.1294841,37.6480826],[127.1294224,37.6480125],[127.1294345,37.6479711],[127.1294506,37.6479477],[127.1294466,37.6479223],[127.12946,37.6478915],[127.1295606,37.6478681],[127.1295941,37.647866],[127.1296276,37.6478713],[127.1296625,37.6479191],[127.1297,37.6479796],[127.1297054,37.64802],[127.129696,37.6480476],[127.1296678,37.6480635],[127.1296209,37.6480688],[127.1295726,37.6480646],[127.1295471,37.6480815],[127.1295163,37.648089],[127.1294841,37.6480826]]]}},{"type":"Feature","id":"way/629022593","properties":{"osmType":"way","osmId":629022593,"osmVersion":3,"osmTimestamp":"2022-12-24T14:43:18Z","sourceUrl":"https://www.openstreetmap.org/way/629022593","name":"환경연못","waterType":"unspecified","sourceTags":{"name":"환경연못","natural":"water"},"sourceSurveyed":false},"geometry":{"type":"Polygon","coordinates":[[[127.0763254,37.5501958],[127.076202,37.549998],[127.076202,37.5499682],[127.0762154,37.5499491],[127.0762503,37.5499363],[127.0762986,37.5499151],[127.076662,37.549511],[127.0767143,37.5494611],[127.07678,37.5494409],[127.0768565,37.5494238],[127.0769115,37.5494259],[127.0770362,37.5494717],[127.0771126,37.5494823],[127.0771877,37.5494791],[127.0772454,37.5494685],[127.0773245,37.5494504],[127.0773755,37.5494632],[127.0773996,37.5495174],[127.0773996,37.549612],[127.077397,37.5496737],[127.0773903,37.549713],[127.0773473,37.5497333],[127.0772012,37.5497173],[127.0771153,37.5498024],[127.0771274,37.5498194],[127.0770362,37.5498491],[127.0769638,37.5498619],[127.076901,37.5498453],[127.076835,37.5498279],[127.0767385,37.5498385],[127.0766768,37.5498768],[127.0766339,37.5499533],[127.0765883,37.5500023],[127.0765507,37.5500427],[127.0765319,37.5500852],[127.0765454,37.5501873],[127.0765239,37.5502298],[127.0764783,37.5502532],[127.07643,37.5502596],[127.0763844,37.5502468],[127.0763254,37.5501958]]]}},{"type":"Feature","id":"way/629126159","properties":{"osmType":"way","osmId":629126159,"osmVersion":2,"osmTimestamp":"2025-09-20T15:16:58Z","sourceUrl":"https://www.openstreetmap.org/way/629126159","name":null,"waterType":"unspecified","sourceTags":{"natural":"water"},"sourceSurveyed":false},"geometry":{"type":"Polygon","coordinates":[[[127.0784234,37.54848],[127.0783544,37.5484856],[127.0782706,37.5484527],[127.0782432,37.5483967],[127.0781735,37.5482925],[127.0781894,37.5482456],[127.0782239,37.5482116],[127.0782727,37.5482108],[127.0783215,37.5481952],[127.078343,37.5481791],[127.0783551,37.5481519],[127.078346,37.5481211],[127.0783135,37.5480978],[127.0782681,37.5480963],[127.078225,37.5481096],[127.0781949,37.5480437],[127.0782995,37.5479395],[127.0784926,37.5478204],[127.0786453,37.5477999],[127.0787957,37.5477906],[127.0791686,37.547814],[127.0792783,37.5478779],[127.0792873,37.5479009],[127.079287,37.5479238],[127.0792196,37.5479633],[127.0791794,37.5481078],[127.0790856,37.5481687],[127.0789684,37.548224],[127.0788053,37.5482735],[127.0786868,37.5483131],[127.0786337,37.5483378],[127.0786092,37.5483613],[127.0785906,37.5484583],[127.0785671,37.5484558],[127.0785198,37.5484512],[127.0784234,37.54848]]]}},{"type":"Feature","id":"way/630078782","properties":{"osmType":"way","osmId":630078782,"osmVersion":1,"osmTimestamp":"2018-10-03T02:20:04Z","sourceUrl":"https://www.openstreetmap.org/way/630078782","name":null,"waterType":"unspecified","sourceTags":{"natural":"water"},"sourceSurveyed":false},"geometry":{"type":"Polygon","coordinates":[[[127.1086165,37.6623738],[127.1082813,37.6624481],[127.1082249,37.6624269],[127.1081713,37.6623738],[127.1081659,37.6623186],[127.1082249,37.6622443],[127.108292,37.662187],[127.1083295,37.6620447],[127.1084127,37.6619831],[127.10852,37.6619683],[127.108579,37.6619768],[127.1086702,37.6622761],[127.1086541,37.6623356],[127.1086165,37.6623738]]]}},{"type":"Feature","id":"way/633779315","properties":{"osmType":"way","osmId":633779315,"osmVersion":2,"osmTimestamp":"2018-11-23T17:35:52Z","sourceUrl":"https://www.openstreetmap.org/way/633779315","name":"아이파크 내 인공 폭포","waterType":"pond","sourceTags":{"name":"아이파크 내 인공 폭포","natural":"water","water":"pond"},"sourceSurveyed":false},"geometry":{"type":"Polygon","coordinates":[[[127.0128279,37.5007522],[127.0124176,37.5006671],[127.0124739,37.5004415],[127.0125463,37.5004458],[127.0129701,37.5007075],[127.0129165,37.5007522],[127.0128279,37.5007522]]]}},{"type":"Feature","id":"way/646325095","properties":{"osmType":"way","osmId":646325095,"osmVersion":2,"osmTimestamp":"2023-04-08T05:40:42Z","sourceUrl":"https://www.openstreetmap.org/way/646325095","name":null,"waterType":"lake","sourceTags":{"natural":"water","water":"lake"},"sourceSurveyed":false},"geometry":{"type":"Polygon","coordinates":[[[126.8315232,37.5686749],[126.8317208,37.5684612],[126.8319374,37.5685232],[126.8320816,37.5687497],[126.8323623,37.5690344],[126.8325274,37.5693756],[126.8327808,37.5695601],[126.8328779,37.5696922],[126.8329275,37.5699385],[126.8330544,37.5700436],[126.8331374,37.570172],[126.8331804,37.5702322],[126.8334474,37.5710201],[126.8333793,37.57124],[126.8335477,37.5715747],[126.8336014,37.5718098],[126.83338,37.5719655],[126.8325048,37.5719609],[126.8321688,37.5718868],[126.8320423,37.5718116],[126.8319783,37.5715351],[126.831873,37.5709218],[126.8320766,37.570604],[126.8320911,37.5704007],[126.8321858,37.570309],[126.8321314,37.5702317],[126.8318887,37.5703052],[126.8317767,37.5702294],[126.8317529,37.5700913],[126.8315232,37.5686749]]]}},{"type":"Feature","id":"way/646325096","properties":{"osmType":"way","osmId":646325096,"osmVersion":6,"osmTimestamp":"2023-07-06T05:44:35Z","sourceUrl":"https://www.openstreetmap.org/way/646325096","name":null,"waterType":"stream","sourceTags":{"natural":"water","water":"stream"},"sourceSurveyed":false},"geometry":{"type":"Polygon","coordinates":[[[126.832645,37.5668431],[126.8327984,37.5667922],[126.8329021,37.5667824],[126.8329467,37.5667863],[126.8329691,37.5668069],[126.832946,37.5669294],[126.8329445,37.5669967],[126.8329663,37.5670682],[126.833015,37.5671404],[126.8330561,37.5671719],[126.8331772,37.5672728],[126.8331663,37.5673064],[126.833168,37.5673431],[126.8332226,37.5674209],[126.8332034,37.5674674],[126.8331972,37.5674894],[126.8331694,37.5675709],[126.83316,37.5676404],[126.8331807,37.5676745],[126.8332325,37.567673],[126.8332833,37.5676873],[126.8333392,37.5677344],[126.8334026,37.5677774],[126.8334283,37.5678266],[126.8334845,37.5679208],[126.8335235,37.5679769],[126.8335886,37.5680528],[126.8336382,37.5681104],[126.8337296,37.5681994],[126.8337733,37.5682371],[126.8338333,37.5682686],[126.8339133,37.5682948],[126.8340129,37.5683024],[126.8340706,37.5683137],[126.8341238,37.5683329],[126.8341651,37.5683598],[126.8342228,37.5684322],[126.8342694,37.5684752],[126.834305,37.5685277],[126.8343148,37.5685491],[126.8343263,37.5685691],[126.8343503,37.5685953],[126.8344079,37.5686405],[126.8344396,37.5686733],[126.8344497,37.5687117],[126.8344416,37.5687719],[126.834453,37.5688012],[126.8344898,37.568838],[126.8345275,37.5688713],[126.8345619,37.5688909],[126.8346131,37.5689079],[126.8346203,37.5689391],[126.8345955,37.5689483],[126.8345665,37.5689381],[126.834541,37.5689199],[126.8345167,37.5688955],[126.8344597,37.5688591],[126.8344253,37.5688248],[126.8344085,37.5687998],[126.8344099,37.5687703],[126.8344153,37.5687309],[126.834409,37.5687024],[126.8343809,37.5686737],[126.8343121,37.5686179],[126.8342868,37.5685743],[126.8342718,37.568539],[126.8342593,37.5685096],[126.8342265,37.5684782],[126.8341908,37.5684514],[126.8341535,37.5684003],[126.8341377,37.5683786],[126.834081,37.5683437],[126.834028,37.5683301],[126.8339811,37.5683263],[126.8339425,37.5683295],[126.8339136,37.5683502],[126.8339081,37.5683941],[126.8339124,37.5684354],[126.8338975,37.5684481],[126.8338751,37.5684492],[126.8338573,37.5684385],[126.8338549,37.5684077],[126.8338289,37.5683586],[126.8337944,37.5683154],[126.8337436,37.5682632],[126.8336943,37.5682292],[126.8336702,37.5681851],[126.833625,37.5681362],[126.8335749,37.5681018],[126.8335186,37.5680738],[126.833474,37.5680251],[126.8334425,37.5679656],[126.833438,37.5679136],[126.833411,37.5678648],[126.8333735,37.5678327],[126.8333367,37.567797],[126.8332847,37.5677913],[126.8332388,37.5677763],[126.8331922,37.5677485],[126.8331455,37.5676895],[126.8331342,37.5676648],[126.8331301,37.5676289],[126.8331337,37.5675778],[126.8331575,37.5675053],[126.8331687,37.5674442],[126.8331497,37.5673921],[126.8331156,37.5673468],[126.8330833,37.5673213],[126.8330391,37.5672495],[126.8329586,37.5671249],[126.8328818,37.5669987],[126.8328294,37.566915],[126.8328023,37.5669061],[126.8327165,37.5669168],[126.8326065,37.5669945],[126.8325627,37.5670295],[126.8325497,37.5670632],[126.8325224,37.5670877],[126.8324747,37.5671057],[126.8324154,37.567109],[126.8323362,37.5671822],[126.832307,37.567217],[126.8322924,37.5672704],[126.8323032,37.5673007],[126.8323797,37.5673767],[126.8324074,37.5674179],[126.8324142,37.5674794],[126.8324076,37.5675575],[126.8323682,37.5676307],[126.8323413,37.5676983],[126.8322995,37.567745],[126.8322271,37.5677887],[126.8321763,37.5678283],[126.832161,37.5678728],[126.8321506,37.5679149],[126.832137,37.5679488],[126.8320918,37.5680088],[126.8320705,37.5680366],[126.8320601,37.5680821],[126.8320734,37.5682147],[126.8320771,37.5683158],[126.8320824,37.5684363],[126.8320816,37.5687497],[126.8319374,37.5685232],[126.8317208,37.5684612],[126.8317757,37.5684181],[126.8318375,37.5683838],[126.8319174,37.5683429],[126.8319641,37.5683046],[126.831982,37.5682492],[126.8319875,37.5681582],[126.8319628,37.5679889],[126.8319599,37.5678996],[126.8319316,37.5678541],[126.8319155,37.5678298],[126.8318988,37.567798],[126.8318965,37.5677624],[126.8319167,37.5677339],[126.8319416,37.5677134],[126.8319854,37.5676966],[126.8321371,37.5676619],[126.8322259,37.5676202],[126.8321547,37.567524],[126.8321004,37.5674878],[126.8320567,37.5674678],[126.8319567,37.5674375],[126.830661,37.5671485],[126.8303824,37.5670767],[126.8302792,37.5670646],[126.8302092,37.5670458],[126.830141,37.5670203],[126.8300656,37.5669759],[126.8299156,37.566865],[126.8298875,37.566841],[126.8298686,37.5668195],[126.8298692,37.5667918],[126.829897,37.5667757],[126.8299281,37.5667751],[126.8299596,37.5667812],[126.830022,37.5668164],[126.8300304,37.5668438],[126.8300538,37.5668941],[126.830089,37.5669244],[126.830169,37.5669456],[126.8302506,37.5669841],[126.8303906,37.5670034],[126.8304951,37.5670102],[126.8305332,37.5670174],[126.8305659,37.567034],[126.8305999,37.567062],[126.8306652,37.5671009],[126.8307972,37.5671402],[126.8309906,37.567185],[126.8311968,37.5672176],[126.8313806,37.5672485],[126.8314952,37.5672529],[126.8316391,37.5672602],[126.8317093,37.5672804],[126.8317744,37.5673262],[126.8318256,37.567348],[126.8319057,37.5673664],[126.8320042,37.5673739],[126.832069,37.5673665],[126.8321136,37.5673531],[126.8321475,37.5673252],[126.832171,37.5673042],[126.8321822,37.5672739],[126.8321805,37.5672374],[126.8321697,37.5671889],[126.8321739,37.5671065],[126.8321836,37.5670627],[126.8321997,37.5670249],[126.8322424,37.5669481],[126.8322705,37.5669075],[126.8323106,37.5668848],[126.8323581,37.5668822],[126.832481,37.5669066],[126.8325422,37.5668918],[126.832645,37.5668431]]]}},{"type":"Feature","id":"way/646325105","properties":{"osmType":"way","osmId":646325105,"osmVersion":2,"osmTimestamp":"2023-04-08T05:40:42Z","sourceUrl":"https://www.openstreetmap.org/way/646325105","name":null,"waterType":"pond","sourceTags":{"natural":"water","water":"pond"},"sourceSurveyed":false},"geometry":{"type":"Polygon","coordinates":[[[126.8295844,37.56666],[126.8294968,37.5666809],[126.8294619,37.5666166],[126.8294187,37.5665652],[126.8293662,37.5665158],[126.8293077,37.566471],[126.8291921,37.5664145],[126.8291121,37.5663799],[126.8290628,37.5663666],[126.8289954,37.5663577],[126.8289187,37.566354],[126.8288523,37.566351],[126.8288239,37.5663425],[126.8287933,37.5663231],[126.8287729,37.5662963],[126.8287591,37.5662542],[126.8287332,37.5661996],[126.828699,37.5661537],[126.8286489,37.5661103],[126.8286007,37.5660843],[126.8285485,37.5660685],[126.8284765,37.5660647],[126.8284771,37.5659978],[126.8285184,37.5659999],[126.8285768,37.5660226],[126.8286597,37.5660641],[126.8287099,37.5660997],[126.8287493,37.5661427],[126.8287714,37.5661695],[126.8287926,37.5662295],[126.8288044,37.5662752],[126.8288181,37.566301],[126.8288484,37.5663217],[126.828907,37.5663371],[126.8289969,37.5663429],[126.8290965,37.5663464],[126.8291962,37.5663572],[126.8292913,37.566387],[126.8293628,37.5664221],[126.8294197,37.5664558],[126.8294689,37.5664973],[126.8295062,37.5665398],[126.8295584,37.5666201],[126.8295844,37.56666]]]}},{"type":"Feature","id":"way/647168401","properties":{"osmType":"way","osmId":647168401,"osmVersion":1,"osmTimestamp":"2018-11-21T08:03:28Z","sourceUrl":"https://www.openstreetmap.org/way/647168401","name":null,"waterType":"pond","sourceTags":{"natural":"water","water":"pond"},"sourceSurveyed":false},"geometry":{"type":"Polygon","coordinates":[[[127.0395556,37.4874791],[127.0396044,37.4876694],[127.0395475,37.487592],[127.0393483,37.4875565],[127.0393361,37.4874403],[127.0395556,37.4874791]]]}},{"type":"Feature","id":"way/652934808","properties":{"osmType":"way","osmId":652934808,"osmVersion":2,"osmTimestamp":"2021-03-30T00:08:51Z","sourceUrl":"https://www.openstreetmap.org/way/652934808","name":"한우물","waterType":"pond","sourceTags":{"name":"한우물","name:ko":"한우물","natural":"water","water":"pond"},"sourceSurveyed":false},"geometry":{"type":"Polygon","coordinates":[[[126.9225455,37.4463535],[126.9223556,37.4463064],[126.9224022,37.4461878],[126.9225922,37.4462349],[126.9225455,37.4463535]]]}},{"type":"Feature","id":"way/657328070","properties":{"osmType":"way","osmId":657328070,"osmVersion":1,"osmTimestamp":"2018-12-23T16:35:31Z","sourceUrl":"https://www.openstreetmap.org/way/657328070","name":"정발산폭포","waterType":"pond","sourceTags":{"name":"정발산폭포","natural":"water","water":"pond"},"sourceSurveyed":false},"geometry":{"type":"Polygon","coordinates":[[[126.7737087,37.6595853],[126.7737747,37.6596084],[126.7738575,37.6594599],[126.7739288,37.6594848],[126.7737163,37.6598659],[126.773579,37.6598179],[126.7737087,37.6595853]]]}},{"type":"Feature","id":"way/657328072","properties":{"osmType":"way","osmId":657328072,"osmVersion":2,"osmTimestamp":"2025-08-07T08:51:46Z","sourceUrl":"https://www.openstreetmap.org/way/657328072","name":null,"waterType":"pond","sourceTags":{"natural":"water","water":"pond"},"sourceSurveyed":false},"geometry":{"type":"Polygon","coordinates":[[[126.77641,37.6626522],[126.7763431,37.6627791],[126.7761822,37.6627259],[126.776249,37.6625991],[126.77641,37.6626522]]]}},{"type":"Feature","id":"way/659112434","properties":{"osmType":"way","osmId":659112434,"osmVersion":2,"osmTimestamp":"2020-01-21T14:09:45Z","sourceUrl":"https://www.openstreetmap.org/way/659112434","name":"마두공원 실개천","waterType":"unspecified","sourceTags":{"name":"마두공원 실개천","natural":"water"},"sourceSurveyed":false},"geometry":{"type":"Polygon","coordinates":[[[126.7857453,37.6544112],[126.7857103,37.6544047],[126.785691,37.6543977],[126.7856403,37.6543728],[126.7856163,37.6543578],[126.7856029,37.6543451],[126.7855889,37.6543164],[126.7855807,37.6542868],[126.7855833,37.6542761],[126.7855895,37.654267],[126.7856,37.6542602],[126.7856138,37.6542547],[126.7856433,37.6542479],[126.78568,37.6542472],[126.7857255,37.6542545],[126.785771,37.6542684],[126.7857944,37.6542859],[126.7858119,37.6543044],[126.7858224,37.6543303],[126.7858329,37.6543793],[126.7858527,37.6544033],[126.7858936,37.6544255],[126.7859321,37.6544394],[126.7859928,37.6544615],[126.7860477,37.6544865],[126.7861656,37.654554],[126.7862158,37.6545845],[126.7862742,37.654615],[126.7863127,37.6546316],[126.7863513,37.6546455],[126.7863898,37.6546547],[126.7864283,37.6546584],[126.7864587,37.654663],[126.7864832,37.6546723],[126.7865054,37.654688],[126.7865147,37.6547093],[126.7865136,37.6547305],[126.7865065,37.6547444],[126.7864914,37.6547527],[126.7864563,37.654749],[126.7864155,37.6547296],[126.7863828,37.6547028],[126.7863653,37.6546778],[126.7863466,37.6546612],[126.7863303,37.6546529],[126.7862999,37.6546427],[126.7862695,37.6546335],[126.7862474,37.6546215],[126.7861855,37.6545965],[126.7861516,37.654578],[126.7860956,37.6545457],[126.7860244,37.6544994],[126.7859473,37.6544689],[126.7858784,37.654444],[126.7858084,37.6544209],[126.7857734,37.6544144],[126.7857453,37.6544112]]]}},{"type":"Feature","id":"way/667714297","properties":{"osmType":"way","osmId":667714297,"osmVersion":1,"osmTimestamp":"2019-02-01T17:03:14Z","sourceUrl":"https://www.openstreetmap.org/way/667714297","name":"수경시설","waterType":"pond","sourceTags":{"name":"수경시설","natural":"water","water":"pond"},"sourceSurveyed":false},"geometry":{"type":"Polygon","coordinates":[[[126.8029275,37.4387997],[126.8027799,37.4387465],[126.8027182,37.4386379],[126.8029168,37.4385051],[126.8031081,37.4386721],[126.8029275,37.4387997]]]}},{"type":"Feature","id":"way/668917855","properties":{"osmType":"way","osmId":668917855,"osmVersion":2,"osmTimestamp":"2024-07-21T14:27:34Z","sourceUrl":"https://www.openstreetmap.org/way/668917855","name":null,"waterType":"lake","sourceTags":{"natural":"water","water":"lake"},"sourceSurveyed":false},"geometry":{"type":"Polygon","coordinates":[[[127.0332235,37.543063],[127.0330357,37.543131],[127.0329124,37.5434458],[127.0326388,37.543752],[127.0323706,37.543718],[127.0322204,37.5435862],[127.0322257,37.5434415],[127.0323124,37.5433763],[127.0325323,37.5433422],[127.0326047,37.5431328],[127.0326906,37.5430971],[127.0327482,37.5430897],[127.0329668,37.5431094],[127.0331162,37.5430502],[127.0331486,37.542852],[127.033164,37.5427957],[127.0332344,37.5427489],[127.0335375,37.542885],[127.0336642,37.5428116],[127.0338305,37.5427106],[127.0341095,37.542684],[127.0342865,37.5426245],[127.0343515,37.542616],[127.0343763,37.5426447],[127.0343113,37.5427399],[127.0340337,37.5429036],[127.03397,37.5429488],[127.0338412,37.5429504],[127.0337868,37.543046],[127.0336857,37.5430817],[127.0336258,37.5430757],[127.0335348,37.5430344],[127.0334113,37.5429184],[127.0333685,37.5428972],[127.0333093,37.5429056],[127.0332235,37.543063]]]}},{"type":"Feature","id":"way/670158657","properties":{"osmType":"way","osmId":670158657,"osmVersion":3,"osmTimestamp":"2019-03-09T18:38:16Z","sourceUrl":"https://www.openstreetmap.org/way/670158657","name":"water fountain","waterType":"unspecified","sourceTags":{"name":"water fountain","natural":"water"},"sourceSurveyed":false},"geometry":{"type":"Polygon","coordinates":[[[127.0548637,37.4937889],[127.0548671,37.4939602],[127.0546734,37.4938713],[127.0548637,37.4937889]]]}},{"type":"Feature","id":"way/672814437","properties":{"osmType":"way","osmId":672814437,"osmVersion":1,"osmTimestamp":"2019-02-25T07:27:52Z","sourceUrl":"https://www.openstreetmap.org/way/672814437","name":null,"waterType":"pond","sourceTags":{"natural":"water","water":"pond","intermittent":"no"},"sourceSurveyed":false},"geometry":{"type":"Polygon","coordinates":[[[127.1518098,37.5343208],[127.1517884,37.5343047],[127.1517033,37.5341229],[127.1517058,37.5340976],[127.1517302,37.534087],[127.1517889,37.5340901],[127.1519233,37.5341862],[127.1519373,37.5342116],[127.1519219,37.5342404],[127.1518396,37.5343162],[127.1518098,37.5343208]]]}},{"type":"Feature","id":"way/675327350","properties":{"osmType":"way","osmId":675327350,"osmVersion":1,"osmTimestamp":"2019-03-08T01:18:45Z","sourceUrl":"https://www.openstreetmap.org/way/675327350","name":null,"waterType":"pond","sourceTags":{"natural":"water","water":"pond"},"sourceSurveyed":false},"geometry":{"type":"Polygon","coordinates":[[[126.9371883,37.562356],[126.937221,37.5623725],[126.9372455,37.5623963],[126.9372592,37.5624251],[126.9372604,37.5624576],[126.9372479,37.5624886],[126.937223,37.5625144],[126.9371886,37.5625322],[126.9371487,37.5625399],[126.9371079,37.5625366],[126.9370708,37.5625226],[126.9370418,37.5624996],[126.937024,37.5624703],[126.9370196,37.5624397],[126.9370276,37.5624096],[126.9370471,37.5623831],[126.9370763,37.5623628],[126.937112,37.5623509],[126.9371507,37.5623485],[126.9371883,37.562356]]]}},{"type":"Feature","id":"way/675752999","properties":{"osmType":"way","osmId":675752999,"osmVersion":2,"osmTimestamp":"2025-07-06T03:50:23Z","sourceUrl":"https://www.openstreetmap.org/way/675752999","name":null,"waterType":"pond","sourceTags":{"natural":"water","water":"pond","salt":"no"},"sourceSurveyed":false},"geometry":{"type":"Polygon","coordinates":[[[126.8662395,37.483925],[126.8662175,37.4840094],[126.8661743,37.4840678],[126.8661283,37.4838734],[126.8660558,37.4836233],[126.8661896,37.4837078],[126.8662327,37.4838246],[126.8662395,37.483925]]]}},{"type":"Feature","id":"way/677787314","properties":{"osmType":"way","osmId":677787314,"osmVersion":2,"osmTimestamp":"2019-03-21T19:41:46Z","sourceUrl":"https://www.openstreetmap.org/way/677787314","name":"서초구 분수","waterType":"pond","sourceTags":{"name":"서초구 분수","natural":"water","water":"pond","intermittent":"no"},"sourceSurveyed":false},"geometry":{"type":"Polygon","coordinates":[[[127.0336517,37.4847408],[127.0336478,37.484734],[127.0336467,37.4847267],[127.0336486,37.4847194],[127.0336533,37.4847129],[127.0336602,37.484708],[127.0336688,37.484705],[127.0336782,37.4847043],[127.0336873,37.484706],[127.0336953,37.4847098],[127.0337014,37.4847154],[127.033705,37.4847223],[127.0337057,37.4847288],[127.0337042,37.4847352],[127.0337006,37.484741],[127.033695,37.4847458],[127.0336881,37.4847492],[127.0336802,37.4847509],[127.033672,37.4847509],[127.0336641,37.4847491],[127.0336572,37.4847456],[127.0336517,37.4847408]]]}},{"type":"Feature","id":"way/679620519","properties":{"osmType":"way","osmId":679620519,"osmVersion":1,"osmTimestamp":"2019-03-27T01:14:04Z","sourceUrl":"https://www.openstreetmap.org/way/679620519","name":"양재근린공원 분수대","waterType":"pond","sourceTags":{"name":"양재근린공원 분수대","natural":"water","water":"pond"},"sourceSurveyed":false},"geometry":{"type":"Polygon","coordinates":[[[127.0428726,37.4715837],[127.0427978,37.4716727],[127.0424289,37.4714354],[127.0426297,37.4712501],[127.0428866,37.471391],[127.0428726,37.4715837]]]}},{"type":"Feature","id":"way/685145493","properties":{"osmType":"way","osmId":685145493,"osmVersion":1,"osmTimestamp":"2019-04-22T00:09:05Z","sourceUrl":"https://www.openstreetmap.org/way/685145493","name":"정화연못","waterType":"pond","sourceTags":{"name":"정화연못","natural":"water","water":"pond","intermittent":"no","salt":"no"},"sourceSurveyed":false},"geometry":{"type":"Polygon","coordinates":[[[126.8352009,37.4823091],[126.8349921,37.4822417],[126.8349673,37.4822192],[126.8349567,37.4821546],[126.8349885,37.4820816],[126.8350133,37.482017],[126.8350664,37.4819833],[126.8351832,37.4819749],[126.8352787,37.4819749],[126.8353601,37.4820311],[126.8354203,37.4821266],[126.8354451,37.4822277],[126.8352009,37.4823091]]]}},{"type":"Feature","id":"way/687940675","properties":{"osmType":"way","osmId":687940675,"osmVersion":2,"osmTimestamp":"2022-02-16T10:37:09Z","sourceUrl":"https://www.openstreetmap.org/way/687940675","name":null,"waterType":"unspecified","sourceTags":{"natural":"water"},"sourceSurveyed":false},"geometry":{"type":"Polygon","coordinates":[[[127.0110986,37.5066877],[127.0111708,37.5068237],[127.0110535,37.5068809],[127.0109814,37.5067378],[127.0110986,37.5066877]]]}},{"type":"Feature","id":"way/687940677","properties":{"osmType":"way","osmId":687940677,"osmVersion":1,"osmTimestamp":"2019-05-05T12:53:19Z","sourceUrl":"https://www.openstreetmap.org/way/687940677","name":"115동 앞 인공 연못","waterType":"pond","sourceTags":{"name":"115동 앞 인공 연못","natural":"water","water":"pond"},"sourceSurveyed":false},"geometry":{"type":"Polygon","coordinates":[[[127.0133631,37.5080475],[127.0134894,37.507933],[127.0136998,37.507974],[127.0135345,37.5080618],[127.0133631,37.5080475]]]}},{"type":"Feature","id":"way/687940678","properties":{"osmType":"way","osmId":687940678,"osmVersion":2,"osmTimestamp":"2022-02-16T10:37:09Z","sourceUrl":"https://www.openstreetmap.org/way/687940678","name":null,"waterType":"pond","sourceTags":{"natural":"water","water":"pond"},"sourceSurveyed":false},"geometry":{"type":"Polygon","coordinates":[[[127.0156457,37.5077684],[127.0154666,37.5078544],[127.0154382,37.5075322],[127.0156005,37.5074893],[127.0156318,37.5076827],[127.0156457,37.5077684]]]}},{"type":"Feature","id":"way/687940679","properties":{"osmType":"way","osmId":687940679,"osmVersion":2,"osmTimestamp":"2022-02-16T10:37:09Z","sourceUrl":"https://www.openstreetmap.org/way/687940679","name":null,"waterType":"pond","sourceTags":{"natural":"water","water":"pond"},"sourceSurveyed":false},"geometry":{"type":"Polygon","coordinates":[[[127.0164937,37.5057287],[127.0162952,37.5058146],[127.0163584,37.5056428],[127.0164937,37.5057287]]]}},{"type":"Feature","id":"way/687940680","properties":{"osmType":"way","osmId":687940680,"osmVersion":2,"osmTimestamp":"2022-02-16T10:37:09Z","sourceUrl":"https://www.openstreetmap.org/way/687940680","name":null,"waterType":"pond","sourceTags":{"natural":"water","water":"pond"},"sourceSurveyed":false},"geometry":{"type":"Polygon","coordinates":[[[127.0158171,37.5046122],[127.0158532,37.5047482],[127.0156625,37.504835],[127.0156366,37.504741],[127.0158171,37.5046122]]]}},{"type":"Feature","id":"way/689880040","properties":{"osmType":"way","osmId":689880040,"osmVersion":1,"osmTimestamp":"2019-05-14T09:05:13Z","sourceUrl":"https://www.openstreetmap.org/way/689880040","name":null,"waterType":"pond","sourceTags":{"natural":"water","water":"pond"},"sourceSurveyed":false},"geometry":{"type":"Polygon","coordinates":[[[126.9322024,37.6562064],[126.9321679,37.6561999],[126.9321496,37.6561935],[126.9321353,37.6561726],[126.9321028,37.6560632],[126.9321008,37.6560374],[126.9321028,37.6560133],[126.932115,37.6559956],[126.9321658,37.6559843],[126.9322532,37.6559827],[126.9322675,37.6559972],[126.9322756,37.6560133],[126.9322979,37.6561565],[126.9322939,37.6561774],[126.9322837,37.6561919],[126.9322492,37.6562048],[126.9322024,37.6562064]]]}},{"type":"Feature","id":"way/691611265","properties":{"osmType":"way","osmId":691611265,"osmVersion":1,"osmTimestamp":"2019-05-22T08:48:10Z","sourceUrl":"https://www.openstreetmap.org/way/691611265","name":null,"waterType":"pond","sourceTags":{"natural":"water","water":"pond"},"sourceSurveyed":false},"geometry":{"type":"Polygon","coordinates":[[[127.1107392,37.4998037],[127.1106619,37.4997972],[127.1107554,37.4995972],[127.1108164,37.4996198],[127.1107392,37.4998037]]]}},{"type":"Feature","id":"way/691611266","properties":{"osmType":"way","osmId":691611266,"osmVersion":1,"osmTimestamp":"2019-05-22T08:48:10Z","sourceUrl":"https://www.openstreetmap.org/way/691611266","name":null,"waterType":"pond","sourceTags":{"natural":"water","water":"pond"},"sourceSurveyed":false},"geometry":{"type":"Polygon","coordinates":[[[127.1108692,37.499494],[127.1108123,37.4994747],[127.1109343,37.499265],[127.1109953,37.4992779],[127.1108692,37.499494]]]}},{"type":"Feature","id":"way/691836799","properties":{"osmType":"way","osmId":691836799,"osmVersion":2,"osmTimestamp":"2021-08-11T09:18:31Z","sourceUrl":"https://www.openstreetmap.org/way/691836799","name":"연못","waterType":"pond","sourceTags":{"name":"연못","natural":"water","water":"pond"},"sourceSurveyed":false},"geometry":{"type":"Polygon","coordinates":[[[126.880782,37.6512809],[126.8807753,37.6513637],[126.8806238,37.6513849],[126.8803207,37.651266],[126.8803717,37.6511896],[126.880782,37.6512809]]]}},{"type":"Feature","id":"way/691912369","properties":{"osmType":"way","osmId":691912369,"osmVersion":1,"osmTimestamp":"2019-05-23T08:28:32Z","sourceUrl":"https://www.openstreetmap.org/way/691912369","name":null,"waterType":"pond","sourceTags":{"natural":"water","water":"pond","intermittent":"no"},"sourceSurveyed":false},"geometry":{"type":"Polygon","coordinates":[[[127.1064798,37.4974257],[127.1057793,37.4972256],[127.1058703,37.4970237],[127.1065778,37.4972238],[127.1064798,37.4974257]]]}},{"type":"Feature","id":"way/694338886","properties":{"osmType":"way","osmId":694338886,"osmVersion":1,"osmTimestamp":"2019-06-03T19:26:58Z","sourceUrl":"https://www.openstreetmap.org/way/694338886","name":null,"waterType":"pond","sourceTags":{"natural":"water","water":"pond"},"sourceSurveyed":false},"geometry":{"type":"Polygon","coordinates":[[[126.7856262,37.6665465],[126.7856267,37.666558],[126.7856136,37.6665652],[126.7855946,37.6665668],[126.7855823,37.6665561],[126.7855629,37.6665492],[126.7855448,37.666547],[126.7855407,37.6665341],[126.7855507,37.6665226],[126.785569,37.6665185],[126.7855893,37.6665332],[126.7856115,37.6665344],[126.7856262,37.6665465]]]}},{"type":"Feature","id":"way/699796995","properties":{"osmType":"way","osmId":699796995,"osmVersion":3,"osmTimestamp":"2020-09-03T06:07:31Z","sourceUrl":"https://www.openstreetmap.org/way/699796995","name":"안터생태습지","waterType":"pond","sourceTags":{"name":"안터생태습지","natural":"water","water":"pond"},"sourceSurveyed":false},"geometry":{"type":"Polygon","coordinates":[[[126.8702525,37.4584462],[126.8703088,37.4584569],[126.8703303,37.4584952],[126.8702686,37.4585782],[126.8702016,37.4586336],[126.870156,37.4587273],[126.870156,37.4588422],[126.8699709,37.4589806],[126.8698609,37.4591211],[126.869582,37.4590764],[126.8693038,37.4589761],[126.8692669,37.4589399],[126.8692441,37.4588835],[126.8692475,37.4588287],[126.8693239,37.4585279],[126.8693655,37.4584172],[126.8694379,37.4583022],[126.8695566,37.458159],[126.8695888,37.4581505],[126.8696451,37.458109],[126.8696733,37.4580749],[126.8699521,37.4576861],[126.8699575,37.4574583],[126.8700943,37.4575413],[126.8701855,37.4576968],[126.8702579,37.4577287],[126.8703008,37.4578309],[126.8702713,37.4578756],[126.8701774,37.4578564],[126.8701211,37.4577628],[126.8700433,37.4576052],[126.870046,37.4578799],[126.8698651,37.4580398],[126.8697605,37.4581601],[126.869676,37.458224],[126.8696222,37.4582663],[126.8694572,37.4583925],[126.8694158,37.4584704],[126.8693997,37.4585825],[126.8693534,37.4586958],[126.8693474,37.458776],[126.8693621,37.4588372],[126.8693896,37.4588867],[126.8694547,37.4589271],[126.8695251,37.4589633],[126.8696102,37.4590096],[126.8697531,37.4590059],[126.8698329,37.4589766],[126.8700701,37.4586442],[126.8701694,37.4584973],[126.8702525,37.4584462]]]}},{"type":"Feature","id":"way/701718720","properties":{"osmType":"way","osmId":701718720,"osmVersion":1,"osmTimestamp":"2019-07-05T00:00:32Z","sourceUrl":"https://www.openstreetmap.org/way/701718720","name":null,"waterType":"pond","sourceTags":{"natural":"water","water":"pond"},"sourceSurveyed":false},"geometry":{"type":"Polygon","coordinates":[[[127.0081338,37.6483673],[127.0079125,37.6483734],[127.0078749,37.6483628],[127.0078306,37.6483171],[127.0078052,37.6482672],[127.0077904,37.6482492],[127.0077716,37.648195],[127.0077596,37.6481473],[127.0077502,37.6480931],[127.0077448,37.6480591],[127.0077609,37.6480591],[127.007785,37.6480708],[127.0078065,37.6480857],[127.0078199,37.648109],[127.0078159,37.6481239],[127.0078253,37.6481409],[127.007836,37.6481611],[127.0078588,37.6481717],[127.0078923,37.6481738],[127.0079192,37.648177],[127.0079259,37.6482035],[127.0079285,37.6482269],[127.0079406,37.6482534],[127.0079768,37.6482609],[127.0080063,37.6482619],[127.0080318,37.6482503],[127.008056,37.648246],[127.0080895,37.6482524],[127.0081203,37.6482651],[127.0081632,37.6482672],[127.0081753,37.6482747],[127.0081793,37.6483501],[127.0081297,37.6483533],[127.0081338,37.6483673]]]}},{"type":"Feature","id":"way/701718721","properties":{"osmType":"way","osmId":701718721,"osmVersion":1,"osmTimestamp":"2019-07-05T00:00:32Z","sourceUrl":"https://www.openstreetmap.org/way/701718721","name":null,"waterType":"pond","sourceTags":{"natural":"water","water":"pond"},"sourceSurveyed":false},"geometry":{"type":"Polygon","coordinates":[[[127.0080466,37.6490275],[127.0080385,37.6490456],[127.008013,37.6490636],[127.0079902,37.6490742],[127.0079661,37.6490785],[127.0079232,37.6490753],[127.0078964,37.6490551],[127.0078803,37.649035],[127.0078803,37.6490201],[127.0078829,37.6489989],[127.0078883,37.6489766],[127.0078829,37.6489574],[127.0078588,37.6489415],[127.0078467,37.6489256],[127.0078561,37.6489054],[127.0078709,37.6488937],[127.0078856,37.6488767],[127.0078964,37.6488523],[127.007899,37.64883],[127.0078856,37.6488035],[127.0078561,37.6487737],[127.0078427,37.6487536],[127.0078387,37.6487164],[127.0078374,37.6486739],[127.0081485,37.6486665],[127.0081471,37.6486803],[127.0081941,37.6486792],[127.0081968,37.6487398],[127.0081954,37.6487791],[127.0081646,37.648796],[127.0081539,37.6488152],[127.0081485,37.64883],[127.0081525,37.6488428],[127.0081525,37.6488693],[127.0081485,37.6488874],[127.0081458,37.648898],[127.0081284,37.6489118],[127.0081136,37.648916],[127.0080855,37.6489277],[127.0080653,37.6489447],[127.0080492,37.6489617],[127.0080412,37.6489808],[127.0080399,37.6489989],[127.0080439,37.6490148],[127.0080466,37.6490275]]]}},{"type":"Feature","id":"way/706933719","properties":{"osmType":"way","osmId":706933719,"osmVersion":2,"osmTimestamp":"2020-11-24T05:06:47Z","sourceUrl":"https://www.openstreetmap.org/way/706933719","name":null,"waterType":"pond","sourceTags":{"natural":"water","water":"pond"},"sourceSurveyed":false},"geometry":{"type":"Polygon","coordinates":[[[127.1394623,37.4758839],[127.139466,37.475911],[127.1394663,37.4759442],[127.139467,37.4760081],[127.1394656,37.4760145],[127.1394596,37.4760163],[127.1394484,37.4760142],[127.1394355,37.4760102],[127.1394234,37.476005],[127.1394136,37.4759999],[127.1394052,37.475994],[127.1393916,37.4759669],[127.1393876,37.475955],[127.1393849,37.4759418],[127.1393839,37.4759257],[127.1393883,37.475901],[127.1393914,37.4758869],[127.1393924,37.4758758],[127.1393915,37.4758609],[127.1393895,37.4758476],[127.139387,37.4758357],[127.1393874,37.4758245],[127.1393907,37.475813],[127.1393978,37.4758025],[127.13941,37.4757979],[127.1394231,37.475798],[127.1394336,37.4758007],[127.1394398,37.4758091],[127.1394471,37.4758326],[127.139455,37.4758593],[127.1394623,37.4758839]]]}},{"type":"Feature","id":"way/744071475","properties":{"osmType":"way","osmId":744071475,"osmVersion":2,"osmTimestamp":"2024-08-28T18:44:24Z","sourceUrl":"https://www.openstreetmap.org/way/744071475","name":"청룡연못","waterType":"pond","sourceTags":{"name":"청룡연못","natural":"water","water":"pond","intermittent":"no","salt":"no"},"sourceSurveyed":false},"geometry":{"type":"Polygon","coordinates":[[[126.9573509,37.505731],[126.957294,37.5057475],[126.9572525,37.5057577],[126.9572133,37.5057518],[126.9571759,37.5057061],[126.9571598,37.5056606],[126.9571625,37.5056152],[126.9572049,37.5055568],[126.9572349,37.5055428],[126.9572764,37.5055192],[126.957323,37.5055145],[126.9573825,37.5055104],[126.9574245,37.5055297],[126.9574529,37.5055652],[126.957461,37.5056056],[126.9574607,37.505642],[126.9574475,37.5056798],[126.9573509,37.505731]]]}},{"type":"Feature","id":"way/749787210","properties":{"osmType":"way","osmId":749787210,"osmVersion":1,"osmTimestamp":"2019-11-26T13:21:14Z","sourceUrl":"https://www.openstreetmap.org/way/749787210","name":null,"waterType":"unspecified","sourceTags":{"natural":"water"},"sourceSurveyed":false},"geometry":{"type":"Polygon","coordinates":[[[127.1669184,37.4530128],[127.1668741,37.4530032],[127.166854,37.4529947],[127.1668661,37.4529787],[127.1668942,37.4529723],[127.1669345,37.4529744],[127.166964,37.4529883],[127.1669599,37.4530032],[127.1669184,37.4530128]]]}},{"type":"Feature","id":"way/749787219","properties":{"osmType":"way","osmId":749787219,"osmVersion":1,"osmTimestamp":"2019-11-26T13:21:14Z","sourceUrl":"https://www.openstreetmap.org/way/749787219","name":null,"waterType":"unspecified","sourceTags":{"natural":"water"},"sourceSurveyed":false},"geometry":{"type":"Polygon","coordinates":[[[127.1677941,37.4533407],[127.1677284,37.4533758],[127.1677043,37.4533854],[127.1676788,37.4533864],[127.1676573,37.4533769],[127.1676506,37.4533566],[127.1676962,37.453198],[127.1679202,37.4532438],[127.1679001,37.4533279],[127.1678866,37.4533481],[127.1678638,37.4533492],[127.1678437,37.4533407],[127.1677941,37.4533407]]]}},{"type":"Feature","id":"way/750325710","properties":{"osmType":"way","osmId":750325710,"osmVersion":3,"osmTimestamp":"2019-11-29T10:29:04Z","sourceUrl":"https://www.openstreetmap.org/way/750325710","name":null,"waterType":"lake","sourceTags":{"natural":"water","water":"lake"},"sourceSurveyed":false},"geometry":{"type":"Polygon","coordinates":[[[127.0421914,37.6042125],[127.0421672,37.604209],[127.0421539,37.6041979],[127.0421458,37.6041781],[127.0421481,37.6041624],[127.0421606,37.6041478],[127.0421811,37.604142],[127.042212,37.6041437],[127.0422319,37.6041571],[127.0422392,37.6041781],[127.0422326,37.6041991],[127.0422113,37.6042107],[127.0421914,37.6042125]]]}},{"type":"Feature","id":"way/750361714","properties":{"osmType":"way","osmId":750361714,"osmVersion":5,"osmTimestamp":"2026-09-06T13:44:26Z","sourceUrl":"https://www.openstreetmap.org/way/750361714","name":"정릉천","waterType":"river","sourceTags":{"name":"정릉천","natural":"water","water":"river"},"sourceSurveyed":false},"geometry":{"type":"Polygon","coordinates":[[[127.0393673,37.6017553],[127.0390937,37.6019221],[127.0389435,37.6020156],[127.0388013,37.6020911],[127.0386699,37.6021421],[127.0385009,37.6022154],[127.0383829,37.6022568],[127.0383145,37.6022781],[127.0382649,37.6022929],[127.0382246,37.6023014],[127.0381683,37.6023153],[127.0381133,37.6023291],[127.0380657,37.6023397],[127.037994,37.6023562],[127.0379303,37.6023668],[127.0378692,37.6023774],[127.0376681,37.6024008],[127.0375849,37.602413],[127.036865,37.6025003],[127.0364391,37.602553],[127.0358264,37.6026228],[127.0354237,37.6026831],[127.0348303,37.6027594],[127.0340357,37.6028651],[127.0335616,37.6029342],[127.0329382,37.6030847],[127.0329345,37.6030757],[127.033563,37.602923],[127.0340719,37.6028492],[127.0345983,37.6027695],[127.035419,37.6026582],[127.0358284,37.6026061],[127.0364296,37.6025299],[127.0368366,37.6024799],[127.0371464,37.6024534],[127.0372215,37.6024321],[127.0373207,37.6023875],[127.0376345,37.60226],[127.0379671,37.6021793],[127.0383078,37.6021049],[127.0387128,37.6019753],[127.0389408,37.601886],[127.0392546,37.6017744],[127.0394061,37.6016969],[127.039465,37.6016483],[127.0395966,37.6015396],[127.0397696,37.6014068],[127.0399265,37.6012559],[127.0400579,37.6011295],[127.0402712,37.6008936],[127.0403945,37.6007374],[127.040593,37.600425],[127.0407084,37.6001647],[127.0407888,37.5998661],[127.0408492,37.5995452],[127.0409068,37.5991702],[127.0408867,37.5986538],[127.0408676,37.598029],[127.0408478,37.5978536],[127.0407981,37.5971554],[127.0407392,37.596739],[127.0406185,37.5962278],[127.0405085,37.595636],[127.0404182,37.595288],[127.0402515,37.5947958],[127.0399882,37.5942132],[127.0397562,37.5936404],[127.0395054,37.5930453],[127.0391768,37.5922547],[127.0387785,37.59136],[127.0386916,37.5911543],[127.0387706,37.5911516],[127.0388764,37.5913632],[127.0392546,37.5922484],[127.0395899,37.59304],[127.0398232,37.5936043],[127.0400605,37.5942021],[127.0403074,37.5947891],[127.0404683,37.5952769],[127.0405515,37.5956307],[127.0406862,37.5962176],[127.0407808,37.5967358],[127.0408438,37.5971428],[127.0409042,37.5978462],[127.0409162,37.5980237],[127.040923,37.5986608],[127.0409363,37.5991712],[127.0408874,37.5995582],[127.0408317,37.5998746],[127.0407459,37.6001796],[127.0406359,37.6004388],[127.0404455,37.6007374],[127.0403235,37.600901],[127.0401196,37.6011412],[127.0399788,37.6012793],[127.0398138,37.6014249],[127.0396596,37.6015492],[127.0394611,37.6016958],[127.0393673,37.6017553]]]}},{"type":"Feature","id":"way/750872482","properties":{"osmType":"way","osmId":750872482,"osmVersion":1,"osmTimestamp":"2019-11-29T16:30:17Z","sourceUrl":"https://www.openstreetmap.org/way/750872482","name":null,"waterType":"lake","sourceTags":{"natural":"water","water":"lake"},"sourceSurveyed":false},"geometry":{"type":"Polygon","coordinates":[[[127.0396862,37.60217],[127.0396527,37.6021551],[127.0396313,37.6021275],[127.0396353,37.6020914],[127.0396594,37.602068],[127.039701,37.6020563],[127.0397412,37.602068],[127.0397694,37.6020946],[127.0397748,37.6021296],[127.0397546,37.6021541],[127.0397225,37.6021711],[127.0396862,37.60217]]]}},{"type":"Feature","id":"way/751075741","properties":{"osmType":"way","osmId":751075741,"osmVersion":1,"osmTimestamp":"2019-11-30T16:04:08Z","sourceUrl":"https://www.openstreetmap.org/way/751075741","name":null,"waterType":"pond","sourceTags":{"natural":"water","water":"pond"},"sourceSurveyed":false},"geometry":{"type":"Polygon","coordinates":[[[126.8439956,37.5434793],[126.8439661,37.5434793],[126.843958,37.5434634],[126.8439768,37.5434443],[126.844009,37.5434389],[126.8440278,37.543424],[126.8440519,37.5434166],[126.844076,37.5434209],[126.8440895,37.5434326],[126.844068,37.5434517],[126.8439956,37.5434793]]]}},{"type":"Feature","id":"way/759409653","properties":{"osmType":"way","osmId":759409653,"osmVersion":1,"osmTimestamp":"2019-12-29T17:45:39Z","sourceUrl":"https://www.openstreetmap.org/way/759409653","name":null,"waterType":"pond","sourceTags":{"natural":"water","water":"pond"},"sourceSurveyed":false},"geometry":{"type":"Polygon","coordinates":[[[127.0115957,37.5674586],[127.0115329,37.5676192],[127.0114133,37.5675898],[127.011476,37.5674292],[127.0115957,37.5674586]]]}},{"type":"Feature","id":"way/760129914","properties":{"osmType":"way","osmId":760129914,"osmVersion":4,"osmTimestamp":"2024-06-09T18:15:36Z","sourceUrl":"https://www.openstreetmap.org/way/760129914","name":null,"waterType":"unspecified","sourceTags":{"natural":"water"},"sourceSurveyed":false},"geometry":{"type":"Polygon","coordinates":[[[126.9945661,37.5718933],[126.9944703,37.5719822],[126.9944517,37.5719789],[126.9945542,37.5718805],[126.9946089,37.5717588],[126.9946685,37.5716229],[126.994776,37.5714354],[126.994821,37.5713433],[126.9948614,37.5712383],[126.9948941,37.5711281],[126.9949087,37.5710535],[126.9949127,37.5710332],[126.9949284,37.5709326],[126.994943,37.5709334],[126.9949266,37.5710306],[126.9949233,37.5710518],[126.9949091,37.5711277],[126.9948778,37.5712361],[126.9948337,37.5713469],[126.994788,37.5714371],[126.9946913,37.5716222],[126.9946409,37.5717291],[126.9946163,37.571783],[126.9945995,37.5718282],[126.9945888,37.5718494],[126.9945661,37.5718933]]]}},{"type":"Feature","id":"way/762605693","properties":{"osmType":"way","osmId":762605693,"osmVersion":1,"osmTimestamp":"2020-01-12T09:08:13Z","sourceUrl":"https://www.openstreetmap.org/way/762605693","name":null,"waterType":"pond","sourceTags":{"natural":"water","water":"pond"},"sourceSurveyed":false},"geometry":{"type":"Polygon","coordinates":[[[126.8233639,37.599346],[126.8230152,37.5992567],[126.8229831,37.5991249],[126.8230528,37.5989974],[126.8231976,37.5988444],[126.8234068,37.5988869],[126.8236965,37.5989592],[126.8237287,37.5990059],[126.8236161,37.5991845],[126.8234712,37.5992652],[126.8233639,37.599346]]]}},{"type":"Feature","id":"way/766150727","properties":{"osmType":"way","osmId":766150727,"osmVersion":1,"osmTimestamp":"2020-01-24T05:56:37Z","sourceUrl":"https://www.openstreetmap.org/way/766150727","name":null,"waterType":"lake","sourceTags":{"natural":"water","water":"lake"},"sourceSurveyed":false},"geometry":{"type":"Polygon","coordinates":[[[127.0657387,37.6393159],[127.0657018,37.6392988],[127.0656972,37.6392537],[127.0657187,37.6392317],[127.0658342,37.6392232],[127.065862,37.6392403],[127.0658635,37.6392878],[127.0658373,37.6393098],[127.0657387,37.6393159]]]}},{"type":"Feature","id":"way/767779592","properties":{"osmType":"way","osmId":767779592,"osmVersion":3,"osmTimestamp":"2020-08-24T07:31:45Z","sourceUrl":"https://www.openstreetmap.org/way/767779592","name":null,"waterType":"pond","sourceTags":{"natural":"water","water":"pond"},"sourceSurveyed":false},"geometry":{"type":"Polygon","coordinates":[[[126.9946396,37.5601115],[126.9946393,37.5601113],[126.9946264,37.560088],[126.9946265,37.5600877],[126.9946268,37.5600872],[126.9946906,37.5600642],[126.9946911,37.5600637],[126.9946911,37.5600629],[126.9946437,37.5599781],[126.9946437,37.559978],[126.9946437,37.5599779],[126.9946643,37.5599708],[126.9946805,37.5599644],[126.9946816,37.5599648],[126.9946827,37.5599658],[126.9947107,37.5600172],[126.9947428,37.5600755],[126.9947428,37.5600759],[126.9947427,37.5600762],[126.9946401,37.5601115],[126.9946396,37.5601115]]]}},{"type":"Feature","id":"way/767874478","properties":{"osmType":"way","osmId":767874478,"osmVersion":1,"osmTimestamp":"2020-01-29T13:55:20Z","sourceUrl":"https://www.openstreetmap.org/way/767874478","name":null,"waterType":"pond","sourceTags":{"natural":"water","water":"pond"},"sourceSurveyed":false},"geometry":{"type":"Polygon","coordinates":[[[126.9743247,37.5601923],[126.9743062,37.5602022],[126.9742713,37.5602087],[126.974241,37.5602106],[126.9742083,37.5602093],[126.9741828,37.5602043],[126.9741588,37.5601948],[126.9741333,37.5601853],[126.974111,37.560172],[126.9740903,37.560155],[126.9740775,37.5601373],[126.9740751,37.5601227],[126.9740815,37.5601088],[126.9740863,37.5601006],[126.9741014,37.5600899],[126.9741238,37.5600823],[126.9741517,37.5600804],[126.9741899,37.5600791],[126.974225,37.5600829],[126.9742569,37.5600905],[126.9742912,37.560105],[126.9743255,37.5601284],[126.9743359,37.5601442],[126.9743415,37.5601588],[126.9743383,37.5601714],[126.9743303,37.5601841],[126.9743247,37.5601923]]]}},{"type":"Feature","id":"way/768444114","properties":{"osmType":"way","osmId":768444114,"osmVersion":1,"osmTimestamp":"2020-01-31T07:29:25Z","sourceUrl":"https://www.openstreetmap.org/way/768444114","name":null,"waterType":"stream","sourceTags":{"natural":"water","water":"stream"},"sourceSurveyed":false},"geometry":{"type":"Polygon","coordinates":[[[126.9714811,37.570507],[126.9714838,37.5704566],[126.9716338,37.5704603],[126.9716311,37.5705106],[126.9714811,37.570507]]]}},{"type":"Feature","id":"way/768444115","properties":{"osmType":"way","osmId":768444115,"osmVersion":1,"osmTimestamp":"2020-01-31T07:29:25Z","sourceUrl":"https://www.openstreetmap.org/way/768444115","name":null,"waterType":"stream","sourceTags":{"natural":"water","water":"stream"},"sourceSurveyed":false},"geometry":{"type":"Polygon","coordinates":[[[126.9716433,37.5702762],[126.9716414,37.5703163],[126.9714904,37.5703125],[126.9714923,37.5702717],[126.9716433,37.5702762]]]}},{"type":"Feature","id":"way/771233468","properties":{"osmType":"way","osmId":771233468,"osmVersion":2,"osmTimestamp":"2024-01-13T12:56:55Z","sourceUrl":"https://www.openstreetmap.org/way/771233468","name":null,"waterType":"unspecified","sourceTags":{"name:ko":"회동 제생동천","natural":"water"},"sourceSurveyed":false},"geometry":{"type":"Polygon","coordinates":[[[126.9950093,37.5708703],[126.9950047,37.5709316],[126.9948288,37.5709239],[126.994835,37.5708636],[126.9950093,37.5708703]]]}},{"type":"Feature","id":"way/771233469","properties":{"osmType":"way","osmId":771233469,"osmVersion":2,"osmTimestamp":"2024-01-13T12:56:55Z","sourceUrl":"https://www.openstreetmap.org/way/771233469","name":null,"waterType":"unspecified","sourceTags":{"name:ko":"회동 제생동천","natural":"water"},"sourceSurveyed":false},"geometry":{"type":"Polygon","coordinates":[[[126.9953093,37.5708848],[126.995304,37.5709453],[126.9951258,37.5709373],[126.9951304,37.570876],[126.9953093,37.5708848]]]}},{"type":"Feature","id":"way/775090209","properties":{"osmType":"way","osmId":775090209,"osmVersion":1,"osmTimestamp":"2020-02-20T18:40:11Z","sourceUrl":"https://www.openstreetmap.org/way/775090209","name":null,"waterType":"unspecified","sourceTags":{"natural":"water"},"sourceSurveyed":false},"geometry":{"type":"Polygon","coordinates":[[[126.9882295,37.5585762],[126.9881363,37.5585891],[126.9881155,37.5584663],[126.9881856,37.5584584],[126.9882295,37.5585762]]]}},{"type":"Feature","id":"way/775598306","properties":{"osmType":"way","osmId":775598306,"osmVersion":1,"osmTimestamp":"2020-02-22T18:03:08Z","sourceUrl":"https://www.openstreetmap.org/way/775598306","name":"북한산 아이파크 공원 연못","waterType":"pond","sourceTags":{"name":"북한산 아이파크 공원 연못","natural":"water","water":"pond"},"sourceSurveyed":false},"geometry":{"type":"Polygon","coordinates":[[[127.0434909,37.6571842],[127.0432792,37.6571529],[127.0433025,37.6570542],[127.0435142,37.6570856],[127.0434909,37.6571842]]]}},{"type":"Feature","id":"way/775598308","properties":{"osmType":"way","osmId":775598308,"osmVersion":1,"osmTimestamp":"2020-02-22T18:03:08Z","sourceUrl":"https://www.openstreetmap.org/way/775598308","name":"북한산 아이파크 공원 연못","waterType":"pond","sourceTags":{"name":"북한산 아이파크 공원 연못","natural":"water","water":"pond"},"sourceSurveyed":false},"geometry":{"type":"Polygon","coordinates":[[[127.0442401,37.6578615],[127.0441251,37.6578776],[127.0441025,37.6578187],[127.0441454,37.6577687],[127.0442446,37.6578044],[127.0442401,37.6578615]]]}},{"type":"Feature","id":"way/775601065","properties":{"osmType":"way","osmId":775601065,"osmVersion":1,"osmTimestamp":"2020-02-22T18:22:02Z","sourceUrl":"https://www.openstreetmap.org/way/775601065","name":"북한산 아이파크 공원 연못","waterType":"pond","sourceTags":{"name":"북한산 아이파크 공원 연못","natural":"water","water":"pond"},"sourceSurveyed":false},"geometry":{"type":"Polygon","coordinates":[[[127.0430013,37.6586029],[127.0429662,37.6586004],[127.0429694,37.6585625],[127.0429918,37.6585372],[127.0430268,37.6585398],[127.0431098,37.658565],[127.0432087,37.6585095],[127.0432246,37.6584489],[127.0433171,37.658459],[127.0433107,37.6584943],[127.0433075,37.6585297],[127.0432597,37.6585297],[127.0431321,37.6585878],[127.04303,37.6585827],[127.0430013,37.6586029]]]}},{"type":"Feature","id":"way/777660089","properties":{"osmType":"way","osmId":777660089,"osmVersion":3,"osmTimestamp":"2020-09-03T03:35:10Z","sourceUrl":"https://www.openstreetmap.org/way/777660089","name":null,"waterType":"pond","sourceTags":{"natural":"water","water":"pond"},"sourceSurveyed":false},"geometry":{"type":"Polygon","coordinates":[[[126.9588868,37.5729313],[126.9589467,37.5729681],[126.9586787,37.5732378],[126.9585977,37.5731845],[126.9588868,37.5729313]]]}},{"type":"Feature","id":"way/777660090","properties":{"osmType":"way","osmId":777660090,"osmVersion":3,"osmTimestamp":"2020-09-03T03:35:10Z","sourceUrl":"https://www.openstreetmap.org/way/777660090","name":null,"waterType":"pond","sourceTags":{"natural":"water","water":"pond"},"sourceSurveyed":false},"geometry":{"type":"Polygon","coordinates":[[[126.9587887,37.57331],[126.9587051,37.5732556],[126.958974,37.5729865],[126.9590366,37.5730285],[126.9587887,37.57331]]]}},{"type":"Feature","id":"way/778500083","properties":{"osmType":"way","osmId":778500083,"osmVersion":1,"osmTimestamp":"2020-03-05T09:14:19Z","sourceUrl":"https://www.openstreetmap.org/way/778500083","name":null,"waterType":"pond","sourceTags":{"natural":"water","water":"pond"},"sourceSurveyed":false},"geometry":{"type":"Polygon","coordinates":[[[126.8433987,37.5984715],[126.8430285,37.5990537],[126.8418966,37.5989942],[126.8418805,37.5984715],[126.8433987,37.5984715]]]}},{"type":"Feature","id":"way/778746869","properties":{"osmType":"way","osmId":778746869,"osmVersion":1,"osmTimestamp":"2020-03-06T04:46:43Z","sourceUrl":"https://www.openstreetmap.org/way/778746869","name":null,"waterType":"pond","sourceTags":{"natural":"water","water":"pond"},"sourceSurveyed":false},"geometry":{"type":"Polygon","coordinates":[[[126.860302,37.5915832],[126.8601411,37.591953],[126.8597012,37.5918042],[126.8599158,37.5915067],[126.860302,37.5915832]]]}},{"type":"Feature","id":"way/786079697","properties":{"osmType":"way","osmId":786079697,"osmVersion":6,"osmTimestamp":"2021-05-17T03:51:02Z","sourceUrl":"https://www.openstreetmap.org/way/786079697","name":null,"waterType":"lake","sourceTags":{"natural":"water","water":"lake"},"sourceSurveyed":false},"geometry":{"type":"Polygon","coordinates":[[[127.0312944,37.5897598],[127.0312856,37.5896898],[127.0312993,37.5896243],[127.0313013,37.5896039],[127.0313108,37.5895674],[127.0313295,37.5895539],[127.0313521,37.5895388],[127.0313772,37.5895056],[127.0314177,37.5894992],[127.031359,37.5896418],[127.0313419,37.5896473],[127.0312944,37.5897598]]]}},{"type":"Feature","id":"way/788178726","properties":{"osmType":"way","osmId":788178726,"osmVersion":4,"osmTimestamp":"2020-12-30T00:55:26Z","sourceUrl":"https://www.openstreetmap.org/way/788178726","name":"관람지","waterType":"pond","sourceTags":{"name":"관람지","natural":"water","water":"pond"},"sourceSurveyed":false},"geometry":{"type":"Polygon","coordinates":[[[126.9933371,37.5835493],[126.9933612,37.5835668],[126.9933806,37.5835791],[126.9933967,37.5835955],[126.9934048,37.5836141],[126.9934148,37.5836338],[126.9934316,37.5836609],[126.9934242,37.5836837],[126.9934028,37.5837066],[126.9933659,37.5837279],[126.9933417,37.5837316],[126.9933189,37.5837427],[126.9932794,37.583772],[126.993264,37.5837943],[126.9932415,37.5838224],[126.9932164,37.5838437],[126.9931982,37.583858],[126.9931868,37.5838756],[126.993152,37.5838952],[126.9931138,37.5839207],[126.9930769,37.5839362],[126.9930387,37.5839425],[126.9930018,37.5839346],[126.9929877,37.5839117],[126.9929857,37.5838873],[126.9929937,37.5838713],[126.9930165,37.5838607],[126.9930682,37.5838639],[126.9930846,37.5838596],[126.9930963,37.5838506],[126.9931064,37.5838331],[126.9931124,37.5837767],[126.9931225,37.5837576],[126.9931426,37.5837364],[126.9931761,37.5837215],[126.9932016,37.5837039],[126.9932204,37.5836859],[126.9932472,37.5836497],[126.9932673,37.5836285],[126.993278,37.5836136],[126.9932827,37.583603],[126.9932814,37.5835865],[126.9932767,37.5835679],[126.9932821,37.5835536],[126.9932941,37.5835408],[126.9933223,37.5835408],[126.9933371,37.5835493]]]}},{"type":"Feature","id":"way/802936071","properties":{"osmType":"way","osmId":802936071,"osmVersion":4,"osmTimestamp":"2020-06-16T05:39:00Z","sourceUrl":"https://www.openstreetmap.org/way/802936071","name":"고려대학교 육생비오톱","waterType":"lake","sourceTags":{"name":"고려대학교 육생비오톱","natural":"water","water":"lake"},"sourceSurveyed":false},"geometry":{"type":"Polygon","coordinates":[[[127.03339,37.5874186],[127.0334367,37.5873968],[127.0335573,37.587479],[127.03362,37.5875614],[127.0336264,37.5875794],[127.033621,37.5875973],[127.033607,37.5876119],[127.0335771,37.5876111],[127.0335593,37.587609],[127.0335443,37.5876029],[127.0335274,37.587596],[127.033513,37.5875856],[127.0334417,37.5875379],[127.0333771,37.5874673],[127.03339,37.5874186]]]}},{"type":"Feature","id":"way/807013767","properties":{"osmType":"way","osmId":807013767,"osmVersion":10,"osmTimestamp":"2023-07-13T07:33:02Z","sourceUrl":"https://www.openstreetmap.org/way/807013767","name":"성인 물놀이장","waterType":"pool","sourceTags":{"name":"성인 물놀이장","natural":"water","water":"pool"},"sourceSurveyed":false},"geometry":{"type":"Polygon","coordinates":[[[127.0669768,37.5294939],[127.0670063,37.5294868],[127.0671083,37.5292452],[127.0673178,37.5292666],[127.0673293,37.529476],[127.0673371,37.5294737],[127.0673478,37.5294703],[127.067358,37.5294686],[127.0673699,37.5294697],[127.0673879,37.5294706],[127.0674058,37.5294742],[127.0674214,37.5294784],[127.067438,37.5294854],[127.0674504,37.5294911],[127.0674598,37.5294973],[127.0674703,37.5295062],[127.0674817,37.5295168],[127.0674851,37.5295268],[127.0674849,37.5295365],[127.0674832,37.5295468],[127.0674809,37.5295533],[127.0674748,37.5295622],[127.0674648,37.5295718],[127.0674451,37.5295838],[127.0674318,37.5295947],[127.0674236,37.529607],[127.067416,37.5296204],[127.0674111,37.5296338],[127.0674097,37.5296478],[127.0674086,37.5296626],[127.0674153,37.5296866],[127.0674127,37.5297237],[127.0674057,37.5297369],[127.0673986,37.5297469],[127.0673899,37.5297543],[127.0673676,37.5297699],[127.0673512,37.5297778],[127.0673206,37.5297808],[127.0672933,37.5297811],[127.0672749,37.529778],[127.0672507,37.5297741],[127.0672262,37.5297759],[127.0671997,37.5297785],[127.0671699,37.5297813],[127.0671391,37.5297882],[127.0671163,37.5297939],[127.0670975,37.5298029],[127.0670802,37.5298103],[127.0670665,37.5298182],[127.0670504,37.5298298],[127.0670326,37.5298387],[127.0670088,37.5298485],[127.0669804,37.5298537],[127.0669424,37.5298544],[127.0669161,37.5298517],[127.0668961,37.5298444],[127.0668761,37.5298297],[127.0668624,37.5298147],[127.066838,37.529791],[127.0667872,37.5297411],[127.0667553,37.5297205],[127.0667259,37.52971],[127.0666921,37.5297016],[127.0666506,37.5296962],[127.0666136,37.5296956],[127.0665719,37.5297025],[127.0665285,37.5297158],[127.0664698,37.5296461],[127.0665084,37.5296406],[127.0665313,37.529624],[127.0665512,37.5296027],[127.0665757,37.5295788],[127.0665969,37.5295634],[127.0666086,37.5295579],[127.0666239,37.5295545],[127.0666381,37.529552],[127.0666542,37.5295563],[127.0666657,37.5295637],[127.0667179,37.5295894],[127.0667576,37.5295989],[127.0667993,37.5296012],[127.0668329,37.5295929],[127.0668645,37.5295821],[127.0668824,37.5295686],[127.0668981,37.5295559],[127.0669138,37.5295399],[127.066936,37.5295105],[127.0669768,37.5294939]]]}},{"type":"Feature","id":"way/807096579","properties":{"osmType":"way","osmId":807096579,"osmVersion":3,"osmTimestamp":"2023-09-12T02:21:47Z","sourceUrl":"https://www.openstreetmap.org/way/807096579","name":null,"waterType":"pond","sourceTags":{"natural":"water","water":"pond","waterway":"waterfall"},"sourceSurveyed":false},"geometry":{"type":"Polygon","coordinates":[[[127.1288246,37.5021191],[127.1288312,37.5021419],[127.1288273,37.5022176],[127.1288582,37.5022522],[127.1287995,37.5022885],[127.1287551,37.5022426],[127.1287972,37.5022112],[127.1288005,37.5021952],[127.1287701,37.5021567],[127.1287434,37.5021263],[127.128715,37.5020931],[127.1287083,37.5020701],[127.1287066,37.5020515],[127.1287132,37.5020301],[127.1287265,37.5020123],[127.1287391,37.501998],[127.1287613,37.5019916],[127.1287884,37.5019946],[127.1288105,37.5020069],[127.1288249,37.5020238],[127.1288289,37.5020418],[127.1288247,37.502059],[127.1288132,37.5020928],[127.1288246,37.5021191]]]}},{"type":"Feature","id":"way/807588495","properties":{"osmType":"way","osmId":807588495,"osmVersion":1,"osmTimestamp":"2020-05-23T18:03:00Z","sourceUrl":"https://www.openstreetmap.org/way/807588495","name":null,"waterType":"unspecified","sourceTags":{"natural":"water"},"sourceSurveyed":false},"geometry":{"type":"Polygon","coordinates":[[[126.9732029,37.499154],[126.9731635,37.4991897],[126.9724081,37.4986629],[126.9716234,37.4984081],[126.9716275,37.49835],[126.9724243,37.4986113],[126.9732029,37.499154]]]}},{"type":"Feature","id":"way/829068807","properties":{"osmType":"way","osmId":829068807,"osmVersion":1,"osmTimestamp":"2020-07-23T04:35:52Z","sourceUrl":"https://www.openstreetmap.org/way/829068807","name":null,"waterType":"pond","sourceTags":{"natural":"water","water":"pond"},"sourceSurveyed":false},"geometry":{"type":"Polygon","coordinates":[[[127.1388122,37.5121627],[127.1385279,37.5121648],[127.1385252,37.5119201],[127.138713,37.5114797],[127.1388525,37.5114648],[127.138949,37.5114606],[127.1390429,37.5114627],[127.1391261,37.5114755],[127.1392146,37.5115138],[127.1392924,37.5115669],[127.139346,37.5116255],[127.1393916,37.5116925],[127.1394144,37.5117584],[127.1394291,37.511835],[127.1394037,37.511918],[127.1393433,37.5119946],[127.1389356,37.512001],[127.1388122,37.5120818],[127.1388122,37.5121627]]]}},{"type":"Feature","id":"way/832507745","properties":{"osmType":"way","osmId":832507745,"osmVersion":10,"osmTimestamp":"2024-04-05T11:45:25Z","sourceUrl":"https://www.openstreetmap.org/way/832507745","name":null,"waterType":"stream","sourceTags":{"natural":"water","water":"stream"},"sourceSurveyed":false},"geometry":{"type":"Polygon","coordinates":[[[126.8109113,37.6689544],[126.8109998,37.6691321],[126.8110699,37.6692138],[126.8112104,37.6693847],[126.8113007,37.6694804],[126.81148,37.6695768],[126.8115545,37.6696228],[126.8121815,37.6700276],[126.8125383,37.6702082],[126.8128588,37.6704069],[126.8130144,37.6705448],[126.8134342,37.6711531],[126.8136009,37.6713574],[126.8136489,37.6714384],[126.8138064,37.6716171],[126.8138501,37.6716586],[126.8139599,37.6717582],[126.8146419,37.6722786],[126.8147665,37.6723834],[126.81487,37.6724936],[126.8149918,37.6726472],[126.8151967,37.6729506],[126.8152942,37.6730834],[126.8154485,37.6732804],[126.815482,37.6733759],[126.8155129,37.6734609],[126.8155809,37.6742668],[126.8156238,37.6745025],[126.8156801,37.674632],[126.8157874,37.6748252],[126.8158491,37.674953],[126.8159745,37.6751674],[126.8162273,37.6755215],[126.8163239,37.6757295],[126.816356,37.6758123],[126.8164392,37.6761265],[126.8164932,37.676339],[126.8165298,37.6765591],[126.8165867,37.6766955],[126.8166833,37.6768547],[126.8168184,37.6769635],[126.8169317,37.6770665],[126.817015,37.6771526],[126.8171008,37.6772248],[126.8171831,37.6773125],[126.8173478,37.677566],[126.8175577,37.6781008],[126.8175997,37.6782013],[126.8176935,37.6783351],[126.8179405,37.6786991],[126.8182097,37.6790373],[126.8183003,37.6791672],[126.818394,37.6792883],[126.8184991,37.6794425],[126.8186413,37.6796526],[126.8186805,37.6797404],[126.8187073,37.6798455],[126.8187312,37.6801151],[126.8187825,37.6804176],[126.8188307,37.6805705],[126.8188952,37.680719],[126.8191392,37.6810374],[126.8193351,37.6812337],[126.8194232,37.6813084],[126.8195093,37.6813792],[126.8196046,37.6814365],[126.8197507,37.6815246],[126.8202962,37.6817839],[126.8204856,37.6818749],[126.820639,37.6819679],[126.820718,37.6820411],[126.8207713,37.6821052],[126.8208083,37.682175],[126.8209106,37.6823951],[126.82099,37.6825413],[126.8210542,37.6826742],[126.8210623,37.6827183],[126.8210657,37.6827594],[126.8210355,37.6829688],[126.8207673,37.6840538],[126.820711,37.6841981],[126.8206932,37.6843332],[126.8206064,37.6845823],[126.8205544,37.684779],[126.8205299,37.6848369],[126.8204841,37.6848961],[126.8204153,37.6849498],[126.8203412,37.6849993],[126.8202685,37.6850579],[126.8202223,37.6851304],[126.8202079,37.6851981],[126.8201997,37.6852721],[126.8201102,37.6852807],[126.8201103,37.6852025],[126.8201299,37.6851229],[126.8201876,37.6850497],[126.820247,37.6849878],[126.8203981,37.6848724],[126.8204423,37.6848268],[126.8204706,37.6847769],[126.8209466,37.6828781],[126.8209496,37.6827999],[126.820943,37.6827289],[126.8208866,37.6826238],[126.8208397,37.6825517],[126.8208102,37.6824476],[126.8207383,37.6823155],[126.8206522,37.682189],[126.8205602,37.6820849],[126.8205084,37.6820405],[126.8204382,37.6820005],[126.8201867,37.6818823],[126.8198539,37.6817226],[126.8195399,37.6815515],[126.8193528,37.6814346],[126.8192639,37.6813814],[126.8191845,37.6813073],[126.8190669,37.6811669],[126.8189205,37.6810077],[126.8187647,37.6808053],[126.8187113,37.6807233],[126.8186751,37.680641],[126.8186349,37.6805312],[126.818624,37.6804085],[126.8186063,37.6800712],[126.818591,37.6799219],[126.8185678,37.6798041],[126.8185116,37.6796812],[126.818403,37.6795426],[126.8182722,37.6793554],[126.8181907,37.6792387],[126.8177866,37.6787707],[126.8174853,37.6783322],[126.8173054,37.6779694],[126.8171994,37.6777163],[126.8170466,37.6774779],[126.8168756,37.6772702],[126.8166725,37.6770882],[126.8165277,37.6770012],[126.8164016,37.6768844],[126.8163104,37.6767592],[126.8162675,37.676549],[126.8162649,37.6763176],[126.8162219,37.6758909],[126.8161924,37.6757805],[126.8160878,37.6756085],[126.8158169,37.6752132],[126.8156818,37.675],[126.8155825,37.6747644],[126.8155061,37.6745351],[126.8154699,37.6740139],[126.8154282,37.6737207],[126.8153914,37.6735398],[126.8153472,37.6734271],[126.8152373,37.6732295],[126.8149865,37.6729544],[126.8147967,37.6726393],[126.8146609,37.6724283],[126.8140457,37.6719408],[126.8138875,37.6718261],[126.8137371,37.6717127],[126.8135749,37.6714795],[126.8133291,37.6711275],[126.8129226,37.6706165],[126.8127851,37.6704865],[126.8126013,37.670357],[126.8123613,37.670236],[126.8120707,37.670086],[126.8118874,37.6699389],[126.8117131,37.6697979],[126.8114859,37.6696938],[126.8112191,37.669564],[126.8111035,37.6694668],[126.8108572,37.6691924],[126.8106748,37.6689702],[126.810528,37.6688314],[126.8103567,37.6686774],[126.8099743,37.6684381],[126.809511,37.6681219],[126.8092968,37.6679588],[126.8091339,37.667754],[126.8089446,37.6674009],[126.8087981,37.6670409],[126.8086625,37.666682],[126.8085574,37.6663142],[126.8084522,37.6659464],[126.8083097,37.6655443],[126.8081501,37.6651422],[126.8079682,37.6646796],[126.8080133,37.6645714],[126.8081749,37.6646382],[126.8083847,37.6651222],[126.8084918,37.6655268],[126.8086417,37.6659314],[126.8087323,37.6663208],[126.80884,37.6667102],[126.8089492,37.666974],[126.8091274,37.6673434],[126.8093227,37.667706],[126.8095716,37.6679431],[126.8098279,37.6681264],[126.8100816,37.6682822],[126.8103353,37.668438],[126.8104996,37.668577],[126.8106668,37.6687203],[126.8108574,37.6688861],[126.8109113,37.6689544]]]}},{"type":"Feature","id":"way/835245077","properties":{"osmType":"way","osmId":835245077,"osmVersion":4,"osmTimestamp":"2020-09-16T09:43:13Z","sourceUrl":"https://www.openstreetmap.org/way/835245077","name":null,"waterType":"river","sourceTags":{"natural":"water","water":"river"},"sourceSurveyed":false},"geometry":{"type":"Polygon","coordinates":[[[126.7955173,37.6185034],[126.7955315,37.6186931],[126.795266,37.6186502],[126.7951575,37.6186108],[126.7950998,37.6186097],[126.7950408,37.6186198],[126.7949925,37.6186368],[126.7948692,37.6187027],[126.7946676,37.6188713],[126.794633,37.619035],[126.7947617,37.619203],[126.7938809,37.6197002],[126.7937441,37.6197108],[126.7936461,37.6196789],[126.7935334,37.6196704],[126.7933953,37.6196863],[126.7932276,37.6197533],[126.793111,37.6197904],[126.7929393,37.6198372],[126.792836,37.6198574],[126.7927328,37.6198616],[126.7926107,37.6198446],[126.7925195,37.6198021],[126.7924052,37.6197142],[126.7926079,37.6195793],[126.7927295,37.6194997],[126.7928267,37.6194346],[126.7928474,37.6194622],[126.7928676,37.6194776],[126.7929085,37.6194919],[126.7929581,37.619485],[126.7929983,37.6194707],[126.7930567,37.6194409],[126.7934597,37.6192147],[126.7938338,37.6189927],[126.7941584,37.6187983],[126.7944655,37.6186294],[126.7947029,37.6185019],[126.7948933,37.6184105],[126.7950059,37.6183723],[126.795069,37.6183553],[126.7951561,37.6183542],[126.7952514,37.6183665],[126.7952834,37.6183701],[126.7953131,37.6183808],[126.7955173,37.6185034]]]}},{"type":"Feature","id":"way/838940936","properties":{"osmType":"way","osmId":838940936,"osmVersion":8,"osmTimestamp":"2025-08-16T11:39:38Z","sourceUrl":"https://www.openstreetmap.org/way/838940936","name":null,"waterType":"stream","sourceTags":{"natural":"water","water":"stream"},"sourceSurveyed":false},"geometry":{"type":"Polygon","coordinates":[[[126.7977512,37.6562669],[126.7977351,37.6560737],[126.7977244,37.6559803],[126.7976922,37.655717],[126.7976761,37.6553517],[126.7976761,37.6552296],[126.7977069,37.6550937],[126.7977351,37.6549674],[126.7977901,37.6547699],[126.7978451,37.654652],[126.797943,37.6543834],[126.7979872,37.6542539],[126.7980784,37.6540097],[126.7981374,37.6538345],[126.7982259,37.6535382],[126.7983158,37.6532791],[126.7983708,37.6530986],[126.7984097,37.6529712],[126.7984942,37.652744],[126.7986149,37.6524],[126.7987307,37.6520374],[126.7988992,37.6515548],[126.7989904,37.6512936],[126.7990279,37.6511046],[126.7990816,37.6509326],[126.7992458,37.6505487],[126.7995864,37.6499413],[126.7999908,37.64924],[126.8003428,37.6486076],[126.800434,37.6484781],[126.8006003,37.6482785],[126.8010294,37.6476583],[126.8014633,37.6468912],[126.8017623,37.6464176],[126.8019941,37.6465061],[126.8009939,37.6482398],[126.8005189,37.6488958],[126.7999103,37.6498346],[126.799674,37.6502125],[126.7995348,37.6504292],[126.7994061,37.6506352],[126.7992452,37.6509984],[126.7990145,37.6515314],[126.7988448,37.6520755],[126.7987114,37.6524934],[126.7985049,37.6530477],[126.7982984,37.6538143],[126.7981374,37.6542263],[126.798065,37.6544046],[126.7980275,37.6545278],[126.7979738,37.6546403],[126.7979094,37.6548782],[126.7978477,37.655116],[126.797829,37.6552392],[126.7978343,37.6553453],[126.7978772,37.6557339],[126.7979336,37.6560822],[126.797951,37.6562107],[126.7981783,37.6576507],[126.7981944,37.657846],[126.7982095,37.6579932],[126.7982339,37.6581079],[126.798283,37.6582251],[126.7983815,37.6583903],[126.7990574,37.6594542],[126.7995603,37.6602281],[126.7996106,37.6603102],[126.799619,37.6603714],[126.7995034,37.6604238],[126.7991673,37.6599128],[126.7988087,37.6593494],[126.7984632,37.6587832],[126.7981649,37.6582877],[126.7981113,37.6582017],[126.7980784,37.6581923],[126.7980475,37.6582003],[126.7978584,37.6583415],[126.7977833,37.6584222],[126.797255,37.6590125],[126.7971155,37.6591718],[126.7970042,37.659296],[126.7967028,37.6596422],[126.7965402,37.659829],[126.7962264,37.6601486],[126.7960373,37.6603365],[126.7959407,37.6604511],[126.795828,37.6605519],[126.7954355,37.6609533],[126.7950531,37.6613368],[126.795008,37.6613821],[126.7949088,37.6614262],[126.7949311,37.6613397],[126.7955975,37.660673],[126.7956431,37.6606263],[126.7956873,37.6605764],[126.7957477,37.660517],[126.7958884,37.6603758],[126.7962117,37.6600105],[126.7963026,37.6599104],[126.7963616,37.6598552],[126.7964075,37.6598067],[126.7965985,37.6596018],[126.7966723,37.6595115],[126.7971732,37.658968],[126.7976735,37.6583904],[126.7978744,37.6581852],[126.7979243,37.6581441],[126.7979837,37.6581151],[126.7980148,37.6580907],[126.7980201,37.6580262],[126.7980095,37.6579237],[126.7979149,37.6575855],[126.7977726,37.6564305],[126.7977512,37.6562669]]]}},{"type":"Feature","id":"way/842305619","properties":{"osmType":"way","osmId":842305619,"osmVersion":1,"osmTimestamp":"2020-08-30T06:47:47Z","sourceUrl":"https://www.openstreetmap.org/way/842305619","name":null,"waterType":"pond","sourceTags":{"natural":"water","water":"pond"},"sourceSurveyed":false},"geometry":{"type":"Polygon","coordinates":[[[127.1105242,37.5546992],[127.1104909,37.5546795],[127.1104734,37.5546443],[127.1104651,37.554585],[127.110478,37.5545309],[127.1104983,37.5544965],[127.110526,37.5544672],[127.1105463,37.5544548],[127.1105879,37.5544577],[127.1106082,37.5544767],[127.1106193,37.5545104],[127.1106294,37.5545492],[127.110622,37.554607],[127.1105943,37.5546553],[127.1105593,37.554689],[127.1105242,37.5546992]]]}},{"type":"Feature","id":"way/854796983","properties":{"osmType":"way","osmId":854796983,"osmVersion":5,"osmTimestamp":"2022-08-18T13:12:54Z","sourceUrl":"https://www.openstreetmap.org/way/854796983","name":null,"waterType":"river","sourceTags":{"natural":"water","water":"river"},"sourceSurveyed":false},"geometry":{"type":"Polygon","coordinates":[[[127.1638733,37.6987362],[127.1639104,37.6987361],[127.1638641,37.6988385],[127.1638355,37.6988778],[127.1638026,37.6989221],[127.1637291,37.6990246],[127.1637512,37.6990851],[127.1637694,37.6991055],[127.1638019,37.6991287],[127.1638455,37.6991618],[127.1639101,37.6992111],[127.1638931,37.6992513],[127.1638971,37.6993185],[127.1640589,37.699585],[127.1641609,37.6996469],[127.1642027,37.6997081],[127.1642277,37.6998879],[127.1646526,37.7006498],[127.1646652,37.7007857],[127.1648271,37.7009787],[127.164943,37.7010535],[127.1650458,37.7011791],[127.1651158,37.7013269],[127.1652372,37.7013971],[127.1653067,37.7014538],[127.16535287142855,37.7014794],[127.16489325250097,37.7014794],[127.1647235,37.701377],[127.1642676,37.7005226],[127.1639361,37.6998312],[127.163721,37.6993339],[127.1636869,37.6990613],[127.163809,37.698834],[127.1638733,37.6987362]]]}},{"type":"Feature","id":"way/856630654","properties":{"osmType":"way","osmId":856630654,"osmVersion":2,"osmTimestamp":"2023-08-24T13:07:06Z","sourceUrl":"https://www.openstreetmap.org/way/856630654","name":null,"waterType":"unspecified","sourceTags":{"natural":"water"},"sourceSurveyed":false},"geometry":{"type":"Polygon","coordinates":[[[127.1660945,37.589835],[127.1660943,37.5897892],[127.1662004,37.5897864],[127.1662777,37.5897941],[127.1664467,37.5898362],[127.1664918,37.5898678],[127.1667721,37.5899021],[127.1670265,37.5900368],[127.1672339,37.5899911],[127.1673019,37.5900025],[127.1673277,37.5900459],[127.1673315,37.5900929],[127.1673108,37.5901304],[127.1673102,37.5901754],[127.1673701,37.590233],[127.1674617,37.5902493],[127.167515,37.5902484],[127.1676475,37.5901915],[127.1677988,37.5902133],[127.1679574,37.5902817],[127.1680408,37.5903557],[127.1682107,37.5904875],[127.1683558,37.5905242],[127.1684523,37.5906081],[127.1685434,37.5907063],[127.1686611,37.5908801],[127.1686729,37.5910326],[127.1686673,37.5910918],[127.1687911,37.5913597],[127.168915,37.5916065],[127.169007,37.5917719],[127.1689781,37.5918564],[127.1689452,37.5919486],[127.1689463,37.5920263],[127.1689918,37.5921012],[127.1689419,37.5921173],[127.1689098,37.5921382],[127.1689153,37.5921668],[127.1689588,37.5921796],[127.1689289,37.5922203],[127.1689316,37.5922491],[127.1689539,37.5922936],[127.1687152,37.5929158],[127.1685481,37.5932483],[127.1685312,37.5934862],[127.1684958,37.5935555],[127.1683972,37.593535],[127.1684168,37.5933806],[127.1684867,37.593234],[127.1685736,37.5930102],[127.1686404,37.5928646],[127.168668,37.5926775],[127.168754,37.5923272],[127.1687805,37.5921393],[127.1687593,37.5919122],[127.1687628,37.5917159],[127.1686436,37.5915215],[127.1685099,37.5913848],[127.1684667,37.5912805],[127.1684066,37.5911487],[127.168285,37.5910512],[127.1681647,37.5909166],[127.168147,37.5908128],[127.1681155,37.5907525],[127.1680798,37.5905857],[127.1679807,37.5904567],[127.1679063,37.5903585],[127.1677966,37.5903585],[127.1675264,37.590447],[127.1673491,37.5903949],[127.1672551,37.5903529],[127.1671639,37.5903046],[127.1670527,37.5902352],[127.1669486,37.5901806],[127.1669108,37.5901961],[127.1668985,37.5901937],[127.166868,37.5901736],[127.1668455,37.5901833],[127.1668097,37.590167],[127.1667953,37.5901507],[127.1667369,37.5901414],[127.1667139,37.5901173],[127.166671,37.5900929],[127.1666385,37.5901012],[127.166592,37.590144],[127.1663902,37.5900928],[127.1663471,37.5901034],[127.1662622,37.5900581],[127.1662121,37.5900178],[127.1661761,37.5899748],[127.1661609,37.5899073],[127.1660945,37.589835]]]}},{"type":"Feature","id":"way/856630655","properties":{"osmType":"way","osmId":856630655,"osmVersion":2,"osmTimestamp":"2023-08-24T13:07:06Z","sourceUrl":"https://www.openstreetmap.org/way/856630655","name":null,"waterType":"unspecified","sourceTags":{"natural":"water"},"sourceSurveyed":false},"geometry":{"type":"Polygon","coordinates":[[[127.1677721,37.5904755],[127.1678358,37.5904653],[127.1678732,37.5904936],[127.1678684,37.5905199],[127.1678948,37.5905428],[127.1679417,37.5905631],[127.1679538,37.5906151],[127.1678881,37.5906279],[127.1678412,37.5906204],[127.1678197,37.5905928],[127.1677634,37.5905801],[127.1677138,37.5905291],[127.1677352,37.5904972],[127.1677721,37.5904755]]]}},{"type":"Feature","id":"way/856630656","properties":{"osmType":"way","osmId":856630656,"osmVersion":2,"osmTimestamp":"2023-08-24T14:05:24Z","sourceUrl":"https://www.openstreetmap.org/way/856630656","name":null,"waterType":"unspecified","sourceTags":{"natural":"water"},"sourceSurveyed":false},"geometry":{"type":"Polygon","coordinates":[[[127.1687667,37.5934122],[127.1687914,37.5933927],[127.1688177,37.5933998],[127.1688439,37.5934143],[127.168866,37.5934334],[127.1688956,37.5934324],[127.1689273,37.5934222],[127.1689888,37.5934356],[127.169009,37.5934458],[127.1690334,37.5934514],[127.1690347,37.5934805],[127.1689962,37.5935042],[127.1689746,37.5935155],[127.1689533,37.5935285],[127.1689318,37.5935466],[127.1689118,37.5935565],[127.1688646,37.5935608],[127.1688456,37.5935728],[127.168838,37.5935683],[127.1688334,37.5935448],[127.1688209,37.5935422],[127.1688048,37.5935593],[127.1687834,37.5935524],[127.1687408,37.5934908],[127.1687363,37.5934469],[127.1687667,37.5934122]]]}},{"type":"Feature","id":"way/865662765","properties":{"osmType":"way","osmId":865662765,"osmVersion":1,"osmTimestamp":"2020-10-31T14:04:28Z","sourceUrl":"https://www.openstreetmap.org/way/865662765","name":null,"waterType":"unspecified","sourceTags":{"natural":"water"},"sourceSurveyed":false},"geometry":{"type":"Polygon","coordinates":[[[127.1498261,37.601196],[127.1498046,37.6012082],[127.1497707,37.6011716],[127.149706,37.6010202],[127.1498816,37.6007419],[127.1499278,37.6006614],[127.1499309,37.6005784],[127.150088,37.6003294],[127.1501527,37.6001781],[127.150162,37.6001414],[127.1502144,37.6000926],[127.1502359,37.6000096],[127.150316,37.5999559],[127.1503345,37.5999291],[127.1504269,37.5999217],[127.1504115,37.6000121],[127.1502698,37.6003294],[127.1501589,37.6004124],[127.1501034,37.6004954],[127.1501127,37.6005613],[127.1500418,37.6006736],[127.1500449,37.6007322],[127.1499155,37.6009494],[127.14986,37.6010764],[127.1498261,37.601196]]]}},{"type":"Feature","id":"way/867117239","properties":{"osmType":"way","osmId":867117239,"osmVersion":1,"osmTimestamp":"2020-11-04T21:33:15Z","sourceUrl":"https://www.openstreetmap.org/way/867117239","name":null,"waterType":"pond","sourceTags":{"natural":"water","water":"pond"},"sourceSurveyed":false},"geometry":{"type":"Polygon","coordinates":[[[127.1117301,37.5223156],[127.1113859,37.5222729],[127.111433,37.5220709],[127.1117879,37.5221235],[127.1117301,37.5223156]]]}},{"type":"Feature","id":"way/867117240","properties":{"osmType":"way","osmId":867117240,"osmVersion":1,"osmTimestamp":"2020-11-04T21:33:15Z","sourceUrl":"https://www.openstreetmap.org/way/867117240","name":null,"waterType":"pond","sourceTags":{"natural":"water","water":"pond"},"sourceSurveyed":false},"geometry":{"type":"Polygon","coordinates":[[[127.1096219,37.5217928],[127.10936,37.5217423],[127.1094024,37.5215963],[127.1096679,37.521644],[127.1096219,37.5217928]]]}},{"type":"Feature","id":"way/871411647","properties":{"osmType":"way","osmId":871411647,"osmVersion":1,"osmTimestamp":"2020-11-13T18:05:58Z","sourceUrl":"https://www.openstreetmap.org/way/871411647","name":null,"waterType":"lake","sourceTags":{"natural":"water","water":"lake"},"sourceSurveyed":false},"geometry":{"type":"Polygon","coordinates":[[[127.1642755,37.4651038],[127.1642427,37.4650851],[127.1642514,37.4650756],[127.1642494,37.4650601],[127.1642359,37.4650411],[127.1642252,37.4650304],[127.1642172,37.4650186],[127.1642259,37.4650042],[127.164221,37.4649858],[127.1642246,37.4649696],[127.1642447,37.4649515],[127.1642729,37.4649489],[127.1643292,37.4649707],[127.1643594,37.4649872],[127.1643982,37.4650005],[127.1644264,37.4649883],[127.1644452,37.4649957],[127.1644559,37.4650096],[127.1644512,37.4650356],[127.1644619,37.4650644],[127.1645069,37.4650894],[127.1645122,37.4650999],[127.1645131,37.4651099],[127.1645109,37.4651219],[127.164504,37.4651302],[127.1644935,37.4651352],[127.1644797,37.4651386],[127.164466,37.4651378],[127.1644472,37.4651251],[127.1644405,37.4651107],[127.1644329,37.4651017],[127.1644217,37.4650963],[127.1643885,37.4650926],[127.1643553,37.465091],[127.1643305,37.4650977],[127.164316,37.4651063],[127.164305,37.4651155],[127.1642966,37.4651268],[127.1642775,37.4651192],[127.1642755,37.4651038]]]}},{"type":"Feature","id":"way/872196112","properties":{"osmType":"way","osmId":872196112,"osmVersion":1,"osmTimestamp":"2020-11-16T08:36:25Z","sourceUrl":"https://www.openstreetmap.org/way/872196112","name":null,"waterType":"pond","sourceTags":{"natural":"water","water":"pond"},"sourceSurveyed":false},"geometry":{"type":"Polygon","coordinates":[[[127.1821727,37.4787262],[127.1822556,37.4786334],[127.1823189,37.478669],[127.1822359,37.4787618],[127.1821727,37.4787262]]]}},{"type":"Feature","id":"way/880952750","properties":{"osmType":"way","osmId":880952750,"osmVersion":2,"osmTimestamp":"2025-10-17T16:48:28Z","sourceUrl":"https://www.openstreetmap.org/way/880952750","name":"홍제천","waterType":"river","sourceTags":{"name":"홍제천","natural":"water","water":"river"},"sourceSurveyed":false},"geometry":{"type":"Polygon","coordinates":[[[126.9050438,37.5639006],[126.9032845,37.5634377],[126.9034647,37.5632637],[126.9047864,37.5636224],[126.9073042,37.5643056],[126.9072269,37.5645006],[126.9050438,37.5639006]]]}},{"type":"Feature","id":"way/880952751","properties":{"osmType":"way","osmId":880952751,"osmVersion":1,"osmTimestamp":"2020-12-04T10:18:29Z","sourceUrl":"https://www.openstreetmap.org/way/880952751","name":"홍제천","waterType":"river","sourceTags":{"name":"홍제천","natural":"water","water":"river"},"sourceSurveyed":false},"geometry":{"type":"Polygon","coordinates":[[[126.9076399,37.5646031],[126.9072269,37.5645006],[126.9073042,37.5643056],[126.9077172,37.5644172],[126.9076399,37.5646031]]]}},{"type":"Feature","id":"way/880952752","properties":{"osmType":"way","osmId":880952752,"osmVersion":1,"osmTimestamp":"2020-12-04T10:18:29Z","sourceUrl":"https://www.openstreetmap.org/way/880952752","name":"홍제천","waterType":"river","sourceTags":{"name":"홍제천","natural":"water","water":"river"},"sourceSurveyed":false},"geometry":{"type":"Polygon","coordinates":[[[126.9114251,37.5656236],[126.9076399,37.5646031],[126.9077172,37.5644172],[126.911611,37.56544],[126.9114251,37.5656236]]]}},{"type":"Feature","id":"way/880952753","properties":{"osmType":"way","osmId":880952753,"osmVersion":1,"osmTimestamp":"2020-12-04T10:18:29Z","sourceUrl":"https://www.openstreetmap.org/way/880952753","name":"홍제천","waterType":"river","sourceTags":{"name":"홍제천","natural":"water","water":"river"},"sourceSurveyed":false},"geometry":{"type":"Polygon","coordinates":[[[126.9144606,37.5665172],[126.9114251,37.5656236],[126.911611,37.56544],[126.9145321,37.5663652],[126.9144606,37.5665172]]]}},{"type":"Feature","id":"way/880952754","properties":{"osmType":"way","osmId":880952754,"osmVersion":1,"osmTimestamp":"2020-12-04T10:18:29Z","sourceUrl":"https://www.openstreetmap.org/way/880952754","name":"홍제천","waterType":"river","sourceTags":{"name":"홍제천","natural":"water","water":"river"},"sourceSurveyed":false},"geometry":{"type":"Polygon","coordinates":[[[126.9144606,37.5665172],[126.9145321,37.5663652],[126.9150474,37.5665723],[126.9165246,37.5674838],[126.9162672,37.5675849],[126.9158437,37.5672416],[126.9150161,37.5667458],[126.9144606,37.5665172]]]}},{"type":"Feature","id":"way/880952755","properties":{"osmType":"way","osmId":880952755,"osmVersion":1,"osmTimestamp":"2020-12-04T10:18:29Z","sourceUrl":"https://www.openstreetmap.org/way/880952755","name":"홍제천","waterType":"river","sourceTags":{"name":"홍제천","natural":"water","water":"river"},"sourceSurveyed":false},"geometry":{"type":"Polygon","coordinates":[[[126.9164663,37.5677112],[126.9162672,37.5675849],[126.9165246,37.5674838],[126.9173099,37.5681986],[126.9171117,37.5683381],[126.9164663,37.5677112]]]}},{"type":"Feature","id":"way/880952756","properties":{"osmType":"way","osmId":880952756,"osmVersion":2,"osmTimestamp":"2023-06-05T12:42:23Z","sourceUrl":"https://www.openstreetmap.org/way/880952756","name":"홍제천","waterType":"river","sourceTags":{"name":"홍제천","natural":"water","water":"river"},"sourceSurveyed":false},"geometry":{"type":"Polygon","coordinates":[[[126.9183641,37.5695117],[126.9171117,37.5683381],[126.9173099,37.5681986],[126.9176939,37.5685489],[126.9185683,37.5693472],[126.9183641,37.5695117]]]}},{"type":"Feature","id":"way/880952757","properties":{"osmType":"way","osmId":880952757,"osmVersion":1,"osmTimestamp":"2020-12-04T10:18:29Z","sourceUrl":"https://www.openstreetmap.org/way/880952757","name":"홍제천","waterType":"river","sourceTags":{"name":"홍제천","natural":"water","water":"river"},"sourceSurveyed":false},"geometry":{"type":"Polygon","coordinates":[[[126.9198578,37.5705806],[126.9183641,37.5695117],[126.9185683,37.5693472],[126.9199691,37.5704667],[126.9198578,37.5705806]]]}},{"type":"Feature","id":"way/880952758","properties":{"osmType":"way","osmId":880952758,"osmVersion":1,"osmTimestamp":"2020-12-04T10:18:29Z","sourceUrl":"https://www.openstreetmap.org/way/880952758","name":"홍제천","waterType":"river","sourceTags":{"name":"홍제천","natural":"water","water":"river"},"sourceSurveyed":false},"geometry":{"type":"Polygon","coordinates":[[[126.9216694,37.5720207],[126.9198578,37.5705806],[126.9199691,37.5704667],[126.9218596,37.5718876],[126.9216694,37.5720207]]]}},{"type":"Feature","id":"way/880952759","properties":{"osmType":"way","osmId":880952759,"osmVersion":1,"osmTimestamp":"2020-12-04T10:18:29Z","sourceUrl":"https://www.openstreetmap.org/way/880952759","name":"홍제천","waterType":"river","sourceTags":{"name":"홍제천","natural":"water","water":"river"},"sourceSurveyed":false},"geometry":{"type":"Polygon","coordinates":[[[126.9236689,37.5735792],[126.9216694,37.5720207],[126.9218596,37.5718876],[126.9239137,37.5734028],[126.9236689,37.5735792]]]}},{"type":"Feature","id":"way/880952760","properties":{"osmType":"way","osmId":880952760,"osmVersion":1,"osmTimestamp":"2020-12-04T10:18:29Z","sourceUrl":"https://www.openstreetmap.org/way/880952760","name":"홍제천","waterType":"river","sourceTags":{"name":"홍제천","natural":"water","water":"river"},"sourceSurveyed":false},"geometry":{"type":"Polygon","coordinates":[[[126.9249796,37.574582],[126.9236689,37.5735792],[126.9239137,37.5734028],[126.9246724,37.5740491],[126.9251949,37.5744808],[126.9257128,37.5748667],[126.9264643,37.575339],[126.9263005,37.5755138],[126.9255802,37.5750296],[126.9249796,37.574582]]]}},{"type":"Feature","id":"way/880952761","properties":{"osmType":"way","osmId":880952761,"osmVersion":1,"osmTimestamp":"2020-12-04T10:18:29Z","sourceUrl":"https://www.openstreetmap.org/way/880952761","name":"홍제천","waterType":"river","sourceTags":{"name":"홍제천","natural":"water","water":"river"},"sourceSurveyed":false},"geometry":{"type":"Polygon","coordinates":[[[126.9287894,37.576853],[126.9263005,37.5755138],[126.9264643,37.575339],[126.9279016,37.5761106],[126.9289405,37.5766541],[126.9309947,37.5777091],[126.9307203,37.5778311],[126.9287894,37.576853]]]}},{"type":"Feature","id":"way/880952762","properties":{"osmType":"way","osmId":880952762,"osmVersion":1,"osmTimestamp":"2020-12-04T10:18:29Z","sourceUrl":"https://www.openstreetmap.org/way/880952762","name":"홍제천","waterType":"river","sourceTags":{"name":"홍제천","natural":"water","water":"river"},"sourceSurveyed":false},"geometry":{"type":"Polygon","coordinates":[[[126.9316408,37.5783072],[126.9307203,37.5778311],[126.9309947,37.5777091],[126.9321171,37.578279],[126.9326609,37.5785355],[126.933423,37.5788283],[126.9351425,37.5794227],[126.9350332,37.5796279],[126.9345578,37.5794756],[126.9338755,37.5792466],[126.9332198,37.5790192],[126.9323489,37.578652],[126.9316408,37.5783072]]]}},{"type":"Feature","id":"way/880952763","properties":{"osmType":"way","osmId":880952763,"osmVersion":1,"osmTimestamp":"2020-12-04T10:18:29Z","sourceUrl":"https://www.openstreetmap.org/way/880952763","name":"홍제천","waterType":"river","sourceTags":{"name":"홍제천","natural":"water","water":"river"},"sourceSurveyed":false},"geometry":{"type":"Polygon","coordinates":[[[126.9356774,37.5798773],[126.9350332,37.5796279],[126.9351425,37.5794227],[126.9359869,37.5797715],[126.9360392,37.5800439],[126.9356774,37.5798773]]]}},{"type":"Feature","id":"way/880989967","properties":{"osmType":"way","osmId":880989967,"osmVersion":1,"osmTimestamp":"2020-12-04T12:26:34Z","sourceUrl":"https://www.openstreetmap.org/way/880989967","name":"홍제천","waterType":"river","sourceTags":{"name":"홍제천","natural":"water","water":"river"},"sourceSurveyed":false},"geometry":{"type":"Polygon","coordinates":[[[126.9360392,37.5800439],[126.9359869,37.5797715],[126.936788,37.5802766],[126.9366306,37.5803916],[126.9365221,37.5803396],[126.9360392,37.5800439]]]}},{"type":"Feature","id":"way/880989968","properties":{"osmType":"way","osmId":880989968,"osmVersion":1,"osmTimestamp":"2020-12-04T12:26:34Z","sourceUrl":"https://www.openstreetmap.org/way/880989968","name":"홍제천","waterType":"river","sourceTags":{"name":"홍제천","natural":"water","water":"river"},"sourceSurveyed":false},"geometry":{"type":"Polygon","coordinates":[[[126.9366306,37.5803916],[126.936788,37.5802766],[126.9372234,37.5806357],[126.9375323,37.5809123],[126.9377741,37.581198],[126.937837,37.5815267],[126.9377898,37.581656],[126.9376396,37.5818623],[126.9376482,37.5819224],[126.9375008,37.5818838],[126.9376367,37.5815562],[126.9376267,37.5813567],[126.9375609,37.5812082],[126.9375337,37.5811186],[126.9374608,37.581054],[126.937189,37.5807441],[126.9366983,37.580429],[126.9366306,37.5803916]]]}},{"type":"Feature","id":"way/880989969","properties":{"osmType":"way","osmId":880989969,"osmVersion":1,"osmTimestamp":"2020-12-04T12:26:34Z","sourceUrl":"https://www.openstreetmap.org/way/880989969","name":"홍제천","waterType":"river","sourceTags":{"name":"홍제천","natural":"water","water":"river"},"sourceSurveyed":false},"geometry":{"type":"Polygon","coordinates":[[[126.9375008,37.5818838],[126.9376482,37.5819224],[126.9375194,37.5821023],[126.9374236,37.5822553],[126.9372519,37.5825818],[126.9371418,37.5825092],[126.9373063,37.5821884],[126.9375008,37.5818838]]]}},{"type":"Feature","id":"way/880989973","properties":{"osmType":"way","osmId":880989973,"osmVersion":3,"osmTimestamp":"2022-08-31T19:16:20Z","sourceUrl":"https://www.openstreetmap.org/way/880989973","name":"홍제천","waterType":"river","sourceTags":{"name":"홍제천","natural":"water","water":"river"},"sourceSurveyed":false},"geometry":{"type":"Polygon","coordinates":[[[126.9367047,37.5886206],[126.9361408,37.5881567],[126.9357603,37.5877452],[126.9356455,37.5875559],[126.9355182,37.5872249],[126.9354702,37.587111],[126.9353762,37.5868882],[126.9353291,37.5864658],[126.935309,37.5863739],[126.9353362,37.5859772],[126.9354878,37.5854523],[126.9356852,37.5849884],[126.9357825,37.5847917],[126.9361481,37.5840757],[126.9364899,37.5835321],[126.9367931,37.5830418],[126.9371418,37.5825092],[126.9372519,37.5825818],[126.9371277,37.5827822],[126.9370019,37.5830021],[126.9366339,37.5835338],[126.936388,37.583887],[126.9362607,37.5841069],[126.936039,37.584481],[126.9358495,37.5848044],[126.9356929,37.5851738],[126.9355097,37.5857145],[126.9354729,37.5859384],[126.9354686,37.5864033],[126.9355222,37.5866504],[126.9355809,37.5869207],[126.9357033,37.5872213],[126.9359335,37.5876583],[126.9362538,37.5880626],[126.9367591,37.5885668],[126.9377966,37.5892229],[126.9383498,37.5895558],[126.9395933,37.590301],[126.9395185,37.5903981],[126.9390269,37.590085],[126.9383127,37.589634],[126.9373647,37.5890425],[126.9367047,37.5886206]]]}},{"type":"Feature","id":"way/880989977","properties":{"osmType":"way","osmId":880989977,"osmVersion":1,"osmTimestamp":"2020-12-04T12:26:34Z","sourceUrl":"https://www.openstreetmap.org/way/880989977","name":"홍제천","waterType":"river","sourceTags":{"name":"홍제천","natural":"water","water":"river"},"sourceSurveyed":false},"geometry":{"type":"Polygon","coordinates":[[[126.9652351,37.6046188],[126.9651959,37.6046471],[126.965053,37.604511],[126.9647451,37.6043411],[126.9647724,37.6043034],[126.9650803,37.604484],[126.9652351,37.6046188]]]}},{"type":"Feature","id":"way/880989978","properties":{"osmType":"way","osmId":880989978,"osmVersion":1,"osmTimestamp":"2020-12-04T12:26:34Z","sourceUrl":"https://www.openstreetmap.org/way/880989978","name":"홍제천","waterType":"river","sourceTags":{"name":"홍제천","natural":"water","water":"river"},"sourceSurveyed":false},"geometry":{"type":"Polygon","coordinates":[[[126.9647724,37.6043034],[126.9647451,37.6043411],[126.964376,37.6041565],[126.9641633,37.6040608],[126.9638469,37.6039624],[126.9631869,37.6039907],[126.9631753,37.6039557],[126.9638607,37.6039201],[126.9641978,37.6040269],[126.9645798,37.6042183],[126.9647724,37.6043034]]]}},{"type":"Feature","id":"way/880989979","properties":{"osmType":"way","osmId":880989979,"osmVersion":2,"osmTimestamp":"2022-12-18T15:19:25Z","sourceUrl":"https://www.openstreetmap.org/way/880989979","name":"홍제천","waterType":"river","sourceTags":{"name":"홍제천","natural":"water","water":"river"},"sourceSurveyed":false},"geometry":{"type":"Polygon","coordinates":[[[126.9625582,37.6007162],[126.9623597,37.600918],[126.9620298,37.6011762],[126.961775,37.6013675],[126.9616355,37.6015364],[126.9615537,37.6017787],[126.961507,37.601996],[126.9615428,37.6021861],[126.9615598,37.6023465],[126.9616465,37.6026039],[126.961738,37.6028946],[126.9619156,37.6032387],[126.9621433,37.6034449],[126.9624291,37.6036214],[126.9626655,37.6037549],[126.9630517,37.6039179],[126.9631753,37.6039557],[126.9631869,37.6039907],[126.9630218,37.6039746],[126.9626398,37.6038052],[126.9623924,37.6036713],[126.9621049,37.6034772],[126.9618565,37.6032488],[126.9616794,37.6029027],[126.9615068,37.6023535],[126.9614598,37.6020464],[126.9614638,37.6017787],[126.961496,37.6016278],[126.9615966,37.6014504],[126.9616902,37.6013401],[126.9619842,37.6011465],[126.9622779,37.6009149],[126.962457,37.6007413],[126.9626226,37.6005175],[126.9625943,37.6002888],[126.9623543,37.6002072],[126.9620445,37.6001902],[126.9614343,37.6004357],[126.9613069,37.600509],[126.9611245,37.6006046],[126.960922,37.6006312],[126.9605407,37.6007867],[126.9602766,37.6008457],[126.9601029,37.6008654],[126.9598657,37.6008171],[126.9597338,37.6008596],[126.9595622,37.6009],[126.9590579,37.6009361],[126.9586314,37.6008437],[126.958221,37.6006567],[126.9578949,37.600403],[126.9576322,37.6000702],[126.9574771,37.5998821],[126.9573452,37.5997151],[126.9566982,37.5991438],[126.9564583,37.598939],[126.9562476,37.5984554],[126.9563071,37.5977782],[126.9562814,37.5976456],[126.9562444,37.597254],[126.9561881,37.5968217],[126.9561689,37.5965249],[126.9559483,37.5962246],[126.9558143,37.5961378],[126.95556,37.5960181],[126.9551865,37.595987],[126.9548604,37.5960868],[126.9545099,37.5963216],[126.9544487,37.5962795],[126.9548181,37.5960205],[126.9551878,37.5959055],[126.9555541,37.5959316],[126.9555937,37.5959344],[126.9559239,37.5960917],[126.956048,37.5961753],[126.9562605,37.5965152],[126.9563313,37.5968141],[126.9563474,37.5969507],[126.9563683,37.5976469],[126.9563715,37.5977859],[126.9563409,37.5980817],[126.9562846,37.5984413],[126.9563619,37.59863],[126.9565518,37.5988939],[126.9567626,37.5991081],[126.957564,37.5998579],[126.9580065,37.600339],[126.9582546,37.6005536],[126.9587226,37.6007767],[126.9595031,37.6007884],[126.9596882,37.6007353],[126.9601435,37.6007918],[126.960475,37.6007079],[126.9609342,37.6005364],[126.9611393,37.6005249],[126.9612466,37.6004516],[126.9613968,37.6003878],[126.9617535,37.6002158],[126.9620217,37.600118],[126.9622269,37.6000988],[126.9624965,37.6001403],[126.9626091,37.6001913],[126.9626896,37.6003188],[126.9626977,37.6004792],[126.9626655,37.6005493],[126.9625582,37.6007162]]]}},{"type":"Feature","id":"way/880989996","properties":{"osmType":"way","osmId":880989996,"osmVersion":2,"osmTimestamp":"2022-12-18T15:19:25Z","sourceUrl":"https://www.openstreetmap.org/way/880989996","name":"홍제천","waterType":"river","sourceTags":{"name":"홍제천","natural":"water","water":"river"},"sourceSurveyed":false},"geometry":{"type":"Polygon","coordinates":[[[126.9529746,37.5965411],[126.9531566,37.5966293],[126.9532595,37.5966872],[126.9535003,37.5967473],[126.9536451,37.5967162],[126.953836,37.5966658],[126.9544487,37.5962795],[126.9545099,37.5963216],[126.9538996,37.5967387],[126.9536898,37.5967966],[126.9535031,37.5968287],[126.9532107,37.5967655],[126.9531079,37.5967247],[126.952899,37.5965725],[126.9525891,37.596239],[126.9520844,37.5959881],[126.9521375,37.595942],[126.9524585,37.5960952],[126.9526308,37.5961774],[126.9529746,37.5965411]]]}},{"type":"Feature","id":"way/880990001","properties":{"osmType":"way","osmId":880990001,"osmVersion":1,"osmTimestamp":"2020-12-04T12:26:34Z","sourceUrl":"https://www.openstreetmap.org/way/880990001","name":"홍제천","waterType":"river","sourceTags":{"name":"홍제천","natural":"water","water":"river"},"sourceSurveyed":false},"geometry":{"type":"Polygon","coordinates":[[[126.9521375,37.595942],[126.9520844,37.5959881],[126.9515145,37.5958067],[126.9512346,37.5958067],[126.9510809,37.595877],[126.9508886,37.596124],[126.9506913,37.5969454],[126.9506196,37.5969318],[126.9506867,37.5966109],[126.9508199,37.5961028],[126.9510338,37.5958337],[126.9512295,37.5957427],[126.9515049,37.595731],[126.9521375,37.595942]]]}},{"type":"Feature","id":"way/880990002","properties":{"osmType":"way","osmId":880990002,"osmVersion":1,"osmTimestamp":"2020-12-04T12:26:34Z","sourceUrl":"https://www.openstreetmap.org/way/880990002","name":"홍제천","waterType":"river","sourceTags":{"name":"홍제천","natural":"water","water":"river"},"sourceSurveyed":false},"geometry":{"type":"Polygon","coordinates":[[[126.9506196,37.5969318],[126.9506913,37.5969454],[126.9505703,37.5972105],[126.9504406,37.5974053],[126.9502706,37.5976878],[126.9501489,37.5977987],[126.9499069,37.5979926],[126.949398,37.5982393],[126.949059,37.5983415],[126.9490567,37.5982703],[126.9493571,37.5981693],[126.9495927,37.5980458],[126.9499947,37.5978183],[126.9503589,37.5973822],[126.9504871,37.5971883],[126.9506196,37.5969318]]]}},{"type":"Feature","id":"way/880990003","properties":{"osmType":"way","osmId":880990003,"osmVersion":1,"osmTimestamp":"2020-12-04T12:26:34Z","sourceUrl":"https://www.openstreetmap.org/way/880990003","name":"홍제천","waterType":"river","sourceTags":{"name":"홍제천","natural":"water","water":"river"},"sourceSurveyed":false},"geometry":{"type":"Polygon","coordinates":[[[126.9490567,37.5982703],[126.949059,37.5983415],[126.9486933,37.5984825],[126.9478728,37.5986159],[126.9474006,37.5985609],[126.9471885,37.5983899],[126.9469848,37.5981654],[126.9469095,37.5980716],[126.9465876,37.5975778],[126.9467028,37.597541],[126.9469927,37.5980403],[126.9470792,37.5981937],[126.9472435,37.5983352],[126.9474677,37.5984461],[126.9477863,37.598477],[126.9479297,37.5984834],[126.9485661,37.5984078],[126.9490567,37.5982703]]]}},{"type":"Feature","id":"way/880990004","properties":{"osmType":"way","osmId":880990004,"osmVersion":1,"osmTimestamp":"2020-12-04T12:26:34Z","sourceUrl":"https://www.openstreetmap.org/way/880990004","name":"홍제천","waterType":"river","sourceTags":{"name":"홍제천","natural":"water","water":"river"},"sourceSurveyed":false},"geometry":{"type":"Polygon","coordinates":[[[126.9467028,37.597541],[126.9465876,37.5975778],[126.9465687,37.5973927],[126.9464376,37.5971766],[126.9463792,37.5970354],[126.9463581,37.5968226],[126.9464256,37.5967038],[126.9466089,37.5962698],[126.9466669,37.5962768],[126.946672,37.5962774],[126.9465782,37.5965071],[126.9464529,37.596816],[126.946473,37.5969679],[126.9464605,37.597024],[126.9465036,37.5970899],[126.9465237,37.5971941],[126.9465773,37.597257],[126.9466194,37.5973716],[126.9467028,37.597541]]]}},{"type":"Feature","id":"way/880990005","properties":{"osmType":"way","osmId":880990005,"osmVersion":1,"osmTimestamp":"2020-12-04T12:26:34Z","sourceUrl":"https://www.openstreetmap.org/way/880990005","name":"홍제천","waterType":"river","sourceTags":{"name":"홍제천","natural":"water","water":"river"},"sourceSurveyed":false},"geometry":{"type":"Polygon","coordinates":[[[126.9468356,37.5959897],[126.9466669,37.5962768],[126.9466089,37.5962698],[126.9466866,37.5960829],[126.9467912,37.5959029],[126.9469124,37.5956925],[126.9469789,37.5955654],[126.9469669,37.5954589],[126.9470618,37.5952551],[126.9470811,37.5951072],[126.9471139,37.595094],[126.9471267,37.5949334],[126.9471714,37.5948631],[126.947259,37.5949674],[126.9472614,37.5951682],[126.9471304,37.5955477],[126.9468356,37.5959897]]]}},{"type":"Feature","id":"way/881020665","properties":{"osmType":"way","osmId":881020665,"osmVersion":1,"osmTimestamp":"2020-12-04T14:07:59Z","sourceUrl":"https://www.openstreetmap.org/way/881020665","name":"홍제천","waterType":"river","sourceTags":{"name":"홍제천","natural":"water","water":"river"},"sourceSurveyed":false},"geometry":{"type":"Polygon","coordinates":[[[126.9472403,37.5949114],[126.947259,37.5949674],[126.9470811,37.5951072],[126.9468749,37.5944776],[126.9464394,37.5939709],[126.946056,37.5935587],[126.9458199,37.5933089],[126.94563,37.5931541],[126.9454594,37.5929119],[126.9452194,37.592581],[126.9449244,37.5924137],[126.9442207,37.5921263],[126.9444724,37.5920448],[126.944689,37.5921027],[126.9450029,37.5923279],[126.9451897,37.5924652],[126.9456516,37.5929999],[126.9459439,37.593333],[126.9462768,37.5936847],[126.9465637,37.5940278],[126.9467532,37.5942123],[126.946902,37.5944439],[126.9471158,37.5946926],[126.9472403,37.5949114]]]}},{"type":"Feature","id":"way/886450540","properties":{"osmType":"way","osmId":886450540,"osmVersion":1,"osmTimestamp":"2020-12-19T13:43:31Z","sourceUrl":"https://www.openstreetmap.org/way/886450540","name":null,"waterType":"lake","sourceTags":{"natural":"water","water":"lake"},"sourceSurveyed":false},"geometry":{"type":"Polygon","coordinates":[[[127.0055762,37.5564144],[127.0055673,37.5564112],[127.0055548,37.5564109],[127.0055415,37.5564082],[127.0055327,37.5564026],[127.0055269,37.5563946],[127.0055237,37.5563825],[127.0055259,37.5563716],[127.0055288,37.5563664],[127.0055347,37.5563641],[127.0055415,37.5563609],[127.0055447,37.5563541],[127.0055454,37.5563461],[127.0055414,37.5563384],[127.0055377,37.5563312],[127.0055378,37.5563239],[127.0055425,37.5563155],[127.0055542,37.5563125],[127.005569,37.5563135],[127.005582,37.556315],[127.0055964,37.5563157],[127.0056081,37.5563128],[127.0056182,37.5563074],[127.0056331,37.5563025],[127.005649,37.5563],[127.0056649,37.5562993],[127.0056788,37.5563026],[127.0056827,37.5563082],[127.0056846,37.5563155],[127.0056804,37.5563208],[127.0056724,37.5563223],[127.0056666,37.5563235],[127.0056621,37.556329],[127.0056609,37.5563363],[127.0056627,37.556343],[127.0056684,37.5563482],[127.0056715,37.5563541],[127.0056798,37.5563599],[127.0056844,37.5563674],[127.0056865,37.5563767],[127.0056851,37.5563854],[127.0056809,37.5563921],[127.0056741,37.5563977],[127.0056618,37.5564035],[127.0056509,37.5564062],[127.0056358,37.5564083],[127.0056191,37.5564075],[127.0056194,37.5564173],[127.0056144,37.5564242],[127.005608,37.5564285],[127.0055983,37.556429],[127.0055876,37.5564256],[127.0055805,37.5564195],[127.0055762,37.5564144]]]}},{"type":"Feature","id":"way/914034955","properties":{"osmType":"way","osmId":914034955,"osmVersion":1,"osmTimestamp":"2021-03-06T02:29:44Z","sourceUrl":"https://www.openstreetmap.org/way/914034955","name":null,"waterType":"unspecified","sourceTags":{"natural":"water"},"sourceSurveyed":false},"geometry":{"type":"Polygon","coordinates":[[[127.1470848,37.6181025],[127.1470955,37.6180536],[127.1471626,37.6179899],[127.1472591,37.6180111],[127.1473932,37.6181237],[127.1473718,37.6181938],[127.1473181,37.6182151],[127.1472511,37.6182087],[127.1471438,37.6181492],[127.1470848,37.6181025]]]}},{"type":"Feature","id":"way/917252525","properties":{"osmType":"way","osmId":917252525,"osmVersion":1,"osmTimestamp":"2021-03-15T05:22:36Z","sourceUrl":"https://www.openstreetmap.org/way/917252525","name":null,"waterType":"unspecified","sourceTags":{"natural":"water"},"sourceSurveyed":false},"geometry":{"type":"Polygon","coordinates":[[[127.1445206,37.6231822],[127.1445581,37.6231949],[127.1445394,37.6232671],[127.1445313,37.6235093],[127.144483,37.623641],[127.1444991,37.6237154],[127.1444991,37.6237536],[127.1444643,37.6237536],[127.1443811,37.6236856],[127.1443382,37.623573],[127.1443328,37.6233988],[127.1443704,37.6232586],[127.1444455,37.6232034],[127.1445206,37.6231822]]]}},{"type":"Feature","id":"way/923617717","properties":{"osmType":"way","osmId":923617717,"osmVersion":2,"osmTimestamp":"2024-04-17T05:18:01Z","sourceUrl":"https://www.openstreetmap.org/way/923617717","name":null,"waterType":"pond","sourceTags":{"natural":"water","water":"pond"},"sourceSurveyed":false},"geometry":{"type":"Polygon","coordinates":[[[127.0478555,37.6894924],[127.0478817,37.6894598],[127.0479326,37.6893962],[127.0479755,37.6893474],[127.047997,37.6892816],[127.0479589,37.6892414],[127.04793,37.6891797],[127.0478897,37.6891096],[127.0478334,37.6890587],[127.0477502,37.6890332],[127.0476376,37.6889674],[127.0476081,37.6889292],[127.0475786,37.6888677],[127.0475893,37.688821],[127.0476269,37.6887806],[127.0476886,37.6887488],[127.0477315,37.6887339],[127.0478012,37.6887637],[127.0478441,37.688804],[127.0479058,37.6888252],[127.0479943,37.6888146],[127.0480372,37.6887828],[127.0481177,37.6887552],[127.0481445,37.6887276],[127.0482572,37.6887318],[127.0483591,37.6887318],[127.0484181,37.6887318],[127.048563,37.6887509],[127.0486005,37.6887721],[127.0486032,37.6888507],[127.0485737,37.6889335],[127.0485281,37.6889886],[127.0485013,37.6890587],[127.0484932,37.6891139],[127.0485369,37.6891676],[127.0485371,37.6892126],[127.0484611,37.689205],[127.0483779,37.6891797],[127.048276,37.6891542],[127.0481633,37.6891521],[127.0480614,37.6891415],[127.0480193,37.6891281],[127.0479863,37.6891521],[127.048021,37.6891999],[127.0480639,37.6892551],[127.0480945,37.6892963],[127.0482116,37.6892879],[127.0482733,37.6892794],[127.0483698,37.6893028],[127.0483806,37.689394],[127.0483832,37.6894768],[127.0483108,37.6895299],[127.0483081,37.6895808],[127.0482625,37.6896318],[127.0482357,37.6897124],[127.0482196,37.6897337],[127.0481445,37.6897591],[127.0481024,37.6897671],[127.0480568,37.6897899],[127.0480295,37.6898029],[127.0480238,37.689844],[127.0480355,37.6898838],[127.0480614,37.6899226],[127.0481016,37.6899767],[127.0481392,37.6900393],[127.0481633,37.6900902],[127.0481204,37.6901306],[127.0480265,37.6901794],[127.0479407,37.6901645],[127.047879,37.6901412],[127.0478522,37.6900966],[127.0478643,37.6900505],[127.0479273,37.6900435],[127.0479823,37.6900404],[127.0480232,37.6900112],[127.0480185,37.6899735],[127.047997,37.6899353],[127.0479397,37.6898795],[127.0479219,37.6898419],[127.0479648,37.6898016],[127.0480131,37.6897485],[127.0480721,37.6897124],[127.0481338,37.6896763],[127.0481848,37.6896254],[127.048174,37.6896042],[127.0482035,37.6895617],[127.0482491,37.6894556],[127.0481825,37.6894191],[127.0480261,37.6893977],[127.0479836,37.6894598],[127.0479522,37.6895237],[127.0479355,37.6895468],[127.0479081,37.6895448],[127.047865,37.6895273],[127.0478555,37.6894924]]]}},{"type":"Feature","id":"way/924019558","properties":{"osmType":"way","osmId":924019558,"osmVersion":1,"osmTimestamp":"2021-03-31T04:03:30Z","sourceUrl":"https://www.openstreetmap.org/way/924019558","name":"거울연못","waterType":"pond","sourceTags":{"name":"거울연못","natural":"water","water":"pond"},"sourceSurveyed":false},"geometry":{"type":"Polygon","coordinates":[[[127.0413346,37.5442129],[127.0407688,37.5443643],[127.0407402,37.5442972],[127.041306,37.5441457],[127.0413346,37.5442129]]]}},{"type":"Feature","id":"way/925869097","properties":{"osmType":"way","osmId":925869097,"osmVersion":2,"osmTimestamp":"2026-06-26T00:02:35Z","sourceUrl":"https://www.openstreetmap.org/way/925869097","name":null,"waterType":"pond","sourceTags":{"natural":"water","water":"pond"},"sourceSurveyed":false},"geometry":{"type":"Polygon","coordinates":[[[127.1013577,37.5512947],[127.1012534,37.5513513],[127.1011202,37.5512932],[127.1009906,37.5512998],[127.1009715,37.5513008],[127.1008692,37.5513421],[127.1007958,37.5514325],[127.1006606,37.5513712],[127.1009348,37.5510788],[127.1010331,37.5510192],[127.1014021,37.551261],[127.1013577,37.5512947]]]}},{"type":"Feature","id":"way/928880877","properties":{"osmType":"way","osmId":928880877,"osmVersion":1,"osmTimestamp":"2021-04-10T14:34:34Z","sourceUrl":"https://www.openstreetmap.org/way/928880877","name":null,"waterType":"pond","sourceTags":{"natural":"water","water":"pond"},"sourceSurveyed":false},"geometry":{"type":"Polygon","coordinates":[[[127.0289753,37.5655685],[127.0289085,37.5655598],[127.0289283,37.5654955],[127.0291169,37.5655369],[127.0291038,37.5655814],[127.0290514,37.565578],[127.0289753,37.5655685]]]}},{"type":"Feature","id":"way/929676176","properties":{"osmType":"way","osmId":929676176,"osmVersion":5,"osmTimestamp":"2024-12-18T00:42:10Z","sourceUrl":"https://www.openstreetmap.org/way/929676176","name":null,"waterType":"river","sourceTags":{"natural":"water","water":"river"},"sourceSurveyed":false},"geometry":{"type":"Polygon","coordinates":[[[126.9949806,37.4405605],[126.9949547,37.4405514],[126.994722,37.4402853],[126.994711,37.4402727],[126.9944341,37.4399585],[126.994372,37.4398145],[126.9943823,37.4396573],[126.9944168,37.439537],[126.9944495,37.4395083],[126.9944684,37.4393702],[126.9947594,37.4389054],[126.9949471,37.4386211],[126.9951468,37.4383026],[126.9952002,37.4381905],[126.9954302,37.4378344],[126.9957221,37.43743],[126.9959601,37.4370885],[126.9961126,37.4369154],[126.996228,37.4366381],[126.9964228,37.4363666],[126.9964964,37.4362349],[126.9966191,37.4360649],[126.9966578,37.4360304],[126.9967121,37.435965],[126.996829,37.4357659],[126.9968956,37.4356119],[126.9969439,37.4355394],[126.9971023,37.4353302],[126.9971505,37.4352359],[126.99726,37.4351241],[126.9972882,37.4350185],[126.9972934,37.4349598],[126.9973777,37.4348613],[126.9975378,37.4345373],[126.9972759,37.4341597],[126.9971686,37.4340209],[126.9970773,37.433916],[126.9969547,37.4337668],[126.9967448,37.4335264],[126.9966041,37.4333656],[126.9964853,37.4332632],[126.9962645,37.4330003],[126.9959555,37.4326725],[126.9958186,37.4325112],[126.9957193,37.4324148],[126.9955416,37.4321695],[126.9953859,37.4320046],[126.9953106,37.4319568],[126.9951256,37.4317206],[126.9950119,37.4315731],[126.9949369,37.4314831],[126.9948352,37.4313743],[126.9947876,37.4313124],[126.9947486,37.4312689],[126.9947147,37.4312374],[126.9946837,37.4312013],[126.9946079,37.431144],[126.9945168,37.4310655],[126.9945057,37.4310309],[126.9944779,37.4310047],[126.9944503,37.4309922],[126.9943929,37.4309422],[126.9941521,37.4306716],[126.9940109,37.4305143],[126.9939884,37.4305021],[126.993973,37.430471],[126.9939149,37.4304343],[126.9938663,37.4303768],[126.9938248,37.4303043],[126.993067,37.4294775],[126.9929448,37.4293475],[126.9928879,37.4293362],[126.9928594,37.4292948],[126.9929958,37.4292175],[126.9929946,37.4292646],[126.9930646,37.4294115],[126.9939469,37.4303891],[126.9940323,37.4304776],[126.994075,37.4305416],[126.9944237,37.4309334],[126.9945766,37.4310718],[126.994762,37.4312432],[126.9955644,37.4321661],[126.9959592,37.4326258],[126.9963268,37.4330238],[126.9967036,37.4334373],[126.9971061,37.433893],[126.9973244,37.4340842],[126.9975434,37.4343783],[126.9975998,37.4345066],[126.9975152,37.4347561],[126.9974302,37.4348814],[126.9973874,37.4349446],[126.9973647,37.4350082],[126.9971745,37.4352482],[126.997137,37.4353298],[126.9970007,37.435544],[126.9968678,37.4357218],[126.9967842,37.4358691],[126.9966794,37.4360438],[126.9966371,37.4360683],[126.9963384,37.436654],[126.9961192,37.4370062],[126.9960839,37.4370371],[126.9957975,37.4375353],[126.9954564,37.4380279],[126.9953963,37.4382033],[126.9953221,37.4382258],[126.9945378,37.4393732],[126.9944625,37.4396072],[126.9944356,37.4398532],[126.9945225,37.4399788],[126.9946819,37.4401841],[126.994751,37.4402689],[126.9948648,37.4404085],[126.9950362,37.4405799],[126.9949806,37.4405605]]]}},{"type":"Feature","id":"way/929793590","properties":{"osmType":"way","osmId":929793590,"osmVersion":15,"osmTimestamp":"2026-02-02T19:16:14Z","sourceUrl":"https://www.openstreetmap.org/way/929793590","name":null,"waterType":"river","sourceTags":{"natural":"water","water":"river"},"sourceSurveyed":false},"geometry":{"type":"Polygon","coordinates":[[[127.0732584,37.5016251],[127.073117,37.5016534],[127.0731857,37.500681],[127.0731348,37.5006129],[127.0731455,37.5004703],[127.0730302,37.5002278],[127.0728853,37.5001405],[127.0728853,37.4999916],[127.0728505,37.4998053],[127.072939,37.4994649],[127.0729792,37.4993],[127.0734486,37.4983211],[127.0737168,37.4974273],[127.0737383,37.4970571],[127.0736176,37.4965953],[127.0735425,37.4964187],[127.0735586,37.4962676],[127.0733842,37.4955376],[127.0727378,37.4946928],[127.0717615,37.4937522],[127.0710244,37.49298],[127.0700395,37.4921029],[127.069377,37.4916027],[127.0685655,37.4910744],[127.0684831,37.4910361],[127.06842,37.4909749],[127.0684107,37.4909473],[127.0683211,37.4909165],[127.0682233,37.4909116],[127.0677865,37.490711],[127.0672233,37.4905254],[127.0664399,37.4903236],[127.0652493,37.4900507],[127.0595013,37.4890302],[127.0588146,37.4888599],[127.058146,37.488582],[127.0576996,37.488398],[127.0566282,37.4878016],[127.0563325,37.4876349],[127.054317,37.4863748],[127.0519027,37.4850082],[127.0514747,37.4847653],[127.0507318,37.4843438],[127.0486826,37.4830402],[127.0471416,37.4821931],[127.0460255,37.4815049],[127.0455685,37.4812597],[127.0448738,37.4807457],[127.0444071,37.4803743],[127.0440511,37.479894],[127.0436415,37.4793648],[127.0437497,37.4793207],[127.0438268,37.479443],[127.0441103,37.4797603],[127.0446968,37.4803839],[127.0453697,37.4810052],[127.0473844,37.4821313],[127.048177,37.4825853],[127.0493087,37.4832476],[127.0515764,37.4846072],[127.0522751,37.484999],[127.0537129,37.4859157],[127.0543106,37.4862274],[127.0563838,37.4874591],[127.0574172,37.4881297],[127.0579235,37.4883521],[127.0580524,37.4884477],[127.0582163,37.4884666],[127.0582749,37.4885214],[127.0584193,37.4885679],[127.0584946,37.4886061],[127.058595,37.4886343],[127.0586787,37.4886874],[127.0587603,37.4886957],[127.0588146,37.4887521],[127.0599401,37.4890111],[127.061779,37.4893182],[127.0655469,37.4899728],[127.0668886,37.49022],[127.0683268,37.4907673],[127.0695758,37.4915275],[127.0704063,37.4921782],[127.0722096,37.4938961],[127.0728434,37.4945534],[127.0733183,37.4951708],[127.073533,37.4954885],[127.0736655,37.4960038],[127.0737639,37.4966546],[127.0739166,37.4970115],[127.0739187,37.4974496],[127.0737589,37.498036],[127.0736539,37.4983494],[127.0735187,37.4986507],[127.0733162,37.4991193],[127.0732717,37.499411],[127.0731949,37.4998595],[127.0731405,37.4999923],[127.0731343,37.5001061],[127.0732179,37.5001388],[127.0733275,37.5002618],[127.0733884,37.5003242],[127.0733999,37.5004952],[127.0733811,37.5007475],[127.0733643,37.5008604],[127.0733421,37.5008824],[127.0733599,37.5010179],[127.0733583,37.5011578],[127.0732972,37.5013661],[127.073353,37.5016087],[127.0732584,37.5016251]]]}},{"type":"Feature","id":"way/930373397","properties":{"osmType":"way","osmId":930373397,"osmVersion":3,"osmTimestamp":"2022-12-22T18:31:30Z","sourceUrl":"https://www.openstreetmap.org/way/930373397","name":null,"waterType":"river","sourceTags":{"natural":"water","water":"river"},"sourceSurveyed":false},"geometry":{"type":"Polygon","coordinates":[[[127.0437497,37.4793207],[127.0436415,37.4793648],[127.0429829,37.4785504],[127.0426536,37.4781566],[127.0423331,37.4777692],[127.0419245,37.4774236],[127.0416867,37.4770908],[127.0415743,37.4768141],[127.0410744,37.4762975],[127.0409726,37.476296],[127.040868,37.4762832],[127.0407875,37.4762332],[127.0407432,37.4761789],[127.0407379,37.4761299],[127.040754,37.476081],[127.0407432,37.4760267],[127.0401348,37.4753766],[127.0398607,37.4750388],[127.0389417,37.4746064],[127.0368216,37.4737962],[127.0358693,37.4736326],[127.0343746,37.4732848],[127.0337114,37.4730348],[127.0328349,37.472452],[127.0324465,37.4720234],[127.0318353,37.4713898],[127.0311105,37.4706416],[127.0306272,37.4700832],[127.0302932,37.4695794],[127.0295826,37.4686694],[127.0292913,37.4683837],[127.0290733,37.4681242],[127.0289359,37.4678836],[127.0289884,37.4674433],[127.0298194,37.4653927],[127.0302038,37.4644818],[127.0303619,37.4645237],[127.0299464,37.4654969],[127.0294467,37.4667468],[127.0291387,37.4674433],[127.0291096,37.4675563],[127.0290544,37.4676162],[127.0290253,37.4677892],[127.0290893,37.4679575],[127.0292258,37.4681097],[127.0294089,37.4682919],[127.0297982,37.4686143],[127.0300147,37.4688572],[127.0300161,37.4690278],[127.0302849,37.4693167],[127.030393,37.4695119],[127.0305018,37.4697151],[127.030665,37.4699669],[127.030989,37.4703626],[127.0311885,37.4705802],[127.0313108,37.4707493],[127.0314173,37.4708518],[127.0317051,37.4710766],[127.0317754,37.4712079],[127.0320473,37.4714327],[127.032385,37.4718068],[127.0325926,37.4720328],[127.0331323,37.4725447],[127.0339339,37.4730116],[127.0347183,37.4732823],[127.0353808,37.4733823],[127.0363643,37.4735838],[127.036873,37.4736784],[127.0372731,37.4737528],[127.0378192,37.4738895],[127.0381319,37.4740837],[127.038218,37.4742132],[127.0390112,37.4744866],[127.0394962,37.4746826],[127.0399018,37.4748481],[127.0400559,37.4749632],[127.0401692,37.4751628],[127.0404434,37.4754991],[127.0410485,37.4760692],[127.0413119,37.4762913],[127.0417284,37.4768457],[127.0417532,37.4769451],[127.041828,37.4770979],[127.0420093,37.4773119],[127.0422812,37.4775206],[127.0425351,37.477731],[127.04278,37.4781727],[127.0429933,37.4784375],[127.0432738,37.4787075],[127.0435322,37.4789952],[127.0436069,37.4791409],[127.0437497,37.4793207]]]}},{"type":"Feature","id":"way/930531577","properties":{"osmType":"way","osmId":930531577,"osmVersion":3,"osmTimestamp":"2024-10-18T03:30:15Z","sourceUrl":"https://www.openstreetmap.org/way/930531577","name":null,"waterType":"stream","sourceTags":{"natural":"water","water":"stream"},"sourceSurveyed":false},"geometry":{"type":"Polygon","coordinates":[[[127.0303619,37.4645237],[127.0302038,37.4644818],[127.0299267,37.4638552],[127.0293115,37.4629687],[127.0276768,37.4607573],[127.0268922,37.4598204],[127.0261448,37.4587245],[127.0257516,37.4583663],[127.0248923,37.4579355],[127.0231103,37.4572005],[127.0224833,37.456972],[127.0210442,37.4563882],[127.0202307,37.456102],[127.0196494,37.4559911],[127.0186056,37.4557836],[127.017441,37.4556134],[127.0161484,37.4553863],[127.0153674,37.455366],[127.0138887,37.4555439],[127.0137698,37.4554779],[127.0144117,37.4553501],[127.0152218,37.4552636],[127.0158854,37.4551973],[127.0168951,37.4553303],[127.0171137,37.45538],[127.0172158,37.4554928],[127.017536,37.455577],[127.0178882,37.4556389],[127.0189049,37.455766],[127.0192131,37.455828],[127.0197335,37.4559138],[127.020532,37.4561044],[127.0210824,37.4562442],[127.0217808,37.4565842],[127.0222439,37.4568021],[127.0227843,37.4570097],[127.0233886,37.4572196],[127.0238593,37.4574064],[127.0241789,37.4574825],[127.024516,37.4576578],[127.0245508,37.4576947],[127.0258002,37.4582667],[127.0261808,37.4585804],[127.0265527,37.4590301],[127.0266196,37.4592654],[127.0268026,37.459496],[127.0270525,37.4598281],[127.0276859,37.4606515],[127.0282263,37.461371],[127.0288597,37.4622082],[127.0293333,37.4627894],[127.0301469,37.4638572],[127.0303532,37.4643876],[127.0303619,37.4645237]]]}},{"type":"Feature","id":"way/930543351","properties":{"osmType":"way","osmId":930543351,"osmVersion":2,"osmTimestamp":"2022-06-15T11:57:48Z","sourceUrl":"https://www.openstreetmap.org/way/930543351","name":null,"waterType":"stream","sourceTags":{"natural":"water","water":"stream"},"sourceSurveyed":false},"geometry":{"type":"Polygon","coordinates":[[[126.9969203,37.4456792],[126.9968652,37.4456272],[126.9969591,37.4455845],[126.9972978,37.4459043],[126.9978906,37.4464625],[126.998101,37.4466622],[126.9981857,37.4467416],[126.9983294,37.4469148],[126.9987066,37.4474567],[126.9990402,37.4480658],[126.999189,37.448296],[126.9994995,37.4485486],[126.9999126,37.4488297],[127.0002667,37.4490049],[127.0005218,37.4490366],[127.0009556,37.4491579],[127.002565,37.44956],[127.0024744,37.449612],[127.0009272,37.4492098],[127.0007474,37.4491577],[127.0001898,37.4490483],[126.9996354,37.4487379],[126.9994032,37.4485911],[126.9990874,37.4483359],[126.9986368,37.4475286],[126.9982977,37.4470392],[126.9983149,37.4470242],[126.9982804,37.4469367],[126.9981995,37.4469162],[126.9981548,37.4468588],[126.9978362,37.4465403],[126.9977691,37.4464583],[126.9973059,37.4460373],[126.9973146,37.4460236],[126.9969203,37.4456792]]]}},{"type":"Feature","id":"way/931140147","properties":{"osmType":"way","osmId":931140147,"osmVersion":1,"osmTimestamp":"2021-04-15T18:42:21Z","sourceUrl":"https://www.openstreetmap.org/way/931140147","name":null,"waterType":"stream","sourceTags":{"natural":"water","water":"stream"},"sourceSurveyed":false},"geometry":{"type":"Polygon","coordinates":[[[127.0112834,37.4554829],[127.0108417,37.4554727],[127.010688,37.4552636],[127.0115408,37.4553632],[127.0121448,37.4554629],[127.0126446,37.4554779],[127.0133221,37.4555381],[127.0135661,37.4555419],[127.0137698,37.4554779],[127.0138887,37.4555439],[127.0137871,37.4556604],[127.0131651,37.4556853],[127.0112834,37.4554829]]]}},{"type":"Feature","id":"way/931140148","properties":{"osmType":"way","osmId":931140148,"osmVersion":2,"osmTimestamp":"2022-06-15T11:57:48Z","sourceUrl":"https://www.openstreetmap.org/way/931140148","name":null,"waterType":"stream","sourceTags":{"natural":"water","water":"stream"},"sourceSurveyed":false},"geometry":{"type":"Polygon","coordinates":[[[127.0028792,37.4497324],[127.0024744,37.449612],[127.002565,37.44956],[127.0029656,37.4496659],[127.0032888,37.4498196],[127.0036619,37.4502956],[127.0037083,37.4503448],[127.0037488,37.4504895],[127.0037555,37.4506334],[127.0035844,37.4512263],[127.0034093,37.4518884],[127.0034053,37.4519235],[127.0034356,37.4522058],[127.0036031,37.4524994],[127.0037783,37.4526633],[127.0040222,37.4527174],[127.0043183,37.4528716],[127.0047566,37.4530146],[127.0050977,37.4531067],[127.0055335,37.4532947],[127.0063034,37.4537254],[127.0068719,37.4541109],[127.0075115,37.4544982],[127.0079189,37.4547483],[127.008684,37.4549307],[127.0090985,37.4549815],[127.009551,37.4550793],[127.0098755,37.4551075],[127.0102095,37.4552241],[127.010688,37.4552636],[127.0108417,37.4554727],[127.0094462,37.455244],[127.0083003,37.4550103],[127.0077242,37.454802],[127.0066936,37.4541312],[127.0062492,37.4537776],[127.005599,37.4534299],[127.0050933,37.453186],[127.0042163,37.4529319],[127.0040243,37.452815],[127.0036594,37.4527795],[127.0034161,37.4526118],[127.0032689,37.4522306],[127.0032689,37.4519174],[127.0035033,37.4512196],[127.0036505,37.4506585],[127.0036218,37.4504968],[127.0035749,37.450394],[127.0031253,37.4499474],[127.0028792,37.4497324]]]}},{"type":"Feature","id":"way/931140149","properties":{"osmType":"way","osmId":931140149,"osmVersion":3,"osmTimestamp":"2022-06-15T11:57:48Z","sourceUrl":"https://www.openstreetmap.org/way/931140149","name":null,"waterType":"stream","sourceTags":{"natural":"water","water":"stream"},"sourceSurveyed":false},"geometry":{"type":"Polygon","coordinates":[[[126.9969591,37.4455845],[126.9968652,37.4456272],[126.9968325,37.4456231],[126.9965622,37.4454208],[126.9963941,37.4451454],[126.9962729,37.4447455],[126.9962695,37.4446362],[126.9962419,37.4444147],[126.9962859,37.4440539],[126.9963062,37.4437443],[126.996325,37.4435174],[126.9963571,37.4435181],[126.996393,37.4435189],[126.9963709,37.4439304],[126.9963296,37.4440859],[126.9963088,37.4444191],[126.9963135,37.4445754],[126.9963329,37.4446274],[126.99652,37.4451894],[126.9966581,37.4453374],[126.9969591,37.4455845]]]}},{"type":"Feature","id":"way/933759014","properties":{"osmType":"way","osmId":933759014,"osmVersion":2,"osmTimestamp":"2024-12-18T00:42:10Z","sourceUrl":"https://www.openstreetmap.org/way/933759014","name":null,"waterType":"river","sourceTags":{"natural":"water","water":"river"},"sourceSurveyed":false},"geometry":{"type":"Polygon","coordinates":[[[126.9963571,37.4435181],[126.996325,37.4435174],[126.9963132,37.443258],[126.9962471,37.4430108],[126.9961972,37.4428632],[126.99615,37.442692],[126.9960508,37.442501],[126.9960129,37.4424614],[126.9959991,37.4423938],[126.9959926,37.4422844],[126.9959561,37.4421647],[126.9959165,37.4420663],[126.995889,37.4420636],[126.9958408,37.4419815],[126.9957306,37.4417835],[126.9957188,37.4417625],[126.9952534,37.4409366],[126.9950599,37.4407185],[126.9949547,37.4405514],[126.9949806,37.4405605],[126.9950362,37.4405799],[126.9953203,37.440975],[126.9954087,37.4411265],[126.9957339,37.4416612],[126.9957814,37.4417434],[126.9959001,37.4419489],[126.9960114,37.442186],[126.9961931,37.442593],[126.9962992,37.4429673],[126.9963626,37.4432617],[126.996393,37.4435189],[126.9963571,37.4435181]]]}},{"type":"Feature","id":"way/939123118","properties":{"osmType":"way","osmId":939123118,"osmVersion":1,"osmTimestamp":"2021-05-05T01:22:44Z","sourceUrl":"https://www.openstreetmap.org/way/939123118","name":null,"waterType":"unspecified","sourceTags":{"natural":"water"},"sourceSurveyed":false},"geometry":{"type":"Polygon","coordinates":[[[127.1652418,37.5850092],[127.1651265,37.5849752],[127.1651158,37.5849476],[127.1651345,37.5849157],[127.1651962,37.5848774],[127.1653089,37.5848817],[127.1654108,37.5849114],[127.165502,37.5849603],[127.1655825,37.5849858],[127.1656415,37.5849922],[127.1657354,37.5849901],[127.1658158,37.5850028],[127.1658507,37.5850411],[127.1658775,37.5851006],[127.1658587,37.5851495],[127.1657917,37.5851835],[127.1657085,37.5851835],[127.1656415,37.5851814],[127.1655691,37.585192],[127.1654993,37.5851814],[127.1654349,37.585192],[127.1653598,37.5851856],[127.165325,37.5851495],[127.1652955,37.5850666],[127.1652418,37.5850092]]]}},{"type":"Feature","id":"way/941388901","properties":{"osmType":"way","osmId":941388901,"osmVersion":1,"osmTimestamp":"2021-05-10T09:44:36Z","sourceUrl":"https://www.openstreetmap.org/way/941388901","name":null,"waterType":"pond","sourceTags":{"natural":"water","water":"pond"},"sourceSurveyed":false},"geometry":{"type":"Polygon","coordinates":[[[127.1603119,37.4739318],[127.1593218,37.4740655],[127.1592657,37.4740655],[127.1592045,37.4740574],[127.1591334,37.4739813],[127.159082,37.4738528],[127.1590565,37.4735896],[127.1591381,37.4734944],[127.1596229,37.4734923],[127.1606385,37.4735734],[127.1607253,37.4736523],[127.1606615,37.4736807],[127.1605339,37.4737597],[127.1606717,37.4737779],[127.1606845,37.4738427],[127.1604216,37.4738771],[127.1603119,37.4739318]]]}},{"type":"Feature","id":"way/941388902","properties":{"osmType":"way","osmId":941388902,"osmVersion":1,"osmTimestamp":"2021-05-10T09:44:36Z","sourceUrl":"https://www.openstreetmap.org/way/941388902","name":null,"waterType":"pond","sourceTags":{"natural":"water","water":"pond"},"sourceSurveyed":false},"geometry":{"type":"Polygon","coordinates":[[[127.1564918,37.4748331],[127.1564403,37.4747752],[127.1564082,37.4747105],[127.1563996,37.474593],[127.1564489,37.4744551],[127.1565841,37.4743784],[127.1567171,37.4742388],[127.1567665,37.474031],[127.1569425,37.4740328],[127.1570304,37.4740719],[127.1571291,37.4742184],[127.1571227,37.4742899],[127.1569296,37.4744483],[127.156936,37.4745113],[127.1568867,37.4745385],[127.1567815,37.4745436],[127.156745,37.4746015],[127.1567322,37.4746594],[127.1567686,37.4746867],[127.1568438,37.4747548],[127.1568545,37.4748314],[127.1568266,37.4748978],[127.1567493,37.4749098],[127.156685,37.4749064],[127.1565884,37.4748808],[127.1564918,37.4748331]]]}},{"type":"Feature","id":"way/949383813","properties":{"osmType":"way","osmId":949383813,"osmVersion":1,"osmTimestamp":"2021-06-01T12:34:22Z","sourceUrl":"https://www.openstreetmap.org/way/949383813","name":"다락천","waterType":"stream","sourceTags":{"name":"다락천","name:ko":"다락천","natural":"water","water":"stream"},"sourceSurveyed":false},"geometry":{"type":"Polygon","coordinates":[[[127.0483809,37.6962813],[127.0483734,37.6964863],[127.0472629,37.6964709],[127.0467179,37.6965101],[127.0461009,37.6965708],[127.0457393,37.6965955],[127.0450403,37.6967061],[127.0444634,37.6966991],[127.0437272,37.6966375],[127.0428088,37.6964639],[127.0419683,37.6962623],[127.0415135,37.6961026],[127.0415703,37.696011],[127.0419474,37.6961095],[127.0423085,37.6961899],[127.0441678,37.6965519],[127.0447044,37.6965951],[127.0450192,37.6965908],[127.0457949,37.6964512],[127.0467392,37.6963124],[127.0472485,37.6962972],[127.0479242,37.6963115],[127.0481533,37.6963056],[127.0483809,37.6962813]]]}},{"type":"Feature","id":"way/959050079","properties":{"osmType":"way","osmId":959050079,"osmVersion":1,"osmTimestamp":"2021-06-29T07:58:02Z","sourceUrl":"https://www.openstreetmap.org/way/959050079","name":null,"waterType":"pond","sourceTags":{"natural":"water","water":"pond"},"sourceSurveyed":false},"geometry":{"type":"Polygon","coordinates":[[[127.1535143,37.4694814],[127.1534976,37.4694904],[127.1534828,37.4695032],[127.1534694,37.469525],[127.1534627,37.469533],[127.1534506,37.4695378],[127.1534386,37.4695335],[127.1534406,37.469517],[127.1534419,37.4694984],[127.1534292,37.4694776],[127.1534198,37.4694665],[127.1534184,37.4694595],[127.1534205,37.4694542],[127.1534272,37.469451],[127.1534392,37.4694526],[127.153454,37.4694611],[127.1534654,37.4694638],[127.1534761,37.4694627],[127.1534889,37.4694542],[127.153507,37.4694388],[127.1535257,37.4694287],[127.1535499,37.4694191],[127.1535727,37.4694164],[127.1536008,37.4694196],[127.1536142,37.4694319],[127.1536176,37.4694462],[127.1536116,37.4694638],[127.1535968,37.4694739],[127.153576,37.4694787],[127.1535512,37.4694787],[127.1535143,37.4694814]]]}},{"type":"Feature","id":"way/971270508","properties":{"osmType":"way","osmId":971270508,"osmVersion":1,"osmTimestamp":"2021-08-08T05:07:51Z","sourceUrl":"https://www.openstreetmap.org/way/971270508","name":null,"waterType":"unspecified","sourceTags":{"natural":"water"},"sourceSurveyed":false},"geometry":{"type":"Polygon","coordinates":[[[127.0538956,37.5538267],[127.0538834,37.5538909],[127.0535577,37.5538891],[127.0536184,37.5538085],[127.0535939,37.5537974],[127.0537422,37.5536373],[127.0538124,37.553579],[127.0539117,37.5535705],[127.0539398,37.5535736],[127.054318,37.5533865],[127.0542764,37.5533365],[127.0542716,37.5533114],[127.0543455,37.5532984],[127.0544236,37.5533198],[127.0544463,37.553319],[127.0544777,37.5533017],[127.0544936,37.5533189],[127.054453,37.5533548],[127.054411,37.5533764],[127.0543786,37.5534241],[127.0543157,37.553512],[127.0542655,37.5535622],[127.0541343,37.5536428],[127.054031,37.553697],[127.0538956,37.5538267]]]}},{"type":"Feature","id":"way/971270594","properties":{"osmType":"way","osmId":971270594,"osmVersion":1,"osmTimestamp":"2021-08-08T05:07:51Z","sourceUrl":"https://www.openstreetmap.org/way/971270594","name":null,"waterType":"wastewater","sourceTags":{"natural":"water","water":"wastewater"},"sourceSurveyed":false},"geometry":{"type":"Polygon","coordinates":[[[127.05822,37.5541485],[127.0582072,37.5538789],[127.0583674,37.5538741],[127.0583801,37.5541437],[127.05822,37.5541485]]]}},{"type":"Feature","id":"way/971270595","properties":{"osmType":"way","osmId":971270595,"osmVersion":1,"osmTimestamp":"2021-08-08T05:07:51Z","sourceUrl":"https://www.openstreetmap.org/way/971270595","name":null,"waterType":"wastewater","sourceTags":{"natural":"water","water":"wastewater"},"sourceSurveyed":false},"geometry":{"type":"Polygon","coordinates":[[[127.0583949,37.5541426],[127.0583821,37.5538731],[127.0585423,37.5538683],[127.0585551,37.5541378],[127.0583949,37.5541426]]]}},{"type":"Feature","id":"way/971270642","properties":{"osmType":"way","osmId":971270642,"osmVersion":1,"osmTimestamp":"2021-08-08T05:07:51Z","sourceUrl":"https://www.openstreetmap.org/way/971270642","name":null,"waterType":"wastewater","sourceTags":{"natural":"water","water":"wastewater"},"sourceSurveyed":false},"geometry":{"type":"Polygon","coordinates":[[[127.0609662,37.5519336],[127.0609127,37.55187],[127.0615539,37.5515311],[127.0616075,37.5515948],[127.0609662,37.5519336]]]}},{"type":"Feature","id":"way/971270643","properties":{"osmType":"way","osmId":971270643,"osmVersion":1,"osmTimestamp":"2021-08-08T05:07:51Z","sourceUrl":"https://www.openstreetmap.org/way/971270643","name":null,"waterType":"wastewater","sourceTags":{"natural":"water","water":"wastewater"},"sourceSurveyed":false},"geometry":{"type":"Polygon","coordinates":[[[127.061022,37.5520016],[127.0609685,37.551938],[127.0616096,37.5515991],[127.0616632,37.5516628],[127.061022,37.5520016]]]}},{"type":"Feature","id":"way/971270644","properties":{"osmType":"way","osmId":971270644,"osmVersion":1,"osmTimestamp":"2021-08-08T05:07:51Z","sourceUrl":"https://www.openstreetmap.org/way/971270644","name":null,"waterType":"wastewater","sourceTags":{"natural":"water","water":"wastewater"},"sourceSurveyed":false},"geometry":{"type":"Polygon","coordinates":[[[127.0610878,37.5520788],[127.0610344,37.5520152],[127.0616755,37.5516762],[127.0617291,37.5517399],[127.0610878,37.5520788]]]}},{"type":"Feature","id":"way/971270645","properties":{"osmType":"way","osmId":971270645,"osmVersion":1,"osmTimestamp":"2021-08-08T05:07:51Z","sourceUrl":"https://www.openstreetmap.org/way/971270645","name":null,"waterType":"wastewater","sourceTags":{"natural":"water","water":"wastewater"},"sourceSurveyed":false},"geometry":{"type":"Polygon","coordinates":[[[127.0611436,37.5521468],[127.0610901,37.5520832],[127.0617312,37.5517442],[127.0617848,37.5518079],[127.0611436,37.5521468]]]}},{"type":"Feature","id":"way/971270646","properties":{"osmType":"way","osmId":971270646,"osmVersion":1,"osmTimestamp":"2021-08-08T05:07:51Z","sourceUrl":"https://www.openstreetmap.org/way/971270646","name":null,"waterType":"wastewater","sourceTags":{"natural":"water","water":"wastewater"},"sourceSurveyed":false},"geometry":{"type":"Polygon","coordinates":[[[127.0612069,37.5522223],[127.0611534,37.5521586],[127.0617946,37.5518197],[127.0618482,37.5518834],[127.0612069,37.5522223]]]}},{"type":"Feature","id":"way/971270647","properties":{"osmType":"way","osmId":971270647,"osmVersion":1,"osmTimestamp":"2021-08-08T05:07:51Z","sourceUrl":"https://www.openstreetmap.org/way/971270647","name":null,"waterType":"wastewater","sourceTags":{"natural":"water","water":"wastewater"},"sourceSurveyed":false},"geometry":{"type":"Polygon","coordinates":[[[127.0612626,37.5522902],[127.0612092,37.5522266],[127.0618503,37.5518877],[127.0619039,37.5519514],[127.0612626,37.5522902]]]}},{"type":"Feature","id":"way/971270648","properties":{"osmType":"way","osmId":971270648,"osmVersion":1,"osmTimestamp":"2021-08-08T05:07:51Z","sourceUrl":"https://www.openstreetmap.org/way/971270648","name":null,"waterType":"wastewater","sourceTags":{"natural":"water","water":"wastewater"},"sourceSurveyed":false},"geometry":{"type":"Polygon","coordinates":[[[127.0613248,37.5523676],[127.0612714,37.552304],[127.0619125,37.551965],[127.0619661,37.5520287],[127.0613248,37.5523676]]]}},{"type":"Feature","id":"way/971270649","properties":{"osmType":"way","osmId":971270649,"osmVersion":1,"osmTimestamp":"2021-08-08T05:07:51Z","sourceUrl":"https://www.openstreetmap.org/way/971270649","name":null,"waterType":"wastewater","sourceTags":{"natural":"water","water":"wastewater"},"sourceSurveyed":false},"geometry":{"type":"Polygon","coordinates":[[[127.0613806,37.5524355],[127.0613271,37.5523719],[127.0619682,37.552033],[127.0620218,37.5520967],[127.0613806,37.5524355]]]}},{"type":"Feature","id":"way/971270667","properties":{"osmType":"way","osmId":971270667,"osmVersion":1,"osmTimestamp":"2021-08-08T05:07:51Z","sourceUrl":"https://www.openstreetmap.org/way/971270667","name":null,"waterType":"wastewater","sourceTags":{"natural":"water","water":"wastewater"},"sourceSurveyed":false},"geometry":{"type":"Polygon","coordinates":[[[127.0618948,37.5530549],[127.0618414,37.5529913],[127.0624825,37.5526523],[127.0625361,37.552716],[127.0618948,37.5530549]]]}},{"type":"Feature","id":"way/971270668","properties":{"osmType":"way","osmId":971270668,"osmVersion":1,"osmTimestamp":"2021-08-08T05:07:51Z","sourceUrl":"https://www.openstreetmap.org/way/971270668","name":null,"waterType":"wastewater","sourceTags":{"natural":"water","water":"wastewater"},"sourceSurveyed":false},"geometry":{"type":"Polygon","coordinates":[[[127.0618391,37.5529869],[127.0617856,37.5529233],[127.0624268,37.5525844],[127.0624803,37.5526481],[127.0618391,37.5529869]]]}},{"type":"Feature","id":"way/971270669","properties":{"osmType":"way","osmId":971270669,"osmVersion":1,"osmTimestamp":"2021-08-08T05:07:51Z","sourceUrl":"https://www.openstreetmap.org/way/971270669","name":null,"waterType":"wastewater","sourceTags":{"natural":"water","water":"wastewater"},"sourceSurveyed":false},"geometry":{"type":"Polygon","coordinates":[[[127.0617769,37.5529095],[127.0617234,37.5528459],[127.0623646,37.552507],[127.0624182,37.5525707],[127.0617769,37.5529095]]]}},{"type":"Feature","id":"way/971270670","properties":{"osmType":"way","osmId":971270670,"osmVersion":1,"osmTimestamp":"2021-08-08T05:07:51Z","sourceUrl":"https://www.openstreetmap.org/way/971270670","name":null,"waterType":"wastewater","sourceTags":{"natural":"water","water":"wastewater"},"sourceSurveyed":false},"geometry":{"type":"Polygon","coordinates":[[[127.0617212,37.5528416],[127.0616677,37.552778],[127.0623089,37.552439],[127.0623624,37.5525027],[127.0617212,37.5528416]]]}},{"type":"Feature","id":"way/971270671","properties":{"osmType":"way","osmId":971270671,"osmVersion":1,"osmTimestamp":"2021-08-08T05:07:51Z","sourceUrl":"https://www.openstreetmap.org/way/971270671","name":null,"waterType":"wastewater","sourceTags":{"natural":"water","water":"wastewater"},"sourceSurveyed":false},"geometry":{"type":"Polygon","coordinates":[[[127.0616578,37.5527661],[127.0616043,37.5527025],[127.0622455,37.5523635],[127.0622991,37.5524272],[127.0616578,37.5527661]]]}},{"type":"Feature","id":"way/971270672","properties":{"osmType":"way","osmId":971270672,"osmVersion":1,"osmTimestamp":"2021-08-08T05:07:51Z","sourceUrl":"https://www.openstreetmap.org/way/971270672","name":null,"waterType":"wastewater","sourceTags":{"natural":"water","water":"wastewater"},"sourceSurveyed":false},"geometry":{"type":"Polygon","coordinates":[[[127.0616021,37.5526981],[127.0615486,37.5526345],[127.0621898,37.5522956],[127.0622433,37.5523593],[127.0616021,37.5526981]]]}},{"type":"Feature","id":"way/971270673","properties":{"osmType":"way","osmId":971270673,"osmVersion":1,"osmTimestamp":"2021-08-08T05:07:51Z","sourceUrl":"https://www.openstreetmap.org/way/971270673","name":null,"waterType":"wastewater","sourceTags":{"natural":"water","water":"wastewater"},"sourceSurveyed":false},"geometry":{"type":"Polygon","coordinates":[[[127.0615362,37.5526209],[127.0614827,37.5525573],[127.0621239,37.5522184],[127.0621775,37.5522821],[127.0615362,37.5526209]]]}},{"type":"Feature","id":"way/971270674","properties":{"osmType":"way","osmId":971270674,"osmVersion":1,"osmTimestamp":"2021-08-08T05:07:51Z","sourceUrl":"https://www.openstreetmap.org/way/971270674","name":null,"waterType":"wastewater","sourceTags":{"natural":"water","water":"wastewater"},"sourceSurveyed":false},"geometry":{"type":"Polygon","coordinates":[[[127.0614805,37.552553],[127.061427,37.5524894],[127.0620682,37.5521504],[127.0621217,37.5522141],[127.0614805,37.552553]]]}},{"type":"Feature","id":"way/971270681","properties":{"osmType":"way","osmId":971270681,"osmVersion":1,"osmTimestamp":"2021-08-08T05:07:51Z","sourceUrl":"https://www.openstreetmap.org/way/971270681","name":null,"waterType":"wastewater","sourceTags":{"natural":"water","water":"wastewater"},"sourceSurveyed":false},"geometry":{"type":"Polygon","coordinates":[[[127.0591379,37.5549636],[127.05914,37.5550284],[127.0587207,37.5550369],[127.0587186,37.554972],[127.0591379,37.5549636]]]}},{"type":"Feature","id":"way/971270684","properties":{"osmType":"way","osmId":971270684,"osmVersion":1,"osmTimestamp":"2021-08-08T05:07:51Z","sourceUrl":"https://www.openstreetmap.org/way/971270684","name":null,"waterType":"wastewater","sourceTags":{"natural":"water","water":"wastewater"},"sourceSurveyed":false},"geometry":{"type":"Polygon","coordinates":[[[127.0591406,37.5550374],[127.0591427,37.5551023],[127.0587235,37.5551108],[127.0587214,37.5550459],[127.0591406,37.5550374]]]}},{"type":"Feature","id":"way/971270686","properties":{"osmType":"way","osmId":971270686,"osmVersion":1,"osmTimestamp":"2021-08-08T05:07:51Z","sourceUrl":"https://www.openstreetmap.org/way/971270686","name":null,"waterType":"wastewater","sourceTags":{"natural":"water","water":"wastewater"},"sourceSurveyed":false},"geometry":{"type":"Polygon","coordinates":[[[127.0591422,37.5551112],[127.0591443,37.555176],[127.058725,37.5551845],[127.058723,37.5551196],[127.0591422,37.5551112]]]}},{"type":"Feature","id":"way/971270688","properties":{"osmType":"way","osmId":971270688,"osmVersion":1,"osmTimestamp":"2021-08-08T05:07:51Z","sourceUrl":"https://www.openstreetmap.org/way/971270688","name":null,"waterType":"wastewater","sourceTags":{"natural":"water","water":"wastewater"},"sourceSurveyed":false},"geometry":{"type":"Polygon","coordinates":[[[127.0591514,37.5553327],[127.0591534,37.5553976],[127.0587342,37.5554061],[127.0587321,37.5553412],[127.0591514,37.5553327]]]}},{"type":"Feature","id":"way/971270690","properties":{"osmType":"way","osmId":971270690,"osmVersion":1,"osmTimestamp":"2021-08-08T05:07:51Z","sourceUrl":"https://www.openstreetmap.org/way/971270690","name":null,"waterType":"wastewater","sourceTags":{"natural":"water","water":"wastewater"},"sourceSurveyed":false},"geometry":{"type":"Polygon","coordinates":[[[127.0591498,37.555259],[127.0591519,37.5553238],[127.0587327,37.5553323],[127.0587306,37.5552674],[127.0591498,37.555259]]]}},{"type":"Feature","id":"way/971270691","properties":{"osmType":"way","osmId":971270691,"osmVersion":1,"osmTimestamp":"2021-08-08T05:07:51Z","sourceUrl":"https://www.openstreetmap.org/way/971270691","name":null,"waterType":"wastewater","sourceTags":{"natural":"water","water":"wastewater"},"sourceSurveyed":false},"geometry":{"type":"Polygon","coordinates":[[[127.059147,37.5551851],[127.0591491,37.55525],[127.0587299,37.5552584],[127.0587278,37.5551936],[127.059147,37.5551851]]]}},{"type":"Feature","id":"way/971270699","properties":{"osmType":"way","osmId":971270699,"osmVersion":1,"osmTimestamp":"2021-08-08T05:07:51Z","sourceUrl":"https://www.openstreetmap.org/way/971270699","name":null,"waterType":"wastewater","sourceTags":{"natural":"water","water":"wastewater"},"sourceSurveyed":false},"geometry":{"type":"Polygon","coordinates":[[[127.0625075,37.5537838],[127.062454,37.5537202],[127.0630951,37.5533813],[127.0631487,37.553445],[127.0625075,37.5537838]]]}},{"type":"Feature","id":"way/971270700","properties":{"osmType":"way","osmId":971270700,"osmVersion":1,"osmTimestamp":"2021-08-08T05:07:51Z","sourceUrl":"https://www.openstreetmap.org/way/971270700","name":null,"waterType":"wastewater","sourceTags":{"natural":"water","water":"wastewater"},"sourceSurveyed":false},"geometry":{"type":"Polygon","coordinates":[[[127.0624517,37.5537159],[127.0623982,37.5536523],[127.0630394,37.5533133],[127.063093,37.553377],[127.0624517,37.5537159]]]}},{"type":"Feature","id":"way/971270701","properties":{"osmType":"way","osmId":971270701,"osmVersion":1,"osmTimestamp":"2021-08-08T05:07:51Z","sourceUrl":"https://www.openstreetmap.org/way/971270701","name":null,"waterType":"wastewater","sourceTags":{"natural":"water","water":"wastewater"},"sourceSurveyed":false},"geometry":{"type":"Polygon","coordinates":[[[127.0623895,37.5536385],[127.062336,37.5535749],[127.0629772,37.553236],[127.0630308,37.5532997],[127.0623895,37.5536385]]]}},{"type":"Feature","id":"way/971270702","properties":{"osmType":"way","osmId":971270702,"osmVersion":1,"osmTimestamp":"2021-08-08T05:07:51Z","sourceUrl":"https://www.openstreetmap.org/way/971270702","name":null,"waterType":"wastewater","sourceTags":{"natural":"water","water":"wastewater"},"sourceSurveyed":false},"geometry":{"type":"Polygon","coordinates":[[[127.0623338,37.5535706],[127.0622803,37.553507],[127.0629215,37.553168],[127.062975,37.5532317],[127.0623338,37.5535706]]]}},{"type":"Feature","id":"way/971270703","properties":{"osmType":"way","osmId":971270703,"osmVersion":1,"osmTimestamp":"2021-08-08T05:07:51Z","sourceUrl":"https://www.openstreetmap.org/way/971270703","name":null,"waterType":"wastewater","sourceTags":{"natural":"water","water":"wastewater"},"sourceSurveyed":false},"geometry":{"type":"Polygon","coordinates":[[[127.0622704,37.5534951],[127.062217,37.5534315],[127.0628581,37.5530925],[127.0629117,37.5531562],[127.0622704,37.5534951]]]}},{"type":"Feature","id":"way/971270704","properties":{"osmType":"way","osmId":971270704,"osmVersion":1,"osmTimestamp":"2021-08-08T05:07:51Z","sourceUrl":"https://www.openstreetmap.org/way/971270704","name":null,"waterType":"wastewater","sourceTags":{"natural":"water","water":"wastewater"},"sourceSurveyed":false},"geometry":{"type":"Polygon","coordinates":[[[127.0622147,37.5534271],[127.0621612,37.5533635],[127.0628024,37.5530246],[127.062856,37.5530883],[127.0622147,37.5534271]]]}},{"type":"Feature","id":"way/971270705","properties":{"osmType":"way","osmId":971270705,"osmVersion":1,"osmTimestamp":"2021-08-08T05:07:51Z","sourceUrl":"https://www.openstreetmap.org/way/971270705","name":null,"waterType":"wastewater","sourceTags":{"natural":"water","water":"wastewater"},"sourceSurveyed":false},"geometry":{"type":"Polygon","coordinates":[[[127.0621488,37.5533499],[127.0620954,37.5532863],[127.0627365,37.5529474],[127.0627901,37.5530111],[127.0621488,37.5533499]]]}},{"type":"Feature","id":"way/971270706","properties":{"osmType":"way","osmId":971270706,"osmVersion":1,"osmTimestamp":"2021-08-08T05:07:51Z","sourceUrl":"https://www.openstreetmap.org/way/971270706","name":null,"waterType":"wastewater","sourceTags":{"natural":"water","water":"wastewater"},"sourceSurveyed":false},"geometry":{"type":"Polygon","coordinates":[[[127.0620931,37.553282],[127.0620396,37.5532184],[127.0626808,37.5528794],[127.0627344,37.5529431],[127.0620931,37.553282]]]}},{"type":"Feature","id":"way/971270722","properties":{"osmType":"way","osmId":971270722,"osmVersion":1,"osmTimestamp":"2021-08-08T05:07:51Z","sourceUrl":"https://www.openstreetmap.org/way/971270722","name":null,"waterType":"wastewater","sourceTags":{"natural":"water","water":"wastewater"},"sourceSurveyed":false},"geometry":{"type":"Polygon","coordinates":[[[127.0630288,37.5544124],[127.0629753,37.5543488],[127.0636165,37.5540099],[127.06367,37.5540736],[127.0630288,37.5544124]]]}},{"type":"Feature","id":"way/971270723","properties":{"osmType":"way","osmId":971270723,"osmVersion":1,"osmTimestamp":"2021-08-08T05:07:51Z","sourceUrl":"https://www.openstreetmap.org/way/971270723","name":null,"waterType":"wastewater","sourceTags":{"natural":"water","water":"wastewater"},"sourceSurveyed":false},"geometry":{"type":"Polygon","coordinates":[[[127.0629731,37.5543445],[127.0629196,37.5542809],[127.0635607,37.5539419],[127.0636143,37.5540057],[127.0629731,37.5543445]]]}},{"type":"Feature","id":"way/971270724","properties":{"osmType":"way","osmId":971270724,"osmVersion":1,"osmTimestamp":"2021-08-08T05:07:51Z","sourceUrl":"https://www.openstreetmap.org/way/971270724","name":null,"waterType":"wastewater","sourceTags":{"natural":"water","water":"wastewater"},"sourceSurveyed":false},"geometry":{"type":"Polygon","coordinates":[[[127.0629109,37.5542671],[127.0628574,37.5542035],[127.0634985,37.5538646],[127.0635521,37.5539283],[127.0629109,37.5542671]]]}},{"type":"Feature","id":"way/971270725","properties":{"osmType":"way","osmId":971270725,"osmVersion":1,"osmTimestamp":"2021-08-08T05:07:51Z","sourceUrl":"https://www.openstreetmap.org/way/971270725","name":null,"waterType":"wastewater","sourceTags":{"natural":"water","water":"wastewater"},"sourceSurveyed":false},"geometry":{"type":"Polygon","coordinates":[[[127.0628552,37.5541992],[127.0628017,37.5541356],[127.0634428,37.5537966],[127.0634964,37.5538603],[127.0628552,37.5541992]]]}},{"type":"Feature","id":"way/971270726","properties":{"osmType":"way","osmId":971270726,"osmVersion":1,"osmTimestamp":"2021-08-08T05:07:51Z","sourceUrl":"https://www.openstreetmap.org/way/971270726","name":null,"waterType":"wastewater","sourceTags":{"natural":"water","water":"wastewater"},"sourceSurveyed":false},"geometry":{"type":"Polygon","coordinates":[[[127.0627918,37.5541237],[127.0627383,37.5540601],[127.0633795,37.5537211],[127.063433,37.5537848],[127.0627918,37.5541237]]]}},{"type":"Feature","id":"way/971270727","properties":{"osmType":"way","osmId":971270727,"osmVersion":1,"osmTimestamp":"2021-08-08T05:07:51Z","sourceUrl":"https://www.openstreetmap.org/way/971270727","name":null,"waterType":"wastewater","sourceTags":{"natural":"water","water":"wastewater"},"sourceSurveyed":false},"geometry":{"type":"Polygon","coordinates":[[[127.0627361,37.5540557],[127.0626826,37.5539921],[127.0633237,37.5536532],[127.0633773,37.5537169],[127.0627361,37.5540557]]]}},{"type":"Feature","id":"way/971270728","properties":{"osmType":"way","osmId":971270728,"osmVersion":1,"osmTimestamp":"2021-08-08T05:07:51Z","sourceUrl":"https://www.openstreetmap.org/way/971270728","name":null,"waterType":"wastewater","sourceTags":{"natural":"water","water":"wastewater"},"sourceSurveyed":false},"geometry":{"type":"Polygon","coordinates":[[[127.0626702,37.5539785],[127.0626167,37.5539149],[127.0632579,37.553576],[127.0633114,37.5536397],[127.0626702,37.5539785]]]}},{"type":"Feature","id":"way/971270729","properties":{"osmType":"way","osmId":971270729,"osmVersion":1,"osmTimestamp":"2021-08-08T05:07:51Z","sourceUrl":"https://www.openstreetmap.org/way/971270729","name":null,"waterType":"wastewater","sourceTags":{"natural":"water","water":"wastewater"},"sourceSurveyed":false},"geometry":{"type":"Polygon","coordinates":[[[127.0626145,37.5539106],[127.062561,37.553847],[127.0632021,37.553508],[127.0632557,37.5535717],[127.0626145,37.5539106]]]}},{"type":"Feature","id":"way/971270731","properties":{"osmType":"way","osmId":971270731,"osmVersion":1,"osmTimestamp":"2021-08-08T05:07:51Z","sourceUrl":"https://www.openstreetmap.org/way/971270731","name":null,"waterType":"wastewater","sourceTags":{"natural":"water","water":"wastewater"},"sourceSurveyed":false},"geometry":{"type":"Polygon","coordinates":[[[127.0603118,37.5553759],[127.0598925,37.5553843],[127.0598905,37.5553195],[127.0603097,37.555311],[127.0603118,37.5553759]]]}},{"type":"Feature","id":"way/971270732","properties":{"osmType":"way","osmId":971270732,"osmVersion":1,"osmTimestamp":"2021-08-08T05:07:51Z","sourceUrl":"https://www.openstreetmap.org/way/971270732","name":null,"waterType":"wastewater","sourceTags":{"natural":"water","water":"wastewater"},"sourceSurveyed":false},"geometry":{"type":"Polygon","coordinates":[[[127.0603086,37.5553022],[127.0598893,37.5553106],[127.0598873,37.5552458],[127.0603065,37.5552373],[127.0603086,37.5553022]]]}},{"type":"Feature","id":"way/971270735","properties":{"osmType":"way","osmId":971270735,"osmVersion":1,"osmTimestamp":"2021-08-08T05:07:51Z","sourceUrl":"https://www.openstreetmap.org/way/971270735","name":null,"waterType":"wastewater","sourceTags":{"natural":"water","water":"wastewater"},"sourceSurveyed":false},"geometry":{"type":"Polygon","coordinates":[[[127.0603066,37.5552283],[127.0598874,37.5552367],[127.0598853,37.5551719],[127.0603045,37.5551634],[127.0603066,37.5552283]]]}},{"type":"Feature","id":"way/971270736","properties":{"osmType":"way","osmId":971270736,"osmVersion":1,"osmTimestamp":"2021-08-08T05:07:51Z","sourceUrl":"https://www.openstreetmap.org/way/971270736","name":null,"waterType":"wastewater","sourceTags":{"natural":"water","water":"wastewater"},"sourceSurveyed":false},"geometry":{"type":"Polygon","coordinates":[[[127.0603067,37.5551543],[127.0598875,37.5551627],[127.0598854,37.5550979],[127.0603046,37.5550894],[127.0603067,37.5551543]]]}},{"type":"Feature","id":"way/971270739","properties":{"osmType":"way","osmId":971270739,"osmVersion":1,"osmTimestamp":"2021-08-08T05:07:51Z","sourceUrl":"https://www.openstreetmap.org/way/971270739","name":null,"waterType":"wastewater","sourceTags":{"natural":"water","water":"wastewater"},"sourceSurveyed":false},"geometry":{"type":"Polygon","coordinates":[[[127.0603035,37.5550806],[127.0598843,37.555089],[127.0598822,37.5550241],[127.0603015,37.5550157],[127.0603035,37.5550806]]]}},{"type":"Feature","id":"way/971270740","properties":{"osmType":"way","osmId":971270740,"osmVersion":1,"osmTimestamp":"2021-08-08T05:07:51Z","sourceUrl":"https://www.openstreetmap.org/way/971270740","name":null,"waterType":"wastewater","sourceTags":{"natural":"water","water":"wastewater"},"sourceSurveyed":false},"geometry":{"type":"Polygon","coordinates":[[[127.0603016,37.5550067],[127.0598823,37.5550151],[127.0598803,37.5549503],[127.0602995,37.5549418],[127.0603016,37.5550067]]]}},{"type":"Feature","id":"way/1004876845","properties":{"osmType":"way","osmId":1004876845,"osmVersion":1,"osmTimestamp":"2021-11-21T09:59:39Z","sourceUrl":"https://www.openstreetmap.org/way/1004876845","name":null,"waterType":"unspecified","sourceTags":{"natural":"water"},"sourceSurveyed":false},"geometry":{"type":"Polygon","coordinates":[[[127.0728867,37.5013667],[127.072708,37.5013862],[127.0725724,37.5012151],[127.0720117,37.5013374],[127.0726957,37.5005992],[127.0729113,37.5007165],[127.0726525,37.5009365],[127.0728867,37.5013667]]]}},{"type":"Feature","id":"way/1004876846","properties":{"osmType":"way","osmId":1004876846,"osmVersion":1,"osmTimestamp":"2021-11-21T09:59:39Z","sourceUrl":"https://www.openstreetmap.org/way/1004876846","name":null,"waterType":"unspecified","sourceTags":{"natural":"water"},"sourceSurveyed":false},"geometry":{"type":"Polygon","coordinates":[[[127.0701298,37.5011682],[127.0700448,37.5012805],[127.0699104,37.5012609],[127.0700201,37.5010671],[127.0702041,37.5009969],[127.0704518,37.5009829],[127.0701298,37.5011682]]]}},{"type":"Feature","id":"way/1004877289","properties":{"osmType":"way","osmId":1004877289,"osmVersion":3,"osmTimestamp":"2025-08-05T08:40:57Z","sourceUrl":"https://www.openstreetmap.org/way/1004877289","name":null,"waterType":"basin","sourceTags":{"natural":"water","water":"basin"},"sourceSurveyed":false},"geometry":{"type":"Polygon","coordinates":[[[127.0712881,37.5009828],[127.0705838,37.5018504],[127.0690761,37.5013843],[127.0697414,37.5007834],[127.0703714,37.5005476],[127.0708772,37.500411],[127.0712421,37.5006259],[127.0712881,37.5009828]]]}},{"type":"Feature","id":"way/1005990060","properties":{"osmType":"way","osmId":1005990060,"osmVersion":1,"osmTimestamp":"2021-11-24T22:56:24Z","sourceUrl":"https://www.openstreetmap.org/way/1005990060","name":null,"waterType":"unspecified","sourceTags":{"natural":"water"},"sourceSurveyed":false},"geometry":{"type":"Polygon","coordinates":[[[126.7914836,37.5487256],[126.7914481,37.5486686],[126.7914256,37.5486023],[126.7914256,37.5485325],[126.7914557,37.5484781],[126.7914857,37.5484211],[126.791534,37.5483598],[126.7916209,37.5483071],[126.7916863,37.5482714],[126.7917475,37.5482739],[126.7917979,37.548285],[126.791829,37.5483063],[126.7918655,37.5483394],[126.7919309,37.5483905],[126.7919631,37.54841],[126.7920415,37.5484134],[126.7921112,37.5484024],[126.7922024,37.5483675],[126.7922528,37.5483275],[126.7923043,37.5482714],[126.7923848,37.5481974],[126.7924717,37.5481566],[126.7926015,37.5481013],[126.7927184,37.5480111],[126.7928257,37.5479669],[126.7928676,37.5479235],[126.7929008,37.5478963],[126.7929352,37.5478529],[126.7929534,37.5477882],[126.7929598,37.5477142],[126.7929727,37.5476598],[126.793007,37.5476292],[126.79305,37.547613],[126.7930897,37.5476011],[126.7931487,37.5476019],[126.7932227,37.5475892],[126.7933407,37.547505],[126.7933954,37.5474811],[126.7934738,37.5474803],[126.7935242,37.5474965],[126.7935478,37.5475296],[126.7935489,37.5475917],[126.7935134,37.5476598],[126.7934351,37.5477585],[126.7934072,37.5478086],[126.7933954,37.5478503],[126.7934062,37.5479124],[126.793418,37.5479558],[126.7934523,37.5479966],[126.7934587,37.5480511],[126.7934748,37.5481753],[126.7934716,37.5482935],[126.7934716,37.5483505],[126.7934051,37.5484636],[126.7933643,37.5485164],[126.7932721,37.548598],[126.7932463,37.5486389],[126.7931691,37.5486754],[126.7931133,37.5486797],[126.7930693,37.5486652],[126.7930403,37.548632],[126.7930231,37.5485904],[126.7930049,37.5485478],[126.7929963,37.5485113],[126.7930242,37.5484789],[126.7930231,37.5484041],[126.7929759,37.5483292],[126.7929137,37.5482731],[126.7928257,37.548234],[126.7926905,37.5482263],[126.7926165,37.5482484],[126.7925039,37.5483012],[126.7923912,37.5483718],[126.7922989,37.5484577],[126.792256,37.5485351],[126.7921638,37.548661],[126.7921219,37.5487231],[126.7920232,37.5487681],[126.7918687,37.5487869],[126.7917958,37.5487928],[126.79174,37.5487852],[126.7916627,37.5487852],[126.7916327,37.5487971],[126.7915844,37.5488005],[126.7915426,37.5487835],[126.79152,37.5487605],[126.7914836,37.5487256]]]}},{"type":"Feature","id":"way/1005990061","properties":{"osmType":"way","osmId":1005990061,"osmVersion":1,"osmTimestamp":"2021-11-24T22:56:24Z","sourceUrl":"https://www.openstreetmap.org/way/1005990061","name":null,"waterType":"unspecified","sourceTags":{"natural":"water"},"sourceSurveyed":false},"geometry":{"type":"Polygon","coordinates":[[[126.7906899,37.5472961],[126.790485,37.5471541],[126.7905457,37.5470422],[126.7906671,37.5469291],[126.7908643,37.5468305],[126.7909357,37.5468028],[126.7910783,37.546792],[126.7911951,37.5467631],[126.7914561,37.5466597],[126.7915623,37.5465971],[126.7916124,37.5465971],[126.7916473,37.5465767],[126.7916958,37.5465731],[126.7917869,37.5465959],[126.7918718,37.5466501],[126.7919538,37.5467307],[126.7919841,37.5468149],[126.791975,37.5468846],[126.7919386,37.5469267],[126.791884,37.5469592],[126.7918157,37.5469749],[126.7916412,37.5470374],[126.791491,37.5470603],[126.7913135,37.5470675],[126.7911405,37.5471072],[126.7910009,37.5471842],[126.7909432,37.5472997],[126.790875,37.5473959],[126.7908431,37.5474152],[126.7908067,37.5474127],[126.7907612,37.5473815],[126.7906899,37.5472961]]]}},{"type":"Feature","id":"way/1005990062","properties":{"osmType":"way","osmId":1005990062,"osmVersion":1,"osmTimestamp":"2021-11-24T22:56:24Z","sourceUrl":"https://www.openstreetmap.org/way/1005990062","name":null,"waterType":"unspecified","sourceTags":{"natural":"water"},"sourceSurveyed":false},"geometry":{"type":"Polygon","coordinates":[[[126.7852584,37.5514191],[126.7853449,37.551383],[126.7854253,37.551353],[126.7855102,37.5512868],[126.7857318,37.5510847],[126.7859169,37.5509584],[126.7860732,37.5508935],[126.7862446,37.5508694],[126.7863584,37.5509007],[126.786413,37.5509596],[126.7864373,37.5510162],[126.7864373,37.5510679],[126.7863933,37.5511256],[126.7862734,37.5512219],[126.7862264,37.55127],[126.7862249,37.5513157],[126.7862841,37.551442],[126.7862886,37.5515623],[126.7862674,37.5516525],[126.7861824,37.5517319],[126.7860625,37.5517932],[126.7859487,37.5518426],[126.7858547,37.551863],[126.7857758,37.5518546],[126.7857409,37.5518438],[126.7856954,37.5518029],[126.7856483,37.5517415],[126.7856392,37.5516441],[126.785621,37.5516092],[126.7855694,37.5516056],[126.7854966,37.5516224],[126.7853676,37.5516176],[126.7853251,37.5516176],[126.7852857,37.5515984],[126.7852371,37.5515551],[126.7852068,37.5515009],[126.7852174,37.551454],[126.7852584,37.5514191]]]}},{"type":"Feature","id":"way/1005990063","properties":{"osmType":"way","osmId":1005990063,"osmVersion":1,"osmTimestamp":"2021-11-24T22:56:24Z","sourceUrl":"https://www.openstreetmap.org/way/1005990063","name":null,"waterType":"unspecified","sourceTags":{"natural":"water"},"sourceSurveyed":false},"geometry":{"type":"Polygon","coordinates":[[[126.7951776,37.5444798],[126.7951433,37.5443768],[126.7954338,37.5443081],[126.7956684,37.5442408],[126.7957442,37.5442523],[126.7957857,37.5442852],[126.7957911,37.5445127],[126.7957839,37.5446758],[126.7957622,37.5447559],[126.7956666,37.5448932],[126.7955493,37.5449719],[126.7954573,37.5450663],[126.7953833,37.5451808],[126.7953256,37.545248],[126.7952408,37.5452838],[126.7951776,37.5452795],[126.7951289,37.545258],[126.7951055,37.5451965],[126.7950892,37.5450864],[126.7950946,37.5450105],[126.7952191,37.5448989],[126.7953112,37.5448288],[126.7953689,37.5447487],[126.7953815,37.5446972],[126.7953635,37.5446457],[126.7952408,37.5445384],[126.7951776,37.5444798]]]}},{"type":"Feature","id":"way/1005990064","properties":{"osmType":"way","osmId":1005990064,"osmVersion":1,"osmTimestamp":"2021-11-24T22:56:24Z","sourceUrl":"https://www.openstreetmap.org/way/1005990064","name":null,"waterType":"unspecified","sourceTags":{"natural":"water"},"sourceSurveyed":false},"geometry":{"type":"Polygon","coordinates":[[[126.7953451,37.5463367],[126.7952786,37.5462704],[126.7952657,37.5462138],[126.7952609,37.5461683],[126.7952641,37.5461475],[126.7952893,37.5461198],[126.7953333,37.5460777],[126.795388,37.5460428],[126.7954272,37.5460216],[126.7954636,37.546002],[126.795609,37.5458548],[126.7956321,37.5458387],[126.7956669,37.5458416],[126.7957066,37.545848],[126.7957474,37.5458642],[126.7957871,37.5458914],[126.7958134,37.5459246],[126.7958284,37.5459582],[126.795837,37.5459965],[126.795837,37.5460407],[126.7958359,37.5460854],[126.7958155,37.5461117],[126.7957935,37.5461874],[126.7957839,37.5462363],[126.7957748,37.5462551],[126.7957147,37.5462938],[126.79566,37.5463172],[126.7956364,37.5463444],[126.795623,37.546395],[126.7956213,37.5464507],[126.7955479,37.5464847],[126.7955033,37.5464988],[126.7954668,37.5464818],[126.795425,37.5464431],[126.7953998,37.5464001],[126.7953451,37.5463367]]]}},{"type":"Feature","id":"way/1005990065","properties":{"osmType":"way","osmId":1005990065,"osmVersion":1,"osmTimestamp":"2021-11-24T22:56:24Z","sourceUrl":"https://www.openstreetmap.org/way/1005990065","name":null,"waterType":"unspecified","sourceTags":{"natural":"water"},"sourceSurveyed":false},"geometry":{"type":"Polygon","coordinates":[[[126.7821619,37.5546649],[126.7822317,37.55463],[126.7823683,37.554636],[126.7825018,37.5546709],[126.7827173,37.5547876],[126.7827749,37.5548694],[126.7827962,37.5549403],[126.7828007,37.5550606],[126.7828129,37.5551232],[126.7828614,37.5552699],[126.7828478,37.5553397],[126.7828113,37.5554179],[126.7827218,37.5555201],[126.7826626,37.5555261],[126.7824897,37.5556031],[126.7822848,37.5556801],[126.7822075,37.5556825],[126.7820148,37.5556404],[126.7818555,37.5555826],[126.7818039,37.5555033],[126.7817978,37.5554311],[126.7817917,37.5552735],[126.781813,37.5552013],[126.7818782,37.5551244],[126.7819692,37.5550871],[126.7820087,37.5550341],[126.7820087,37.5549656],[126.782036,37.5548297],[126.7820785,37.554737],[126.7821619,37.5546649]]]}},{"type":"Feature","id":"way/1005990066","properties":{"osmType":"way","osmId":1005990066,"osmVersion":1,"osmTimestamp":"2021-11-24T22:56:24Z","sourceUrl":"https://www.openstreetmap.org/way/1005990066","name":null,"waterType":"unspecified","sourceTags":{"natural":"water"},"sourceSurveyed":false},"geometry":{"type":"Polygon","coordinates":[[[126.781144,37.5560322],[126.7811764,37.5559664],[126.7812233,37.5558935],[126.7812901,37.5558763],[126.7813875,37.5558677],[126.7815157,37.5558706],[126.7816618,37.5559006],[126.7817556,37.5559235],[126.7818946,37.5558906],[126.7820732,37.5558734],[126.7821652,37.5558806],[126.7822356,37.555862],[126.7823384,37.5558763],[126.7824395,37.5559264],[126.7824702,37.5559864],[126.7824702,37.5560794],[126.7824196,37.556201],[126.7823836,37.5563455],[126.7823493,37.5564127],[126.7822139,37.5564642],[126.7821454,37.5564613],[126.7820497,37.5564184],[126.7819451,37.5563526],[126.781835,37.5562925],[126.7817376,37.5562554],[126.7814561,37.5562039],[126.7812667,37.5561238],[126.7811476,37.5560751],[126.781144,37.5560322]]]}},{"type":"Feature","id":"way/1005990067","properties":{"osmType":"way","osmId":1005990067,"osmVersion":1,"osmTimestamp":"2021-11-24T22:56:24Z","sourceUrl":"https://www.openstreetmap.org/way/1005990067","name":null,"waterType":"unspecified","sourceTags":{"natural":"water"},"sourceSurveyed":false},"geometry":{"type":"Polygon","coordinates":[[[126.8018638,37.5429186],[126.8020741,37.5427893],[126.8021438,37.5428089],[126.8021824,37.542831],[126.8022146,37.5428659],[126.8022168,37.5429127],[126.8020923,37.5432112],[126.8020698,37.5432946],[126.8020236,37.5433567],[126.8019314,37.5433865],[126.8017898,37.5433975],[126.8017313,37.5433763],[126.8016857,37.5433414],[126.8016363,37.5432657],[126.8016363,37.543156],[126.8016717,37.5430726],[126.8017147,37.5430105],[126.8018638,37.5429186]]]}},{"type":"Feature","id":"way/1005990068","properties":{"osmType":"way","osmId":1005990068,"osmVersion":1,"osmTimestamp":"2021-11-24T22:56:24Z","sourceUrl":"https://www.openstreetmap.org/way/1005990068","name":null,"waterType":"unspecified","sourceTags":{"natural":"water"},"sourceSurveyed":false},"geometry":{"type":"Polygon","coordinates":[[[126.8023581,37.5397899],[126.8024248,37.5397313],[126.8024753,37.5397284],[126.8025872,37.5397327],[126.8027731,37.5397928],[126.8030509,37.5399044],[126.8031231,37.539953],[126.8031682,37.5400017],[126.8032602,37.5401891],[126.8033324,37.5403393],[126.8033126,37.5404166],[126.8032494,37.540471],[126.8031267,37.5404795],[126.802986,37.5404381],[126.8028705,37.5403866],[126.8028272,37.5403436],[126.8027153,37.5402821],[126.8026666,37.5402478],[126.8024735,37.5401805],[126.8024266,37.5401476],[126.8023617,37.5400546],[126.8023346,37.5398586],[126.8023581,37.5397899]]]}},{"type":"Feature","id":"way/1005990071","properties":{"osmType":"way","osmId":1005990071,"osmVersion":1,"osmTimestamp":"2021-11-24T22:56:24Z","sourceUrl":"https://www.openstreetmap.org/way/1005990071","name":null,"waterType":"unspecified","sourceTags":{"natural":"water"},"sourceSurveyed":false},"geometry":{"type":"Polygon","coordinates":[[[126.8036985,37.5414898],[126.8037478,37.5414737],[126.8040107,37.5415272],[126.8041555,37.5415434],[126.8042639,37.5415715],[126.8043025,37.5415911],[126.8042821,37.5416838],[126.8042188,37.5417918],[126.8041941,37.5418284],[126.8041501,37.5418531],[126.8040895,37.5418573],[126.8040439,37.5418463],[126.8039409,37.5418326],[126.8038229,37.5418284],[126.8037317,37.5417927],[126.8036759,37.5417374],[126.8036598,37.5416523],[126.8036512,37.541557],[126.8036631,37.5415136],[126.8036985,37.5414898]]]}},{"type":"Feature","id":"way/1012565484","properties":{"osmType":"way","osmId":1012565484,"osmVersion":2,"osmTimestamp":"2026-09-06T05:35:51Z","sourceUrl":"https://www.openstreetmap.org/way/1012565484","name":"상지2","waterType":"pond","sourceTags":{"name":"상지2","name:en":"SangJi-2 Pond","natural":"water","water":"pond"},"sourceSurveyed":false},"geometry":{"type":"Polygon","coordinates":[[[126.9992534,37.5972344],[126.999231,37.597273],[126.9991842,37.5972376],[126.99917,37.597207],[126.9991273,37.5971877],[126.9990562,37.5972102],[126.9990449,37.5972178],[126.9989911,37.5971651],[126.9989891,37.5971329],[126.9990231,37.5970861],[126.9990843,37.5970805],[126.9991781,37.597072],[126.9992578,37.5970647],[126.9992635,37.5971007],[126.9992391,37.59712],[126.9992391,37.597141],[126.9992534,37.5971828],[126.9992534,37.5972344]]]}},{"type":"Feature","id":"way/1012565486","properties":{"osmType":"way","osmId":1012565486,"osmVersion":2,"osmTimestamp":"2026-09-06T05:35:51Z","sourceUrl":"https://www.openstreetmap.org/way/1012565486","name":"영벽지","waterType":"pond","sourceTags":{"name":"영벽지","name:en":"Yeongbyeok-ji Pond","name:ko":"영벽지","natural":"water","water":"pond"},"sourceSurveyed":false},"geometry":{"type":"Polygon","coordinates":[[[126.9992564,37.596996],[126.9990909,37.597011],[126.9991155,37.5969509],[126.9990926,37.5968192],[126.9990759,37.5967589],[126.9990468,37.5967111],[126.9990688,37.5966748],[126.9991296,37.5966212],[126.9992037,37.5965657],[126.9991863,37.5965052],[126.9991778,37.5964797],[126.9991831,37.5964138],[126.9991805,37.5963373],[126.9991644,37.5962757],[126.9991349,37.5962225],[126.9991563,37.5961673],[126.9992177,37.5960851],[126.9992346,37.5961042],[126.9992421,37.5961127],[126.9991965,37.5961885],[126.9992046,37.5962417],[126.9992411,37.5963118],[126.999226,37.5964266],[126.9992328,37.5965551],[126.9992344,37.5965868],[126.9993068,37.5966186],[126.999333,37.5966393],[126.9993391,37.5966747],[126.9992791,37.5967382],[126.9992359,37.5967699],[126.9991913,37.5967931],[126.9991527,37.5968077],[126.9991466,37.5968639],[126.9991543,37.5969188],[126.9991697,37.5969506],[126.9992564,37.596996]]]}},{"type":"Feature","id":"way/1012565488","properties":{"osmType":"way","osmId":1012565488,"osmVersion":1,"osmTimestamp":"2021-12-15T19:24:34Z","sourceUrl":"https://www.openstreetmap.org/way/1012565488","name":"상지-1 上池-二 Sang-Ji 2 Pond","waterType":"pond","sourceTags":{"name":"상지-1 上池-二 Sang-Ji 2 Pond","natural":"water","water":"pond"},"sourceSurveyed":false},"geometry":{"type":"Polygon","coordinates":[[[126.9996743,37.5982552],[126.9996397,37.5983003],[126.9995422,37.598347],[126.9994507,37.5983486],[126.9993633,37.5983293],[126.9993084,37.5983389],[126.9993653,37.5982181],[126.9994141,37.5981827],[126.999408,37.5981408],[126.9993978,37.598107],[126.99941,37.5980845],[126.9994832,37.5981054],[126.9996214,37.5981376],[126.9996723,37.5981763],[126.9996845,37.5982214],[126.9996743,37.5982552]]]}},{"type":"Feature","id":"way/1017530653","properties":{"osmType":"way","osmId":1017530653,"osmVersion":2,"osmTimestamp":"2022-01-02T09:35:53Z","sourceUrl":"https://www.openstreetmap.org/way/1017530653","name":"물이 고여있는 연못(건물뒤편)","waterType":"pond","sourceTags":{"name":"물이 고여있는 연못(건물뒤편)","natural":"water","water":"pond"},"sourceSurveyed":false},"geometry":{"type":"Polygon","coordinates":[[[126.9192922,37.4511021],[126.9192524,37.4511013],[126.9192581,37.4509832],[126.9192972,37.4509837],[126.9192922,37.4511021]]]}},{"type":"Feature","id":"way/1018445575","properties":{"osmType":"way","osmId":1018445575,"osmVersion":1,"osmTimestamp":"2022-01-05T06:10:47Z","sourceUrl":"https://www.openstreetmap.org/way/1018445575","name":null,"waterType":"river","sourceTags":{"natural":"water","water":"river"},"sourceSurveyed":false},"geometry":{"type":"Polygon","coordinates":[[[127.1332955,37.4683509],[127.1330053,37.4682846],[127.1330931,37.4682646],[127.1331532,37.4682231],[127.133489,37.4676704],[127.1336924,37.4673549],[127.1340313,37.4668976],[127.1341545,37.4667595],[127.1344395,37.46651],[127.1348801,37.4662227],[127.1352067,37.466065],[127.1356534,37.465884],[127.1357027,37.4659696],[127.1350018,37.4662826],[127.1347507,37.466422],[127.1345304,37.4665761],[127.13423,37.4668267],[127.1341114,37.4669466],[127.1337802,37.4673794],[127.1332903,37.4681949],[127.1332703,37.4682732],[127.1332718,37.4683221],[127.1332955,37.4683509]]]}},{"type":"Feature","id":"way/1018931318","properties":{"osmType":"way","osmId":1018931318,"osmVersion":1,"osmTimestamp":"2022-01-07T01:14:04Z","sourceUrl":"https://www.openstreetmap.org/way/1018931318","name":null,"waterType":"pond","sourceTags":{"natural":"water","water":"pond"},"sourceSurveyed":false},"geometry":{"type":"Polygon","coordinates":[[[126.8903357,37.6765221],[126.8902219,37.6766798],[126.8899475,37.6765254],[126.8900288,37.6763854],[126.8902849,37.6764047],[126.8903357,37.6765221]]]}},{"type":"Feature","id":"way/1024426521","properties":{"osmType":"way","osmId":1024426521,"osmVersion":1,"osmTimestamp":"2022-01-25T05:18:45Z","sourceUrl":"https://www.openstreetmap.org/way/1024426521","name":"분수연못","waterType":"pond","sourceTags":{"name":"분수연못","natural":"water","water":"pond"},"sourceSurveyed":false},"geometry":{"type":"Polygon","coordinates":[[[127.1102087,37.6060094],[127.110101,37.6059917],[127.1100664,37.6059675],[127.1100319,37.6059402],[127.1099973,37.6059128],[127.1099973,37.6058838],[127.1099973,37.6058596],[127.1100115,37.605829],[127.1100542,37.605821],[127.110101,37.6058097],[127.1101518,37.6058065],[127.1102311,37.605821],[127.1102717,37.6058355],[127.1103205,37.6058467],[127.110349,37.6058725],[127.1103652,37.6059015],[127.1103591,37.6059337],[127.1103591,37.6059675],[127.1103266,37.6059869],[127.1102717,37.6059997],[127.1102087,37.6060094]]]}},{"type":"Feature","id":"way/1024426527","properties":{"osmType":"way","osmId":1024426527,"osmVersion":2,"osmTimestamp":"2022-10-02T19:25:26Z","sourceUrl":"https://www.openstreetmap.org/way/1024426527","name":null,"waterType":"pond","sourceTags":{"natural":"water","water":"pond"},"sourceSurveyed":false},"geometry":{"type":"Polygon","coordinates":[[[127.1097005,37.6059909],[127.1096924,37.6059707],[127.1096833,37.6059434],[127.1096792,37.605916],[127.1097015,37.6058967],[127.1097422,37.6058886],[127.1097696,37.6058934],[127.1097869,37.6059087],[127.1097951,37.6059265],[127.1097859,37.6059522],[127.1097412,37.6059844],[127.1097005,37.6059909]]]}},{"type":"Feature","id":"way/1024426542","properties":{"osmType":"way","osmId":1024426542,"osmVersion":1,"osmTimestamp":"2022-01-25T05:18:45Z","sourceUrl":"https://www.openstreetmap.org/way/1024426542","name":"테라스연못","waterType":"pond","sourceTags":{"name":"테라스연못","natural":"water","water":"pond"},"sourceSurveyed":false},"geometry":{"type":"Polygon","coordinates":[[[127.1103548,37.6049294],[127.1103528,37.6049358],[127.1102776,37.6049616],[127.1102074,37.604964],[127.1101566,37.6049584],[127.110119,37.6049439],[127.1100702,37.6049197],[127.1100347,37.6048939],[127.1100092,37.6048609],[127.1099869,37.6048199],[127.1099777,37.6047957],[127.1099635,37.6047699],[127.1099564,37.6046943],[127.1099666,37.6046564],[127.1099899,37.6046323],[127.1100072,37.6046089],[127.1100509,37.6046008],[127.1100794,37.6046073],[127.1100814,37.604662],[127.1100946,37.6046951],[127.1101292,37.6047128],[127.1101312,37.6047337],[127.11012,37.604749],[127.1101444,37.6047788],[127.1101739,37.6047788],[127.1102013,37.6047885],[127.1102328,37.6048166],[127.1102095,37.6048392],[127.1102308,37.6048456],[127.1102562,37.6048505],[127.1103507,37.6048392],[127.1103762,37.6048545],[127.1104097,37.6048633],[127.1104158,37.6048762],[127.110431,37.6048988],[127.1104158,37.6049189],[127.1103863,37.6049157],[127.1103721,37.6049141],[127.1103599,37.6049213],[127.1103548,37.6049294]]]}},{"type":"Feature","id":"way/1029933651","properties":{"osmType":"way","osmId":1029933651,"osmVersion":1,"osmTimestamp":"2022-02-10T05:43:53Z","sourceUrl":"https://www.openstreetmap.org/way/1029933651","name":null,"waterType":"pond","sourceTags":{"natural":"water","water":"pond"},"sourceSurveyed":false},"geometry":{"type":"Polygon","coordinates":[[[127.1563809,37.4856031],[127.1563526,37.4856045],[127.1563146,37.4855659],[127.1563102,37.4855448],[127.1563084,37.4855196],[127.1562872,37.4855076],[127.1562695,37.4854999],[127.1562571,37.4854866],[127.1562571,37.4854704],[127.1562491,37.4854498],[127.1562288,37.4854353],[127.1562049,37.4854262],[127.156181,37.485422],[127.1561881,37.4854128],[127.1562102,37.4854135],[127.1562535,37.485422],[127.1562734,37.4854448],[127.1563004,37.4854634],[127.1563243,37.4854641],[127.1563464,37.4854592],[127.1563686,37.4854634],[127.156388,37.4854704],[127.1563978,37.4854908],[127.1563907,37.4855146],[127.1564066,37.4855392],[127.1564146,37.485561],[127.1564084,37.4855898],[127.1563809,37.4856031]]]}},{"type":"Feature","id":"way/1041755531","properties":{"osmType":"way","osmId":1041755531,"osmVersion":1,"osmTimestamp":"2022-03-19T20:05:53Z","sourceUrl":"https://www.openstreetmap.org/way/1041755531","name":null,"waterType":"unspecified","sourceTags":{"natural":"water"},"sourceSurveyed":false},"geometry":{"type":"Polygon","coordinates":[[[127.1295349,37.452486],[127.1295108,37.4524562],[127.1295322,37.4524312],[127.129549,37.4523982],[127.1295651,37.4523732],[127.1295926,37.4523625],[127.1296261,37.4523609],[127.1296616,37.452371],[127.1297736,37.4524711],[127.1297756,37.4524892],[127.1297642,37.4525036],[127.1297441,37.45251],[127.1295946,37.4524786],[127.1295476,37.4524818],[127.1295349,37.452486]]]}},{"type":"Feature","id":"way/1041755532","properties":{"osmType":"way","osmId":1041755532,"osmVersion":1,"osmTimestamp":"2022-03-19T20:05:53Z","sourceUrl":"https://www.openstreetmap.org/way/1041755532","name":null,"waterType":"unspecified","sourceTags":{"natural":"water"},"sourceSurveyed":false},"geometry":{"type":"Polygon","coordinates":[[[127.1294417,37.4524796],[127.1294752,37.4524754],[127.129502,37.4525062],[127.1294732,37.4525201],[127.1294611,37.4525414],[127.1293512,37.4525212],[127.1293706,37.4525004],[127.1294082,37.4524834],[127.1294417,37.4524796]]]}},{"type":"Feature","id":"way/1044585929","properties":{"osmType":"way","osmId":1044585929,"osmVersion":2,"osmTimestamp":"2022-11-26T12:45:51Z","sourceUrl":"https://www.openstreetmap.org/way/1044585929","name":null,"waterType":"pond","sourceTags":{"natural":"water","water":"pond"},"sourceSurveyed":false},"geometry":{"type":"Polygon","coordinates":[[[126.8413377,37.4757806],[126.8413089,37.4758532],[126.8412542,37.4758465],[126.8412038,37.4758236],[126.8411672,37.4757848],[126.8411555,37.4757388],[126.8411434,37.4755409],[126.8410113,37.4753215],[126.8410072,37.4752538],[126.8410111,37.4751913],[126.8410454,37.4751545],[126.8411087,37.4751275],[126.8414524,37.4750957],[126.8414808,37.4751409],[126.8415377,37.4751909],[126.8417166,37.4751973],[126.8420256,37.4751812],[126.8420703,37.4751973],[126.8420967,37.4752296],[126.8421313,37.4754216],[126.8421964,37.4755184],[126.842296,37.4755684],[126.8423183,37.4755893],[126.8423264,37.4756506],[126.8422899,37.4756748],[126.8421171,37.4756523],[126.8420541,37.4756619],[126.841991,37.4756523],[126.8419606,37.4756232],[126.8419158,37.4756055],[126.8418609,37.4756103],[126.8418244,37.4756668],[126.8418061,37.4757329],[126.8417654,37.4758152],[126.841739,37.4758458],[126.8417004,37.4758475],[126.8416678,37.4758039],[126.8416231,37.4757732],[126.8415703,37.4757313],[126.841491,37.4756022],[126.841306,37.4756313],[126.8413377,37.4757806]]]}},{"type":"Feature","id":"way/1049307437","properties":{"osmType":"way","osmId":1049307437,"osmVersion":1,"osmTimestamp":"2022-04-05T12:34:26Z","sourceUrl":"https://www.openstreetmap.org/way/1049307437","name":null,"waterType":"river","sourceTags":{"natural":"water","water":"river"},"sourceSurveyed":false},"geometry":{"type":"Polygon","coordinates":[[[127.056018,37.5622112],[127.0558605,37.562315],[127.0557267,37.5620198],[127.0559762,37.5619447],[127.0560952,37.5621963],[127.0560551,37.5622224],[127.056018,37.5622112]]]}},{"type":"Feature","id":"way/1049307438","properties":{"osmType":"way","osmId":1049307438,"osmVersion":1,"osmTimestamp":"2022-04-05T12:34:26Z","sourceUrl":"https://www.openstreetmap.org/way/1049307438","name":null,"waterType":"river","sourceTags":{"natural":"water","water":"river"},"sourceSurveyed":false},"geometry":{"type":"Polygon","coordinates":[[[127.0558842,37.5619363],[127.055824,37.5619545],[127.0558161,37.5619342],[127.0558205,37.5619153],[127.0558046,37.5618984],[127.0557762,37.5618381],[127.0557807,37.5618276],[127.0557638,37.5618164],[127.0557276,37.5617322],[127.0556656,37.5616158],[127.0555842,37.5614825],[127.0555612,37.5614334],[127.0555347,37.5613584],[127.0554984,37.5612728],[127.0554338,37.5611297],[127.0553798,37.5610266],[127.0553613,37.5609733],[127.0553604,37.5609459],[127.055302,37.5608211],[127.0551445,37.5605293],[127.055084,37.5604366],[127.0551536,37.5604145],[127.0552073,37.5605062],[127.0552807,37.5606205],[127.0553692,37.5607734],[127.0554595,37.5609957],[127.0555135,37.5611444],[127.0555506,37.561197],[127.0556373,37.5614383],[127.055755,37.5616389],[127.0558842,37.5619363]]]}},{"type":"Feature","id":"way/1049307439","properties":{"osmType":"way","osmId":1049307439,"osmVersion":1,"osmTimestamp":"2022-04-05T12:34:26Z","sourceUrl":"https://www.openstreetmap.org/way/1049307439","name":null,"waterType":"river","sourceTags":{"natural":"water","water":"river"},"sourceSurveyed":false},"geometry":{"type":"Polygon","coordinates":[[[127.0551636,37.560413],[127.055084,37.5604366],[127.0548377,37.5599005],[127.0548149,37.5598304],[127.0547492,37.5597666],[127.0547291,37.5596454],[127.0547264,37.559605],[127.0547264,37.5595582],[127.0547157,37.559504],[127.0546835,37.5594551],[127.0546862,37.5594328],[127.0546727,37.5594051],[127.054662,37.5593711],[127.0546365,37.5593233],[127.0545963,37.5592393],[127.0545708,37.5591617],[127.0545681,37.5591362],[127.0545534,37.5591149],[127.0545708,37.5590915],[127.054544,37.5590192],[127.0545641,37.5590118],[127.0545936,37.559033],[127.0546097,37.559032],[127.0546218,37.5590394],[127.0546111,37.5590639],[127.0546191,37.5591],[127.0547706,37.5594827],[127.0547546,37.5595614],[127.0547492,37.5596613],[127.0547572,37.5597389],[127.0549235,37.559874],[127.0549557,37.5599409],[127.0550536,37.5601706],[127.0551636,37.560413]]]}},{"type":"Feature","id":"way/1052189091","properties":{"osmType":"way","osmId":1052189091,"osmVersion":2,"osmTimestamp":"2026-04-19T07:05:09Z","sourceUrl":"https://www.openstreetmap.org/way/1052189091","name":null,"waterType":"pond","sourceTags":{"natural":"water","water":"pond"},"sourceSurveyed":false},"geometry":{"type":"Polygon","coordinates":[[[126.9399612,37.5664338],[126.939925,37.5664318],[126.93992,37.5664108],[126.9399452,37.5664054],[126.939986,37.5664046],[126.9399901,37.5663847],[126.9399925,37.5663732],[126.94001,37.5663769],[126.9400233,37.5663867],[126.9400225,37.5664109],[126.9400175,37.5664338],[126.9399955,37.5664338],[126.9399612,37.5664338]]]}},{"type":"Feature","id":"way/1061424900","properties":{"osmType":"way","osmId":1061424900,"osmVersion":1,"osmTimestamp":"2022-05-18T14:26:43Z","sourceUrl":"https://www.openstreetmap.org/way/1061424900","name":null,"waterType":"pond","sourceTags":{"natural":"water","water":"pond"},"sourceSurveyed":false},"geometry":{"type":"Polygon","coordinates":[[[127.0617262,37.586738],[127.0616846,37.5867369],[127.0616786,37.586713],[127.0616799,37.5866865],[127.0616886,37.5866604],[127.0617041,37.5866434],[127.0617269,37.5866344],[127.0617651,37.5866328],[127.0617919,37.5866408],[127.0618187,37.5866493],[127.0618362,37.5866535],[127.0618268,37.5866955],[127.0617973,37.5866939],[127.0617765,37.5866955],[127.061751,37.5867008],[127.0617423,37.5867088],[127.0617356,37.5867205],[127.0617262,37.586738]]]}},{"type":"Feature","id":"way/1063476797","properties":{"osmType":"way","osmId":1063476797,"osmVersion":2,"osmTimestamp":"2022-05-26T06:38:48Z","sourceUrl":"https://www.openstreetmap.org/way/1063476797","name":"장지천","waterType":"lake","sourceTags":{"name":"장지천","natural":"water","water":"lake"},"sourceSurveyed":false},"geometry":{"type":"Polygon","coordinates":[[[127.1453404,37.4827865],[127.145216,37.4827954],[127.1450925,37.4828121],[127.1450096,37.4828345],[127.1448634,37.4829193],[127.1447417,37.4830108],[127.1446598,37.483126],[127.1445991,37.4832072],[127.1445342,37.4832312],[127.1444229,37.4832075],[127.1442438,37.4831383],[127.1441338,37.4831188],[127.1440392,37.4831274],[127.1439738,37.4831593],[127.1439369,37.4831994],[127.1438891,37.4832397],[127.1438275,37.4832833],[127.1437654,37.4833182],[127.143696,37.4833279],[127.1436295,37.4833262],[127.1435592,37.4832839],[127.1434989,37.4832161],[127.1433859,37.4831156],[127.1432495,37.483059],[127.1431046,37.4829491],[127.1429727,37.4828826],[127.142733,37.4828339],[127.1425276,37.4828074],[127.1423838,37.4828114],[127.1422836,37.4827911],[127.1421527,37.482734],[127.1420628,37.482626],[127.1420782,37.4825567],[127.1422579,37.4822735],[127.1423478,37.4822185],[127.142543,37.4821492],[127.1427715,37.4821084],[127.1429615,37.4821064],[127.143116,37.4821535],[127.1432183,37.4821319],[127.1434427,37.4820815],[127.1435475,37.4820185],[127.1436266,37.4819413],[127.1437884,37.4818924],[127.1439527,37.4818761],[127.1441196,37.4818761],[127.1442763,37.4819189],[127.144456,37.4820025],[127.1445844,37.4821309],[127.1448104,37.4822979],[127.1450672,37.4823774],[127.1453137,37.4823774],[127.1454729,37.4823326],[127.1457169,37.482245],[127.1459326,37.4822022],[127.1461072,37.482194],[127.1462972,37.4822205],[127.1464949,37.4822755],[127.146631,37.4823713],[127.1467414,37.4824508],[127.1468878,37.482571],[127.1470059,37.4826586],[127.1471266,37.4827238],[127.1473786,37.4827786],[127.147653,37.4828687],[127.1478388,37.4829354],[127.1479391,37.4829576],[127.1480246,37.4829705],[127.1481338,37.4831004],[127.1479538,37.4830536],[127.1477591,37.4829881],[127.1475969,37.4829249],[127.1473742,37.4828605],[127.1472489,37.4828383],[127.1467754,37.482843],[127.1465409,37.4828851],[127.1464288,37.4829307],[127.1463212,37.4829647],[127.1461398,37.4829565],[127.1458758,37.4829237],[127.145513,37.4827809],[127.1453404,37.4827865]]]}},{"type":"Feature","id":"way/1068851190","properties":{"osmType":"way","osmId":1068851190,"osmVersion":1,"osmTimestamp":"2022-06-11T18:39:18Z","sourceUrl":"https://www.openstreetmap.org/way/1068851190","name":null,"waterType":"pond","sourceTags":{"natural":"water","water":"pond"},"sourceSurveyed":false},"geometry":{"type":"Polygon","coordinates":[[[127.1028831,37.5980713],[127.1028757,37.5980649],[127.102871,37.5980298],[127.1028731,37.5980139],[127.1028771,37.5979942],[127.1028885,37.5979841],[127.1029079,37.5979809],[127.1029193,37.5979847],[127.1029267,37.5979942],[127.102928,37.5980107],[127.102928,37.5980325],[127.1029247,37.5980532],[127.1029066,37.5980728],[127.1028952,37.5980898],[127.1028865,37.5980893],[127.1028851,37.5980803],[127.1028831,37.5980713]]]}},{"type":"Feature","id":"way/1075472445","properties":{"osmType":"way","osmId":1075472445,"osmVersion":1,"osmTimestamp":"2022-07-03T08:02:53Z","sourceUrl":"https://www.openstreetmap.org/way/1075472445","name":null,"waterType":"unspecified","sourceTags":{"natural":"water"},"sourceSurveyed":false},"geometry":{"type":"Polygon","coordinates":[[[127.0367135,37.5421689],[127.0367675,37.5421556],[127.036824,37.5421572],[127.0368766,37.5421735],[127.0369185,37.5422016],[127.0369468,37.5422388],[127.0369586,37.5422814],[127.0369526,37.5423246],[127.0369294,37.5423641],[127.0368916,37.5423956],[127.0368429,37.5424158],[127.0367887,37.5424225],[127.0367346,37.5424152],[127.0366863,37.5423945],[127.0366481,37.5423616],[127.0366256,37.5423204],[127.0366215,37.5422758],[127.0366362,37.5422325],[127.0366681,37.5421955],[127.0367135,37.5421689]]]}},{"type":"Feature","id":"way/1075472446","properties":{"osmType":"way","osmId":1075472446,"osmVersion":1,"osmTimestamp":"2022-07-03T08:02:53Z","sourceUrl":"https://www.openstreetmap.org/way/1075472446","name":null,"waterType":"unspecified","sourceTags":{"natural":"water"},"sourceSurveyed":false},"geometry":{"type":"Polygon","coordinates":[[[127.0370701,37.5420332],[127.0371241,37.5420199],[127.0371805,37.5420215],[127.0372332,37.5420377],[127.0372751,37.5420659],[127.0373034,37.5421031],[127.0373152,37.5421456],[127.0373092,37.5421889],[127.037286,37.5422284],[127.0372481,37.5422598],[127.0371995,37.54228],[127.0371453,37.5422868],[127.0370912,37.5422795],[127.0370429,37.5422588],[127.0370046,37.5422258],[127.0369822,37.5421847],[127.0369781,37.54214],[127.0369928,37.5420968],[127.0370246,37.5420598],[127.0370701,37.5420332]]]}},{"type":"Feature","id":"way/1075472447","properties":{"osmType":"way","osmId":1075472447,"osmVersion":1,"osmTimestamp":"2022-07-03T08:02:53Z","sourceUrl":"https://www.openstreetmap.org/way/1075472447","name":null,"waterType":"unspecified","sourceTags":{"natural":"water"},"sourceSurveyed":false},"geometry":{"type":"Polygon","coordinates":[[[127.0368571,37.5430492],[127.0369153,37.5430324],[127.0369771,37.5430308],[127.0370365,37.5430446],[127.0370918,37.5430756],[127.0371305,37.5431196],[127.0371481,37.5431715],[127.0371423,37.543225],[127.037114,37.5432738],[127.0370665,37.5433121],[127.0370054,37.5433352],[127.036938,37.5433406],[127.0368723,37.5433275],[127.0368205,37.5433006],[127.0367818,37.5432624],[127.0367601,37.5432165],[127.0367574,37.5431674],[127.0367741,37.5431202],[127.0368085,37.5430794],[127.0368571,37.5430492]]]}},{"type":"Feature","id":"way/1075472448","properties":{"osmType":"way","osmId":1075472448,"osmVersion":1,"osmTimestamp":"2022-07-03T08:02:53Z","sourceUrl":"https://www.openstreetmap.org/way/1075472448","name":null,"waterType":"unspecified","sourceTags":{"natural":"water"},"sourceSurveyed":false},"geometry":{"type":"Polygon","coordinates":[[[127.037251,37.5428966],[127.0373092,37.5428798],[127.037371,37.5428782],[127.0374304,37.542892],[127.0374857,37.542923],[127.0375244,37.5429671],[127.0375419,37.5430189],[127.0375362,37.5430724],[127.0375079,37.5431212],[127.0374604,37.5431595],[127.0373993,37.5431827],[127.0373319,37.543188],[127.0372662,37.5431749],[127.0372144,37.5431481],[127.0371757,37.5431098],[127.0371539,37.5430639],[127.0371513,37.5430149],[127.0371679,37.5429676],[127.0372023,37.5429269],[127.037251,37.5428966]]]}},{"type":"Feature","id":"way/1076257739","properties":{"osmType":"way","osmId":1076257739,"osmVersion":1,"osmTimestamp":"2022-07-06T06:42:05Z","sourceUrl":"https://www.openstreetmap.org/way/1076257739","name":null,"waterType":"unspecified","sourceTags":{"natural":"water"},"sourceSurveyed":false},"geometry":{"type":"Polygon","coordinates":[[[127.153497,37.6516847],[127.1529701,37.6516506],[127.1530073,37.6511713],[127.1531948,37.6511952],[127.1533953,37.6515579],[127.1535216,37.6516652],[127.153497,37.6516847]]]}},{"type":"Feature","id":"way/1081184902","properties":{"osmType":"way","osmId":1081184902,"osmVersion":1,"osmTimestamp":"2022-07-25T14:43:01Z","sourceUrl":"https://www.openstreetmap.org/way/1081184902","name":null,"waterType":"unspecified","sourceTags":{"natural":"water"},"sourceSurveyed":false},"geometry":{"type":"Polygon","coordinates":[[[127.0111991,37.4394237],[127.010711,37.4391788],[127.0106466,37.4390765],[127.0111938,37.4385058],[127.0113252,37.43851],[127.0113815,37.438559],[127.0117061,37.4389956],[127.0116927,37.4390893],[127.0113547,37.4394088],[127.0112823,37.4394343],[127.0111991,37.4394237]]]}},{"type":"Feature","id":"way/1082054043","properties":{"osmType":"way","osmId":1082054043,"osmVersion":1,"osmTimestamp":"2022-07-28T10:37:47Z","sourceUrl":"https://www.openstreetmap.org/way/1082054043","name":null,"waterType":"pond","sourceTags":{"natural":"water","water":"pond"},"sourceSurveyed":false},"geometry":{"type":"Polygon","coordinates":[[[127.1319866,37.5800348],[127.1319683,37.580051],[127.1319439,37.5800751],[127.1319398,37.5801106],[127.1319276,37.5801444],[127.1318849,37.5801444],[127.1318443,37.5801363],[127.1318362,37.5801234],[127.1318707,37.5800477],[127.1318585,37.5799817],[127.1318301,37.5799044],[127.1318565,37.5799092],[127.131891,37.5799527],[127.131948,37.5799575],[127.1319805,37.5799704],[127.1320028,37.5799914],[127.1320008,37.5800155],[127.1319866,37.5800348]]]}},{"type":"Feature","id":"way/1082244791","properties":{"osmType":"way","osmId":1082244791,"osmVersion":4,"osmTimestamp":"2025-11-05T02:24:49Z","sourceUrl":"https://www.openstreetmap.org/way/1082244791","name":"여울천","waterType":"river","sourceTags":{"name":"여울천","name:ko":"여울천","natural":"water","water":"river"},"sourceSurveyed":false},"geometry":{"type":"Polygon","coordinates":[[[127.1382031,37.5748075],[127.1382171,37.5748075],[127.1382393,37.5748593],[127.138265,37.5749287],[127.138293,37.5749768],[127.1383444,37.5750342],[127.1384285,37.5750777],[127.1384985,37.5751026],[127.1385721,37.5751387],[127.1386293,37.5751813],[127.1386514,37.5752063],[127.1386386,37.575284],[127.1386293,37.5753562],[127.1386188,37.5754256],[127.1386258,37.5754977],[127.1386596,37.5755292],[127.1387904,37.5755875],[127.13892,37.5756328],[127.1390017,37.5756615],[127.1390799,37.5757133],[127.1391406,37.5757716],[127.1392025,37.5757818],[127.1392457,37.5757679],[127.1392679,37.5757642],[127.139443,37.5759373],[127.1395212,37.5759993],[127.1396812,37.5760501],[127.1397909,37.5760381],[127.1399018,37.5760131],[127.1400349,37.5759733],[127.1401272,37.575978],[127.1402229,37.5760205],[127.1403443,37.5760751],[127.1405066,37.5761065],[127.1406129,37.5760751],[127.1409245,37.5760214],[127.1410282,37.5760138],[127.1411481,37.5760154],[127.1412704,37.5759615],[127.1413561,37.5759688],[127.1414853,37.5759623],[127.1416434,37.5758979],[127.1418555,37.5757982],[127.1420958,37.5757817],[127.1422498,37.5756975],[127.1424716,37.5754982],[127.1426284,37.5754839],[127.1426265,37.5756102],[127.1421549,37.5758224],[127.1419107,37.5758538],[127.1417482,37.5759167],[127.1415763,37.5759907],[127.1413233,37.5760312],[127.1411489,37.5760639],[127.1409745,37.5760818],[127.1406304,37.5761473],[127.140579,37.5761611],[127.1404821,37.5761714],[127.1404015,37.5761621],[127.1403396,37.5761464],[127.1402556,37.576101],[127.1402066,37.5760761],[127.1401412,37.5760427],[127.1400956,37.5760261],[127.1400233,37.5760233],[127.1399474,37.5760372],[127.1399007,37.5760566],[127.1398575,37.5760751],[127.1398049,37.5760835],[127.1397419,37.5760835],[127.1396975,37.5760853],[127.1396427,37.5760798],[127.1395854,37.5760677],[127.1395306,37.5760501],[127.1394652,37.576027],[127.1394092,37.5759872],[127.1393601,37.5759484],[127.139248,37.5758484],[127.1392083,37.5758234],[127.1391745,37.575816],[127.1390928,37.5758077],[127.1390647,37.575804],[127.139025,37.5757892],[127.1389795,37.5757624],[127.1389258,37.57573],[127.1388079,37.5756698],[127.1386153,37.5755514],[127.1385545,37.5755107],[127.1385382,37.5754829],[127.1385709,37.5754006],[127.1385639,37.5753229],[127.1385674,37.5752303],[127.1385382,37.5751804],[127.1384822,37.5751332],[127.138425,37.57511],[127.1383421,37.5750758],[127.1382802,37.5750138],[127.1382393,37.5749583],[127.1382136,37.5749018],[127.1382008,37.5748371],[127.1382008,37.5748186],[127.1382031,37.5748075]]]}},{"type":"Feature","id":"way/1082702247","properties":{"osmType":"way","osmId":1082702247,"osmVersion":1,"osmTimestamp":"2022-07-31T14:47:57Z","sourceUrl":"https://www.openstreetmap.org/way/1082702247","name":null,"waterType":"river","sourceTags":{"natural":"water","water":"river"},"sourceSurveyed":false},"geometry":{"type":"Polygon","coordinates":[[[127.1669033,37.6861759],[127.1668347,37.6862506],[127.1668662,37.6861714],[127.1668462,37.6861035],[127.1668919,37.6860537],[127.1669148,37.6860673],[127.1669033,37.6861759]]]}},{"type":"Feature","id":"way/1082702248","properties":{"osmType":"way","osmId":1082702248,"osmVersion":1,"osmTimestamp":"2022-07-31T14:47:57Z","sourceUrl":"https://www.openstreetmap.org/way/1082702248","name":null,"waterType":"river","sourceTags":{"natural":"water","water":"river"},"sourceSurveyed":false},"geometry":{"type":"Polygon","coordinates":[[[127.1669176,37.6858343],[127.166972,37.6858026],[127.1670206,37.6858365],[127.167012,37.6858727],[127.1669548,37.6859248],[127.1668576,37.6859293],[127.1668633,37.685875],[127.1668976,37.685875],[127.1669176,37.6858343]]]}},{"type":"Feature","id":"way/1082704375","properties":{"osmType":"way","osmId":1082704375,"osmVersion":1,"osmTimestamp":"2022-07-31T14:57:24Z","sourceUrl":"https://www.openstreetmap.org/way/1082704375","name":null,"waterType":"river","sourceTags":{"natural":"water","water":"river"},"sourceSurveyed":false},"geometry":{"type":"Polygon","coordinates":[[[127.1577708,37.6730582],[127.1577347,37.673118],[127.1576362,37.6731076],[127.1575902,37.673053],[127.1576263,37.6730062],[127.1577708,37.6730582]]]}},{"type":"Feature","id":"way/1082704376","properties":{"osmType":"way","osmId":1082704376,"osmVersion":1,"osmTimestamp":"2022-07-31T14:57:24Z","sourceUrl":"https://www.openstreetmap.org/way/1082704376","name":null,"waterType":"river","sourceTags":{"natural":"water","water":"river"},"sourceSurveyed":false},"geometry":{"type":"Polygon","coordinates":[[[127.1560894,37.6724058],[127.1559876,37.6722888],[127.1560237,37.6722836],[127.1561715,37.6723538],[127.1561978,37.6723876],[127.1563291,37.6724525],[127.1566969,37.6726293],[127.156651,37.6726397],[127.1564966,37.6725877],[127.1563029,37.6725123],[127.1562273,37.67245],[127.1560894,37.6724058]]]}},{"type":"Feature","id":"way/1082704377","properties":{"osmType":"way","osmId":1082704377,"osmVersion":1,"osmTimestamp":"2022-07-31T14:57:24Z","sourceUrl":"https://www.openstreetmap.org/way/1082704377","name":null,"waterType":"river","sourceTags":{"natural":"water","water":"river"},"sourceSurveyed":false},"geometry":{"type":"Polygon","coordinates":[[[127.1545919,37.6715064],[127.1546674,37.671522],[127.1546608,37.6715896],[127.1546641,37.6716181],[127.154582,37.6715844],[127.1545163,37.6715974],[127.1545722,37.6716493],[127.1545984,37.6716701],[127.1545787,37.6717091],[127.1544145,37.6715922],[127.1544704,37.6715792],[127.1544375,37.6715246],[127.154408,37.6714934],[127.1543357,37.6714856],[127.1542175,37.6714492],[127.1541091,37.6714232],[127.1540237,37.6714362],[127.1539169,37.6714412],[127.1539086,37.6714086],[127.1542471,37.6713998],[127.15427,37.6713322],[127.1543587,37.671405],[127.1545163,37.6714232],[127.1545689,37.671496],[127.1545919,37.6715064]]]}},{"type":"Feature","id":"way/1082704378","properties":{"osmType":"way","osmId":1082704378,"osmVersion":1,"osmTimestamp":"2022-07-31T14:57:24Z","sourceUrl":"https://www.openstreetmap.org/way/1082704378","name":null,"waterType":"river","sourceTags":{"natural":"water","water":"river"},"sourceSurveyed":false},"geometry":{"type":"Polygon","coordinates":[[[127.1548316,37.6716909],[127.1549236,37.6717169],[127.1551797,37.6718677],[127.1552881,37.6718885],[127.1553177,37.6719119],[127.1552356,37.6719119],[127.1551403,37.6718755],[127.1550615,37.6718755],[127.1548677,37.6717897],[127.1548119,37.6717507],[127.1548316,37.6716909]]]}},{"type":"Feature","id":"way/1082704379","properties":{"osmType":"way","osmId":1082704379,"osmVersion":1,"osmTimestamp":"2022-07-31T14:57:24Z","sourceUrl":"https://www.openstreetmap.org/way/1082704379","name":null,"waterType":"river","sourceTags":{"natural":"water","water":"river"},"sourceSurveyed":false},"geometry":{"type":"Polygon","coordinates":[[[127.1601682,37.6736457],[127.1601189,37.6736846],[127.1600795,37.6736145],[127.1600171,37.6735781],[127.1599481,37.6736483],[127.1598726,37.6736405],[127.1598759,37.6735937],[127.1598201,37.6735729],[127.1597281,37.6735079],[127.1597478,37.6734195],[127.1597774,37.6734611],[127.1598759,37.6735001],[127.1600204,37.6735469],[127.1601353,37.6735573],[127.1601747,37.6735937],[127.1601682,37.6736457]]]}},{"type":"Feature","id":"way/1082704380","properties":{"osmType":"way","osmId":1082704380,"osmVersion":1,"osmTimestamp":"2022-07-31T14:57:24Z","sourceUrl":"https://www.openstreetmap.org/way/1082704380","name":null,"waterType":"river","sourceTags":{"natural":"water","water":"river"},"sourceSurveyed":false},"geometry":{"type":"Polygon","coordinates":[[[127.1595804,37.6733851],[127.1595301,37.6733858],[127.1593505,37.6733363],[127.1592618,37.6733363],[127.159183,37.6733363],[127.1589925,37.6732895],[127.1592092,37.6732791],[127.159552,37.6733582],[127.1595804,37.6733851]]]}},{"type":"Feature","id":"way/1082935490","properties":{"osmType":"way","osmId":1082935490,"osmVersion":1,"osmTimestamp":"2022-08-01T12:09:43Z","sourceUrl":"https://www.openstreetmap.org/way/1082935490","name":null,"waterType":"river","sourceTags":{"natural":"water","water":"river"},"sourceSurveyed":false},"geometry":{"type":"Polygon","coordinates":[[[127.1549898,37.672145],[127.1550868,37.6721691],[127.1553015,37.6722503],[127.1552958,37.6722834],[127.1552084,37.6722669],[127.1550925,37.6722368],[127.1549917,37.6722067],[127.1549556,37.6721676],[127.1549898,37.672145]]]}},{"type":"Feature","id":"way/1082935491","properties":{"osmType":"way","osmId":1082935491,"osmVersion":1,"osmTimestamp":"2022-08-01T12:09:43Z","sourceUrl":"https://www.openstreetmap.org/way/1082935491","name":null,"waterType":"river","sourceTags":{"natural":"water","water":"river"},"sourceSurveyed":false},"geometry":{"type":"Polygon","coordinates":[[[127.1536615,37.6710229],[127.1536273,37.6710049],[127.153519,37.6709222],[127.1536083,37.6709206],[127.1535456,37.6708485],[127.1535722,37.6707928],[127.1536254,37.6708379],[127.1536862,37.6708891],[127.1537964,37.6709778],[127.1537983,37.6709913],[127.1536615,37.6710229]]]}},{"type":"Feature","id":"way/1082935492","properties":{"osmType":"way","osmId":1082935492,"osmVersion":1,"osmTimestamp":"2022-08-01T12:09:43Z","sourceUrl":"https://www.openstreetmap.org/way/1082935492","name":null,"waterType":"river","sourceTags":{"natural":"water","water":"river"},"sourceSurveyed":false},"geometry":{"type":"Polygon","coordinates":[[[127.1530016,37.6485417],[127.1531075,37.6485548],[127.1530678,37.6485679],[127.1530513,37.6486072],[127.1531208,37.648691],[127.1530711,37.6486962],[127.153048,37.6487434],[127.1530083,37.6487015],[127.1529818,37.6487251],[127.1529255,37.6487093],[127.1529322,37.6486439],[127.1530016,37.6485417]]]}},{"type":"Feature","id":"way/1083174975","properties":{"osmType":"way","osmId":1083174975,"osmVersion":1,"osmTimestamp":"2022-08-02T11:04:35Z","sourceUrl":"https://www.openstreetmap.org/way/1083174975","name":"솟골저수지","waterType":"reservoir","sourceTags":{"name":"솟골저수지","name:ko":"솟골저수지","natural":"water","water":"reservoir"},"sourceSurveyed":false},"geometry":{"type":"Polygon","coordinates":[[[127.1691505,37.6719592],[127.1691444,37.6719174],[127.1693212,37.6710759],[127.1693294,37.6710534],[127.1693944,37.671018],[127.1694534,37.6710019],[127.1695042,37.6710244],[127.1695652,37.6710791],[127.1696241,37.6711226],[127.1696688,37.6711467],[127.169801,37.6711789],[127.1698741,37.6711982],[127.1699433,37.6712223],[127.1699778,37.6712738],[127.1700185,37.6713317],[127.1700673,37.6713784],[127.1701323,37.671417],[127.1702319,37.6714717],[127.1703051,37.6715248],[127.1703579,37.6715972],[127.1703701,37.6716423],[127.1703518,37.6716938],[127.1703173,37.6717565],[127.1702624,37.6718032],[127.1701709,37.671882],[127.1701068,37.6719371],[127.1700774,37.6719624],[127.1700205,37.6720155],[127.1699656,37.6720558],[127.1698884,37.6720928],[127.1698335,37.672104],[127.1697847,37.672104],[127.1696627,37.6720863],[127.1694778,37.6720509],[127.1692704,37.6719978],[127.1691891,37.6719753],[127.1691505,37.6719592]]]}},{"type":"Feature","id":"way/1083252445","properties":{"osmType":"way","osmId":1083252445,"osmVersion":2,"osmTimestamp":"2022-08-02T15:29:01Z","sourceUrl":"https://www.openstreetmap.org/way/1083252445","name":null,"waterType":"unspecified","sourceTags":{"natural":"water"},"sourceSurveyed":false},"geometry":{"type":"Polygon","coordinates":[[[127.1494909,37.6132841],[127.150742,37.6135379],[127.1507315,37.6135504],[127.1507173,37.6135672],[127.1494598,37.6133233],[127.1489993,37.6132367],[127.1489134,37.6132279],[127.1489179,37.6132037],[127.1489218,37.6131827],[127.1490124,37.6131968],[127.1494909,37.6132841]]]}},{"type":"Feature","id":"way/1083264554","properties":{"osmType":"way","osmId":1083264554,"osmVersion":5,"osmTimestamp":"2023-08-25T14:15:45Z","sourceUrl":"https://www.openstreetmap.org/way/1083264554","name":"유수지","waterType":"unspecified","sourceTags":{"name":"유수지","natural":"water"},"sourceSurveyed":false},"geometry":{"type":"Polygon","coordinates":[[[127.150629,37.6133088],[127.1505935,37.6132966],[127.1505611,37.6132789],[127.1505352,37.6132544],[127.1505293,37.6132223],[127.1505288,37.6131943],[127.1505503,37.6131369],[127.150595,37.6130588],[127.1506428,37.6130234],[127.1506796,37.6130023],[127.1507123,37.6129963],[127.1507481,37.6129989],[127.150782,37.6130209],[127.1507959,37.613066],[127.1507777,37.6130992],[127.1507654,37.6131168],[127.1507362,37.6131302],[127.1507315,37.6131583],[127.1507439,37.6131997],[127.1507546,37.6132364],[127.1507445,37.6132563],[127.1507199,37.6132905],[127.1506829,37.6133088],[127.150629,37.6133088]]]}},{"type":"Feature","id":"way/1085031602","properties":{"osmType":"way","osmId":1085031602,"osmVersion":4,"osmTimestamp":"2026-05-16T16:31:31Z","sourceUrl":"https://www.openstreetmap.org/way/1085031602","name":null,"waterType":"river","sourceTags":{"natural":"water","water":"river"},"sourceSurveyed":false},"geometry":{"type":"Polygon","coordinates":[[[127.0784813,37.5768288],[127.0784345,37.5769904],[127.0784131,37.5769628],[127.0783889,37.5769564],[127.0783621,37.5769649],[127.0783299,37.576984],[127.0782974,37.5770098],[127.0783348,37.5768185],[127.0783746,37.5766241],[127.0783916,37.5766439],[127.0784157,37.5766588],[127.0784801,37.5766864],[127.0784813,37.5768288]]]}},{"type":"Feature","id":"way/1088341820","properties":{"osmType":"way","osmId":1088341820,"osmVersion":1,"osmTimestamp":"2022-08-23T06:01:12Z","sourceUrl":"https://www.openstreetmap.org/way/1088341820","name":null,"waterType":"pond","sourceTags":{"natural":"water","water":"pond"},"sourceSurveyed":false},"geometry":{"type":"Polygon","coordinates":[[[127.1489904,37.4814694],[127.1490311,37.4814888],[127.1490595,37.481513],[127.149025,37.4815307],[127.1489721,37.4815243],[127.1489193,37.4815372],[127.148838,37.4815356],[127.1487973,37.4815775],[127.1487607,37.4816146],[127.1486957,37.4816162],[127.1486835,37.4815678],[127.148714,37.481534],[127.1487953,37.4814872],[127.1488624,37.4814485],[127.1489457,37.4814501],[127.1489904,37.4814694]]]}},{"type":"Feature","id":"way/1101935754","properties":{"osmType":"way","osmId":1101935754,"osmVersion":8,"osmTimestamp":"2023-07-13T07:33:02Z","sourceUrl":"https://www.openstreetmap.org/way/1101935754","name":"어린이 물놀이장","waterType":"pool","sourceTags":{"name":"어린이 물놀이장","natural":"water","water":"pool"},"sourceSurveyed":false},"geometry":{"type":"Polygon","coordinates":[[[127.0674706,37.5299489],[127.0674421,37.5299393],[127.0674096,37.5298635],[127.0674055,37.529828],[127.067434,37.5297942],[127.0674828,37.5297781],[127.0675336,37.5297877],[127.0676108,37.5298119],[127.0676962,37.5298232],[127.0677775,37.5298135],[127.0678324,37.5298232],[127.0678629,37.5298425],[127.0678425,37.5298619],[127.0677064,37.5298973],[127.0674706,37.5299489]]]}},{"type":"Feature","id":"way/1101935755","properties":{"osmType":"way","osmId":1101935755,"osmVersion":7,"osmTimestamp":"2023-07-13T07:33:02Z","sourceUrl":"https://www.openstreetmap.org/way/1101935755","name":"유아 물놀이장","waterType":"pool","sourceTags":{"name":"유아 물놀이장","natural":"water","water":"pool"},"sourceSurveyed":false},"geometry":{"type":"Polygon","coordinates":[[[127.0675966,37.5297498],[127.0675844,37.5297265],[127.0675915,37.5297063],[127.0676038,37.5296943],[127.0676189,37.5296813],[127.0676474,37.5296741],[127.0676789,37.5296692],[127.0677053,37.5296725],[127.0677348,37.5296781],[127.0677612,37.529691],[127.0677877,37.5297184],[127.0677775,37.5297442],[127.067749,37.5297668],[127.0677236,37.5297764],[127.067687,37.5297797],[127.0676566,37.5297772],[127.0676332,37.52977],[127.0676088,37.5297603],[127.0675966,37.5297498]]]}},{"type":"Feature","id":"way/1103358306","properties":{"osmType":"way","osmId":1103358306,"osmVersion":1,"osmTimestamp":"2022-10-13T04:49:03Z","sourceUrl":"https://www.openstreetmap.org/way/1103358306","name":null,"waterType":"wastewater","sourceTags":{"natural":"water","water":"wastewater"},"sourceSurveyed":false},"geometry":{"type":"Polygon","coordinates":[[[127.0636289,37.5551349],[127.0635754,37.5550713],[127.0642166,37.5547324],[127.0642701,37.5547961],[127.0636289,37.5551349]]]}},{"type":"Feature","id":"way/1103358307","properties":{"osmType":"way","osmId":1103358307,"osmVersion":1,"osmTimestamp":"2022-10-13T04:49:03Z","sourceUrl":"https://www.openstreetmap.org/way/1103358307","name":null,"waterType":"wastewater","sourceTags":{"natural":"water","water":"wastewater"},"sourceSurveyed":false},"geometry":{"type":"Polygon","coordinates":[[[127.0635732,37.555067],[127.0635197,37.5550034],[127.0641608,37.5546644],[127.0642144,37.5547282],[127.0635732,37.555067]]]}},{"type":"Feature","id":"way/1103358308","properties":{"osmType":"way","osmId":1103358308,"osmVersion":1,"osmTimestamp":"2022-10-13T04:49:03Z","sourceUrl":"https://www.openstreetmap.org/way/1103358308","name":null,"waterType":"wastewater","sourceTags":{"natural":"water","water":"wastewater"},"sourceSurveyed":false},"geometry":{"type":"Polygon","coordinates":[[[127.063511,37.5549896],[127.0634575,37.554926],[127.0640986,37.5545871],[127.0641522,37.5546508],[127.063511,37.5549896]]]}},{"type":"Feature","id":"way/1103358309","properties":{"osmType":"way","osmId":1103358309,"osmVersion":1,"osmTimestamp":"2022-10-13T04:49:03Z","sourceUrl":"https://www.openstreetmap.org/way/1103358309","name":null,"waterType":"wastewater","sourceTags":{"natural":"water","water":"wastewater"},"sourceSurveyed":false},"geometry":{"type":"Polygon","coordinates":[[[127.0634553,37.5549217],[127.0634018,37.5548581],[127.0640429,37.5545191],[127.0640965,37.5545828],[127.0634553,37.5549217]]]}},{"type":"Feature","id":"way/1103358310","properties":{"osmType":"way","osmId":1103358310,"osmVersion":1,"osmTimestamp":"2022-10-13T04:49:03Z","sourceUrl":"https://www.openstreetmap.org/way/1103358310","name":null,"waterType":"wastewater","sourceTags":{"natural":"water","water":"wastewater"},"sourceSurveyed":false},"geometry":{"type":"Polygon","coordinates":[[[127.0633919,37.5548462],[127.0633384,37.5547826],[127.0639796,37.5544436],[127.0640331,37.5545073],[127.0633919,37.5548462]]]}},{"type":"Feature","id":"way/1103358311","properties":{"osmType":"way","osmId":1103358311,"osmVersion":1,"osmTimestamp":"2022-10-13T04:49:03Z","sourceUrl":"https://www.openstreetmap.org/way/1103358311","name":null,"waterType":"wastewater","sourceTags":{"natural":"water","water":"wastewater"},"sourceSurveyed":false},"geometry":{"type":"Polygon","coordinates":[[[127.0633362,37.5547782],[127.0632827,37.5547146],[127.0639238,37.5543757],[127.0639774,37.5544394],[127.0633362,37.5547782]]]}},{"type":"Feature","id":"way/1103358312","properties":{"osmType":"way","osmId":1103358312,"osmVersion":1,"osmTimestamp":"2022-10-13T04:49:03Z","sourceUrl":"https://www.openstreetmap.org/way/1103358312","name":null,"waterType":"wastewater","sourceTags":{"natural":"water","water":"wastewater"},"sourceSurveyed":false},"geometry":{"type":"Polygon","coordinates":[[[127.0632703,37.554701],[127.0632168,37.5546374],[127.063858,37.5542985],[127.0639115,37.5543622],[127.0632703,37.554701]]]}},{"type":"Feature","id":"way/1103358313","properties":{"osmType":"way","osmId":1103358313,"osmVersion":1,"osmTimestamp":"2022-10-13T04:49:03Z","sourceUrl":"https://www.openstreetmap.org/way/1103358313","name":null,"waterType":"wastewater","sourceTags":{"natural":"water","water":"wastewater"},"sourceSurveyed":false},"geometry":{"type":"Polygon","coordinates":[[[127.0632146,37.5546331],[127.0631611,37.5545695],[127.0638022,37.5542305],[127.0638558,37.5542942],[127.0632146,37.5546331]]]}},{"type":"Feature","id":"way/1103358314","properties":{"osmType":"way","osmId":1103358314,"osmVersion":1,"osmTimestamp":"2022-10-13T04:49:03Z","sourceUrl":"https://www.openstreetmap.org/way/1103358314","name":null,"waterType":"wastewater","sourceTags":{"natural":"water","water":"wastewater"},"sourceSurveyed":false},"geometry":{"type":"Polygon","coordinates":[[[127.0641435,37.5557577],[127.06409,37.5556941],[127.0647312,37.5553552],[127.0647847,37.5554189],[127.0641435,37.5557577]]]}},{"type":"Feature","id":"way/1103358315","properties":{"osmType":"way","osmId":1103358315,"osmVersion":1,"osmTimestamp":"2022-10-13T04:49:03Z","sourceUrl":"https://www.openstreetmap.org/way/1103358315","name":null,"waterType":"wastewater","sourceTags":{"natural":"water","water":"wastewater"},"sourceSurveyed":false},"geometry":{"type":"Polygon","coordinates":[[[127.0640878,37.5556898],[127.0640343,37.5556262],[127.0646754,37.5552872],[127.064729,37.555351],[127.0640878,37.5556898]]]}},{"type":"Feature","id":"way/1103358316","properties":{"osmType":"way","osmId":1103358316,"osmVersion":1,"osmTimestamp":"2022-10-13T04:49:03Z","sourceUrl":"https://www.openstreetmap.org/way/1103358316","name":null,"waterType":"wastewater","sourceTags":{"natural":"water","water":"wastewater"},"sourceSurveyed":false},"geometry":{"type":"Polygon","coordinates":[[[127.0640256,37.5556124],[127.0639721,37.5555488],[127.0646132,37.5552099],[127.0646668,37.5552736],[127.0640256,37.5556124]]]}},{"type":"Feature","id":"way/1103358317","properties":{"osmType":"way","osmId":1103358317,"osmVersion":1,"osmTimestamp":"2022-10-13T04:49:03Z","sourceUrl":"https://www.openstreetmap.org/way/1103358317","name":null,"waterType":"wastewater","sourceTags":{"natural":"water","water":"wastewater"},"sourceSurveyed":false},"geometry":{"type":"Polygon","coordinates":[[[127.0639699,37.5555445],[127.0639164,37.5554809],[127.0645575,37.5551419],[127.0646111,37.5552056],[127.0639699,37.5555445]]]}},{"type":"Feature","id":"way/1103358318","properties":{"osmType":"way","osmId":1103358318,"osmVersion":1,"osmTimestamp":"2022-10-13T04:49:03Z","sourceUrl":"https://www.openstreetmap.org/way/1103358318","name":null,"waterType":"wastewater","sourceTags":{"natural":"water","water":"wastewater"},"sourceSurveyed":false},"geometry":{"type":"Polygon","coordinates":[[[127.0639065,37.555469],[127.063853,37.5554054],[127.0644942,37.5550664],[127.0645477,37.5551301],[127.0639065,37.555469]]]}},{"type":"Feature","id":"way/1103358319","properties":{"osmType":"way","osmId":1103358319,"osmVersion":1,"osmTimestamp":"2022-10-13T04:49:03Z","sourceUrl":"https://www.openstreetmap.org/way/1103358319","name":null,"waterType":"wastewater","sourceTags":{"natural":"water","water":"wastewater"},"sourceSurveyed":false},"geometry":{"type":"Polygon","coordinates":[[[127.0638508,37.555401],[127.0637973,37.5553374],[127.0644384,37.5549985],[127.064492,37.5550622],[127.0638508,37.555401]]]}},{"type":"Feature","id":"way/1103358320","properties":{"osmType":"way","osmId":1103358320,"osmVersion":1,"osmTimestamp":"2022-10-13T04:49:03Z","sourceUrl":"https://www.openstreetmap.org/way/1103358320","name":null,"waterType":"wastewater","sourceTags":{"natural":"water","water":"wastewater"},"sourceSurveyed":false},"geometry":{"type":"Polygon","coordinates":[[[127.0637849,37.5553238],[127.0637314,37.5552602],[127.0643726,37.5549213],[127.0644261,37.554985],[127.0637849,37.5553238]]]}},{"type":"Feature","id":"way/1103358321","properties":{"osmType":"way","osmId":1103358321,"osmVersion":1,"osmTimestamp":"2022-10-13T04:49:03Z","sourceUrl":"https://www.openstreetmap.org/way/1103358321","name":null,"waterType":"wastewater","sourceTags":{"natural":"water","water":"wastewater"},"sourceSurveyed":false},"geometry":{"type":"Polygon","coordinates":[[[127.0637292,37.5552559],[127.0636757,37.5551923],[127.0643168,37.5548533],[127.0643704,37.554917],[127.0637292,37.5552559]]]}},{"type":"Feature","id":"way/1103358322","properties":{"osmType":"way","osmId":1103358322,"osmVersion":1,"osmTimestamp":"2022-10-13T04:49:03Z","sourceUrl":"https://www.openstreetmap.org/way/1103358322","name":null,"waterType":"wastewater","sourceTags":{"natural":"water","water":"wastewater"},"sourceSurveyed":false},"geometry":{"type":"Polygon","coordinates":[[[127.064735,37.5564709],[127.0646815,37.5564073],[127.0653227,37.5560684],[127.0653762,37.5561321],[127.064735,37.5564709]]]}},{"type":"Feature","id":"way/1103358323","properties":{"osmType":"way","osmId":1103358323,"osmVersion":1,"osmTimestamp":"2022-10-13T04:49:03Z","sourceUrl":"https://www.openstreetmap.org/way/1103358323","name":null,"waterType":"wastewater","sourceTags":{"natural":"water","water":"wastewater"},"sourceSurveyed":false},"geometry":{"type":"Polygon","coordinates":[[[127.0646793,37.556403],[127.0646258,37.5563394],[127.0652669,37.5560004],[127.0653205,37.5560642],[127.0646793,37.556403]]]}},{"type":"Feature","id":"way/1103358324","properties":{"osmType":"way","osmId":1103358324,"osmVersion":1,"osmTimestamp":"2022-10-13T04:49:03Z","sourceUrl":"https://www.openstreetmap.org/way/1103358324","name":null,"waterType":"wastewater","sourceTags":{"natural":"water","water":"wastewater"},"sourceSurveyed":false},"geometry":{"type":"Polygon","coordinates":[[[127.0646171,37.5563256],[127.0645636,37.556262],[127.0652047,37.5559231],[127.0652583,37.5559868],[127.0646171,37.5563256]]]}},{"type":"Feature","id":"way/1103358325","properties":{"osmType":"way","osmId":1103358325,"osmVersion":1,"osmTimestamp":"2022-10-13T04:49:03Z","sourceUrl":"https://www.openstreetmap.org/way/1103358325","name":null,"waterType":"wastewater","sourceTags":{"natural":"water","water":"wastewater"},"sourceSurveyed":false},"geometry":{"type":"Polygon","coordinates":[[[127.0645614,37.5562577],[127.0645079,37.5561941],[127.065149,37.5558551],[127.0652026,37.5559188],[127.0645614,37.5562577]]]}},{"type":"Feature","id":"way/1103358326","properties":{"osmType":"way","osmId":1103358326,"osmVersion":1,"osmTimestamp":"2022-10-13T04:49:03Z","sourceUrl":"https://www.openstreetmap.org/way/1103358326","name":null,"waterType":"wastewater","sourceTags":{"natural":"water","water":"wastewater"},"sourceSurveyed":false},"geometry":{"type":"Polygon","coordinates":[[[127.064498,37.5561822],[127.0644445,37.5561186],[127.0650857,37.5557796],[127.0651392,37.5558433],[127.064498,37.5561822]]]}},{"type":"Feature","id":"way/1103358327","properties":{"osmType":"way","osmId":1103358327,"osmVersion":1,"osmTimestamp":"2022-10-13T04:49:03Z","sourceUrl":"https://www.openstreetmap.org/way/1103358327","name":null,"waterType":"wastewater","sourceTags":{"natural":"water","water":"wastewater"},"sourceSurveyed":false},"geometry":{"type":"Polygon","coordinates":[[[127.0644423,37.5561142],[127.0643888,37.5560506],[127.0650299,37.5557117],[127.0650835,37.5557754],[127.0644423,37.5561142]]]}},{"type":"Feature","id":"way/1103358328","properties":{"osmType":"way","osmId":1103358328,"osmVersion":1,"osmTimestamp":"2022-10-13T04:49:03Z","sourceUrl":"https://www.openstreetmap.org/way/1103358328","name":null,"waterType":"wastewater","sourceTags":{"natural":"water","water":"wastewater"},"sourceSurveyed":false},"geometry":{"type":"Polygon","coordinates":[[[127.0643764,37.556037],[127.0643229,37.5559734],[127.0649641,37.5556345],[127.0650176,37.5556982],[127.0643764,37.556037]]]}},{"type":"Feature","id":"way/1103358329","properties":{"osmType":"way","osmId":1103358329,"osmVersion":1,"osmTimestamp":"2022-10-13T04:49:03Z","sourceUrl":"https://www.openstreetmap.org/way/1103358329","name":null,"waterType":"wastewater","sourceTags":{"natural":"water","water":"wastewater"},"sourceSurveyed":false},"geometry":{"type":"Polygon","coordinates":[[[127.0643207,37.5559691],[127.0642672,37.5559055],[127.0649083,37.5555665],[127.0649619,37.5556302],[127.0643207,37.5559691]]]}},{"type":"Feature","id":"way/1103358330","properties":{"osmType":"way","osmId":1103358330,"osmVersion":1,"osmTimestamp":"2022-10-13T04:49:03Z","sourceUrl":"https://www.openstreetmap.org/way/1103358330","name":null,"waterType":"wastewater","sourceTags":{"natural":"water","water":"wastewater"},"sourceSurveyed":false},"geometry":{"type":"Polygon","coordinates":[[[127.0652557,37.5570938],[127.0652022,37.5570302],[127.0658434,37.5566913],[127.0658969,37.556755],[127.0652557,37.5570938]]]}},{"type":"Feature","id":"way/1103358331","properties":{"osmType":"way","osmId":1103358331,"osmVersion":1,"osmTimestamp":"2022-10-13T04:49:03Z","sourceUrl":"https://www.openstreetmap.org/way/1103358331","name":null,"waterType":"wastewater","sourceTags":{"natural":"water","water":"wastewater"},"sourceSurveyed":false},"geometry":{"type":"Polygon","coordinates":[[[127.0652,37.5570259],[127.0651465,37.5569623],[127.0657876,37.5566233],[127.0658412,37.5566871],[127.0652,37.5570259]]]}},{"type":"Feature","id":"way/1103358332","properties":{"osmType":"way","osmId":1103358332,"osmVersion":1,"osmTimestamp":"2022-10-13T04:49:03Z","sourceUrl":"https://www.openstreetmap.org/way/1103358332","name":null,"waterType":"wastewater","sourceTags":{"natural":"water","water":"wastewater"},"sourceSurveyed":false},"geometry":{"type":"Polygon","coordinates":[[[127.0651378,37.5569485],[127.0650843,37.5568849],[127.0657254,37.556546],[127.065779,37.5566097],[127.0651378,37.5569485]]]}},{"type":"Feature","id":"way/1103358333","properties":{"osmType":"way","osmId":1103358333,"osmVersion":1,"osmTimestamp":"2022-10-13T04:49:03Z","sourceUrl":"https://www.openstreetmap.org/way/1103358333","name":null,"waterType":"wastewater","sourceTags":{"natural":"water","water":"wastewater"},"sourceSurveyed":false},"geometry":{"type":"Polygon","coordinates":[[[127.0650821,37.5568806],[127.0650286,37.556817],[127.0656697,37.556478],[127.0657233,37.5565417],[127.0650821,37.5568806]]]}},{"type":"Feature","id":"way/1103358334","properties":{"osmType":"way","osmId":1103358334,"osmVersion":1,"osmTimestamp":"2022-10-13T04:49:03Z","sourceUrl":"https://www.openstreetmap.org/way/1103358334","name":null,"waterType":"wastewater","sourceTags":{"natural":"water","water":"wastewater"},"sourceSurveyed":false},"geometry":{"type":"Polygon","coordinates":[[[127.0650187,37.5568051],[127.0649652,37.5567415],[127.0656064,37.5564025],[127.0656599,37.5564662],[127.0650187,37.5568051]]]}},{"type":"Feature","id":"way/1103358335","properties":{"osmType":"way","osmId":1103358335,"osmVersion":1,"osmTimestamp":"2022-10-13T04:49:03Z","sourceUrl":"https://www.openstreetmap.org/way/1103358335","name":null,"waterType":"wastewater","sourceTags":{"natural":"water","water":"wastewater"},"sourceSurveyed":false},"geometry":{"type":"Polygon","coordinates":[[[127.064963,37.5567371],[127.0649095,37.5566735],[127.0655506,37.5563346],[127.0656042,37.5563983],[127.064963,37.5567371]]]}},{"type":"Feature","id":"way/1103358336","properties":{"osmType":"way","osmId":1103358336,"osmVersion":1,"osmTimestamp":"2022-10-13T04:49:03Z","sourceUrl":"https://www.openstreetmap.org/way/1103358336","name":null,"waterType":"wastewater","sourceTags":{"natural":"water","water":"wastewater"},"sourceSurveyed":false},"geometry":{"type":"Polygon","coordinates":[[[127.0648971,37.5566599],[127.0648436,37.5565963],[127.0654848,37.5562574],[127.0655383,37.5563211],[127.0648971,37.5566599]]]}},{"type":"Feature","id":"way/1103358337","properties":{"osmType":"way","osmId":1103358337,"osmVersion":1,"osmTimestamp":"2022-10-13T04:49:03Z","sourceUrl":"https://www.openstreetmap.org/way/1103358337","name":null,"waterType":"wastewater","sourceTags":{"natural":"water","water":"wastewater"},"sourceSurveyed":false},"geometry":{"type":"Polygon","coordinates":[[[127.0648414,37.556592],[127.0647879,37.5565284],[127.065429,37.5561894],[127.0654826,37.5562531],[127.0648414,37.556592]]]}},{"type":"Feature","id":"way/1103358338","properties":{"osmType":"way","osmId":1103358338,"osmVersion":1,"osmTimestamp":"2022-10-13T04:49:03Z","sourceUrl":"https://www.openstreetmap.org/way/1103358338","name":null,"waterType":"wastewater","sourceTags":{"natural":"water","water":"wastewater"},"sourceSurveyed":false},"geometry":{"type":"Polygon","coordinates":[[[127.0663649,37.5584176],[127.0663114,37.558354],[127.0669526,37.5580151],[127.0670061,37.5580788],[127.0663649,37.5584176]]]}},{"type":"Feature","id":"way/1103358339","properties":{"osmType":"way","osmId":1103358339,"osmVersion":1,"osmTimestamp":"2022-10-13T04:49:03Z","sourceUrl":"https://www.openstreetmap.org/way/1103358339","name":null,"waterType":"wastewater","sourceTags":{"natural":"water","water":"wastewater"},"sourceSurveyed":false},"geometry":{"type":"Polygon","coordinates":[[[127.0663092,37.5583497],[127.0662557,37.5582861],[127.0668968,37.5579471],[127.0669504,37.5580109],[127.0663092,37.5583497]]]}},{"type":"Feature","id":"way/1103358340","properties":{"osmType":"way","osmId":1103358340,"osmVersion":1,"osmTimestamp":"2022-10-13T04:49:03Z","sourceUrl":"https://www.openstreetmap.org/way/1103358340","name":null,"waterType":"wastewater","sourceTags":{"natural":"water","water":"wastewater"},"sourceSurveyed":false},"geometry":{"type":"Polygon","coordinates":[[[127.066247,37.5582723],[127.0661935,37.5582087],[127.0668346,37.5578698],[127.0668882,37.5579335],[127.066247,37.5582723]]]}},{"type":"Feature","id":"way/1103358341","properties":{"osmType":"way","osmId":1103358341,"osmVersion":1,"osmTimestamp":"2022-10-13T04:49:03Z","sourceUrl":"https://www.openstreetmap.org/way/1103358341","name":null,"waterType":"wastewater","sourceTags":{"natural":"water","water":"wastewater"},"sourceSurveyed":false},"geometry":{"type":"Polygon","coordinates":[[[127.0661913,37.5582044],[127.0661378,37.5581408],[127.0667789,37.5578018],[127.0668325,37.5578655],[127.0661913,37.5582044]]]}},{"type":"Feature","id":"way/1103358342","properties":{"osmType":"way","osmId":1103358342,"osmVersion":1,"osmTimestamp":"2022-10-13T04:49:03Z","sourceUrl":"https://www.openstreetmap.org/way/1103358342","name":null,"waterType":"wastewater","sourceTags":{"natural":"water","water":"wastewater"},"sourceSurveyed":false},"geometry":{"type":"Polygon","coordinates":[[[127.0661279,37.5581289],[127.0660744,37.5580653],[127.0667156,37.5577263],[127.0667691,37.55779],[127.0661279,37.5581289]]]}},{"type":"Feature","id":"way/1103358343","properties":{"osmType":"way","osmId":1103358343,"osmVersion":1,"osmTimestamp":"2022-10-13T04:49:03Z","sourceUrl":"https://www.openstreetmap.org/way/1103358343","name":null,"waterType":"wastewater","sourceTags":{"natural":"water","water":"wastewater"},"sourceSurveyed":false},"geometry":{"type":"Polygon","coordinates":[[[127.0660722,37.5580609],[127.0660187,37.5579973],[127.0666598,37.5576584],[127.0667134,37.5577221],[127.0660722,37.5580609]]]}},{"type":"Feature","id":"way/1103358344","properties":{"osmType":"way","osmId":1103358344,"osmVersion":1,"osmTimestamp":"2022-10-13T04:49:03Z","sourceUrl":"https://www.openstreetmap.org/way/1103358344","name":null,"waterType":"wastewater","sourceTags":{"natural":"water","water":"wastewater"},"sourceSurveyed":false},"geometry":{"type":"Polygon","coordinates":[[[127.0660063,37.5579837],[127.0659528,37.5579201],[127.066594,37.5575812],[127.0666475,37.5576449],[127.0660063,37.5579837]]]}},{"type":"Feature","id":"way/1103358345","properties":{"osmType":"way","osmId":1103358345,"osmVersion":1,"osmTimestamp":"2022-10-13T04:49:03Z","sourceUrl":"https://www.openstreetmap.org/way/1103358345","name":null,"waterType":"wastewater","sourceTags":{"natural":"water","water":"wastewater"},"sourceSurveyed":false},"geometry":{"type":"Polygon","coordinates":[[[127.0659506,37.5579158],[127.0658971,37.5578522],[127.0665382,37.5575132],[127.0665918,37.5575769],[127.0659506,37.5579158]]]}},{"type":"Feature","id":"way/1103358346","properties":{"osmType":"way","osmId":1103358346,"osmVersion":1,"osmTimestamp":"2022-10-13T04:49:03Z","sourceUrl":"https://www.openstreetmap.org/way/1103358346","name":null,"waterType":"wastewater","sourceTags":{"natural":"water","water":"wastewater"},"sourceSurveyed":false},"geometry":{"type":"Polygon","coordinates":[[[127.0658596,37.5578094],[127.0658061,37.5577458],[127.0664473,37.5574069],[127.0665008,37.5574706],[127.0658596,37.5578094]]]}},{"type":"Feature","id":"way/1103358347","properties":{"osmType":"way","osmId":1103358347,"osmVersion":1,"osmTimestamp":"2022-10-13T04:49:03Z","sourceUrl":"https://www.openstreetmap.org/way/1103358347","name":null,"waterType":"wastewater","sourceTags":{"natural":"water","water":"wastewater"},"sourceSurveyed":false},"geometry":{"type":"Polygon","coordinates":[[[127.0658039,37.5577415],[127.0657504,37.5576779],[127.0663915,37.5573389],[127.0664451,37.5574027],[127.0658039,37.5577415]]]}},{"type":"Feature","id":"way/1103358348","properties":{"osmType":"way","osmId":1103358348,"osmVersion":1,"osmTimestamp":"2022-10-13T04:49:03Z","sourceUrl":"https://www.openstreetmap.org/way/1103358348","name":null,"waterType":"wastewater","sourceTags":{"natural":"water","water":"wastewater"},"sourceSurveyed":false},"geometry":{"type":"Polygon","coordinates":[[[127.0657417,37.5576641],[127.0656882,37.5576005],[127.0663293,37.5572616],[127.0663829,37.5573253],[127.0657417,37.5576641]]]}},{"type":"Feature","id":"way/1103358349","properties":{"osmType":"way","osmId":1103358349,"osmVersion":1,"osmTimestamp":"2022-10-13T04:49:03Z","sourceUrl":"https://www.openstreetmap.org/way/1103358349","name":null,"waterType":"wastewater","sourceTags":{"natural":"water","water":"wastewater"},"sourceSurveyed":false},"geometry":{"type":"Polygon","coordinates":[[[127.065686,37.5575962],[127.0656325,37.5575326],[127.0662736,37.5571936],[127.0663272,37.5572573],[127.065686,37.5575962]]]}},{"type":"Feature","id":"way/1103358350","properties":{"osmType":"way","osmId":1103358350,"osmVersion":1,"osmTimestamp":"2022-10-13T04:49:03Z","sourceUrl":"https://www.openstreetmap.org/way/1103358350","name":null,"waterType":"wastewater","sourceTags":{"natural":"water","water":"wastewater"},"sourceSurveyed":false},"geometry":{"type":"Polygon","coordinates":[[[127.0656226,37.5575207],[127.0655691,37.5574571],[127.0662103,37.5571181],[127.0662638,37.5571818],[127.0656226,37.5575207]]]}},{"type":"Feature","id":"way/1103358351","properties":{"osmType":"way","osmId":1103358351,"osmVersion":1,"osmTimestamp":"2022-10-13T04:49:03Z","sourceUrl":"https://www.openstreetmap.org/way/1103358351","name":null,"waterType":"wastewater","sourceTags":{"natural":"water","water":"wastewater"},"sourceSurveyed":false},"geometry":{"type":"Polygon","coordinates":[[[127.0655669,37.5574527],[127.0655134,37.5573891],[127.0661545,37.5570502],[127.0662081,37.5571139],[127.0655669,37.5574527]]]}},{"type":"Feature","id":"way/1103358352","properties":{"osmType":"way","osmId":1103358352,"osmVersion":1,"osmTimestamp":"2022-10-13T04:49:03Z","sourceUrl":"https://www.openstreetmap.org/way/1103358352","name":null,"waterType":"wastewater","sourceTags":{"natural":"water","water":"wastewater"},"sourceSurveyed":false},"geometry":{"type":"Polygon","coordinates":[[[127.065501,37.5573755],[127.0654475,37.5573119],[127.0660887,37.556973],[127.0661422,37.5570367],[127.065501,37.5573755]]]}},{"type":"Feature","id":"way/1103358353","properties":{"osmType":"way","osmId":1103358353,"osmVersion":1,"osmTimestamp":"2022-10-13T04:49:03Z","sourceUrl":"https://www.openstreetmap.org/way/1103358353","name":null,"waterType":"wastewater","sourceTags":{"natural":"water","water":"wastewater"},"sourceSurveyed":false},"geometry":{"type":"Polygon","coordinates":[[[127.0654453,37.5573076],[127.0653918,37.557244],[127.0660329,37.556905],[127.0660865,37.5569687],[127.0654453,37.5573076]]]}},{"type":"Feature","id":"way/1104021808","properties":{"osmType":"way","osmId":1104021808,"osmVersion":1,"osmTimestamp":"2022-10-15T08:43:05Z","sourceUrl":"https://www.openstreetmap.org/way/1104021808","name":null,"waterType":"reservoir","sourceTags":{"natural":"water","water":"reservoir"},"sourceSurveyed":false},"geometry":{"type":"Polygon","coordinates":[[[126.8434142,37.5923345],[126.8433885,37.5923123],[126.8433651,37.5922864],[126.8433745,37.592242],[126.8434165,37.5922069],[126.8434866,37.5921717],[126.8435823,37.5921292],[126.8436547,37.5920922],[126.8437364,37.5920089],[126.8437761,37.5919441],[126.8438064,37.5918831],[126.8438205,37.5918054],[126.8437481,37.5916296],[126.8436337,37.5913669],[126.8436196,37.5912892],[126.843657,37.5912355],[126.8436897,37.5911967],[126.8437621,37.5911689],[126.8438415,37.5911689],[126.8448432,37.5922439],[126.8448432,37.5922883],[126.8448292,37.5923271],[126.8447825,37.5923623],[126.8434702,37.5923456],[126.8434142,37.5923345]]]}},{"type":"Feature","id":"way/1104021809","properties":{"osmType":"way","osmId":1104021809,"osmVersion":1,"osmTimestamp":"2022-10-15T08:43:05Z","sourceUrl":"https://www.openstreetmap.org/way/1104021809","name":null,"waterType":"reservoir","sourceTags":{"natural":"water","water":"reservoir"},"sourceSurveyed":false},"geometry":{"type":"Polygon","coordinates":[[[126.8432531,37.592131],[126.8432157,37.5921107],[126.8431503,37.5920163],[126.8429308,37.5916685],[126.8428491,37.5915482],[126.8427837,37.5914908],[126.842758,37.5914612],[126.8427627,37.5914261],[126.8434025,37.5910486],[126.8434492,37.5910486],[126.8435356,37.5911374],[126.8435426,37.5911633],[126.8435076,37.5912226],[126.8434842,37.5912818],[126.8434725,37.5913761],[126.8435192,37.5914797],[126.843636,37.5916666],[126.8436663,37.5917554],[126.843622,37.5918849],[126.8435589,37.5919885],[126.8432811,37.5921403],[126.8432531,37.592131]]]}},{"type":"Feature","id":"way/1104021833","properties":{"osmType":"way","osmId":1104021833,"osmVersion":2,"osmTimestamp":"2025-05-06T13:45:58Z","sourceUrl":"https://www.openstreetmap.org/way/1104021833","name":null,"waterType":"wastewater","sourceTags":{"natural":"water","water":"wastewater"},"sourceSurveyed":false},"geometry":{"type":"Polygon","coordinates":[[[126.8501003,37.5894625],[126.8485546,37.5877825],[126.8517115,37.5859877],[126.8532713,37.587764],[126.8501003,37.5894625]]]}},{"type":"Feature","id":"way/1104021834","properties":{"osmType":"way","osmId":1104021834,"osmVersion":2,"osmTimestamp":"2025-05-06T13:45:58Z","sourceUrl":"https://www.openstreetmap.org/way/1104021834","name":null,"waterType":"wastewater","sourceTags":{"natural":"water","water":"wastewater"},"sourceSurveyed":false},"geometry":{"type":"Polygon","coordinates":[[[126.8452165,37.5922598],[126.8437301,37.5905828],[126.8467384,37.5888721],[126.8482886,37.5905716],[126.8452165,37.5922598]]]}},{"type":"Feature","id":"way/1104448485","properties":{"osmType":"way","osmId":1104448485,"osmVersion":3,"osmTimestamp":"2025-04-19T16:45:53Z","sourceUrl":"https://www.openstreetmap.org/way/1104448485","name":null,"waterType":"unspecified","sourceTags":{"natural":"water"},"sourceSurveyed":false},"geometry":{"type":"Polygon","coordinates":[[[126.788686,37.4873054],[126.7891284,37.4869923],[126.7891596,37.4870127],[126.7892133,37.4870686],[126.7890712,37.4871102],[126.7886136,37.4874246],[126.7885432,37.4874677],[126.7882863,37.4876662],[126.7880376,37.4878529],[126.7878384,37.4880147],[126.7877105,37.4881416],[126.787346,37.4884309],[126.7870534,37.4886707],[126.7866984,37.4889257],[126.7862283,37.4893025],[126.7859884,37.4894852],[126.7856335,37.4897745],[126.7853552,37.4899534],[126.7852502,37.4900385],[126.7851346,37.4901323],[126.7849427,37.4902617],[126.7847316,37.4904406],[126.7845302,37.4905776],[126.7845112,37.4905304],[126.7844966,37.4904939],[126.7847268,37.4903416],[126.7849955,37.4901361],[126.7851676,37.4900096],[126.7852548,37.4899461],[126.7856008,37.4897285],[126.7859736,37.489422],[126.7863136,37.4891741],[126.7867099,37.4888527],[126.7870439,37.4886096],[126.7873087,37.4883738],[126.7878029,37.48797],[126.7881965,37.4876715],[126.7884412,37.4875044],[126.788686,37.4873054]]]}},{"type":"Feature","id":"way/1107788366","properties":{"osmType":"way","osmId":1107788366,"osmVersion":1,"osmTimestamp":"2022-10-28T17:20:43Z","sourceUrl":"https://www.openstreetmap.org/way/1107788366","name":"범무천","waterType":"pond","sourceTags":{"name":"범무천","natural":"water","water":"pond"},"sourceSurveyed":false},"geometry":{"type":"Polygon","coordinates":[[[127.0984892,37.6233926],[127.0981711,37.6237623],[127.0979582,37.6236474],[127.0982762,37.6232776],[127.0984892,37.6233926]]]}},{"type":"Feature","id":"way/1136701068","properties":{"osmType":"way","osmId":1136701068,"osmVersion":2,"osmTimestamp":"2023-04-25T17:07:28Z","sourceUrl":"https://www.openstreetmap.org/way/1136701068","name":"모란못","waterType":"pond","sourceTags":{"name":"모란못","natural":"water","water":"pond"},"sourceSurveyed":false},"geometry":{"type":"Polygon","coordinates":[[[126.979902,37.5249413],[126.9798848,37.5247583],[126.9801052,37.5247453],[126.9801154,37.5248542],[126.9800967,37.5248553],[126.9801036,37.5249294],[126.979902,37.5249413]]]}},{"type":"Feature","id":"way/1145100655","properties":{"osmType":"way","osmId":1145100655,"osmVersion":1,"osmTimestamp":"2023-02-14T11:14:48Z","sourceUrl":"https://www.openstreetmap.org/way/1145100655","name":null,"waterType":"pond","sourceTags":{"natural":"water","water":"pond"},"sourceSurveyed":false},"geometry":{"type":"Polygon","coordinates":[[[126.962895,37.5464925],[126.9627695,37.5465103],[126.9626531,37.5465103],[126.9625859,37.5464712],[126.9626665,37.5464073],[126.9626934,37.5463504],[126.9628188,37.5463291],[126.962886,37.5463291],[126.9629801,37.5463966],[126.9629577,37.5464534],[126.962895,37.5464925]]]}},{"type":"Feature","id":"way/1145604839","properties":{"osmType":"way","osmId":1145604839,"osmVersion":2,"osmTimestamp":"2023-02-15T10:05:26Z","sourceUrl":"https://www.openstreetmap.org/way/1145604839","name":null,"waterType":"pond","sourceTags":{"natural":"water","water":"pond"},"sourceSurveyed":false},"geometry":{"type":"Polygon","coordinates":[[[126.91306,37.4690195],[126.9130493,37.4690232],[126.9130245,37.469003],[126.9130245,37.4689838],[126.9130493,37.4689774],[126.9130537,37.4689804],[126.9130632,37.4689867],[126.9130748,37.4689945],[126.9130795,37.4690104],[126.9130681,37.4690174],[126.91306,37.4690195]]]}},{"type":"Feature","id":"way/1145604840","properties":{"osmType":"way","osmId":1145604840,"osmVersion":1,"osmTimestamp":"2023-02-15T10:02:57Z","sourceUrl":"https://www.openstreetmap.org/way/1145604840","name":null,"waterType":"pond","sourceTags":{"natural":"water","water":"pond"},"sourceSurveyed":false},"geometry":{"type":"Polygon","coordinates":[[[126.9129655,37.4689599],[126.9129554,37.4689546],[126.9129212,37.4689375],[126.9128944,37.4689152],[126.912881,37.4689019],[126.9128709,37.4688806],[126.9128595,37.4688556],[126.9128636,37.468838],[126.912883,37.4688306],[126.9129179,37.4688353],[126.9129547,37.4688444],[126.9129843,37.4688673],[126.9130064,37.4689157],[126.9130205,37.4689423],[126.9130245,37.468954],[126.9129977,37.4689679],[126.9129655,37.4689599]]]}},{"type":"Feature","id":"way/1145604841","properties":{"osmType":"way","osmId":1145604841,"osmVersion":1,"osmTimestamp":"2023-02-15T10:02:57Z","sourceUrl":"https://www.openstreetmap.org/way/1145604841","name":null,"waterType":"pond","sourceTags":{"natural":"water","water":"pond"},"sourceSurveyed":false},"geometry":{"type":"Polygon","coordinates":[[[126.9129568,37.4690855],[126.9129246,37.4690903],[126.912885,37.4690722],[126.9128682,37.4690418],[126.9128656,37.4690216],[126.9128656,37.4690041],[126.9128857,37.4689934],[126.9129205,37.4689945],[126.9129675,37.4690131],[126.9129809,37.4690301],[126.9129863,37.4690498],[126.9129735,37.46907],[126.9129568,37.4690855]]]}},{"type":"Feature","id":"way/1145605278","properties":{"osmType":"way","osmId":1145605278,"osmVersion":1,"osmTimestamp":"2023-02-15T10:05:26Z","sourceUrl":"https://www.openstreetmap.org/way/1145605278","name":null,"waterType":"stream","sourceTags":{"natural":"water","water":"stream"},"sourceSurveyed":false},"geometry":{"type":"Polygon","coordinates":[[[126.9130889,37.468962],[126.9130632,37.4689867],[126.9130537,37.4689804],[126.9130902,37.4689535],[126.9131385,37.4689381],[126.9131358,37.4689178],[126.9131304,37.4688492],[126.913119,37.4687874],[126.913121,37.468755],[126.9131291,37.468673],[126.9131733,37.4686331],[126.9132277,37.4686299],[126.9132484,37.4686086],[126.913286,37.4685591],[126.9133054,37.4685602],[126.91328,37.4685905],[126.9132431,37.4686384],[126.9131834,37.4686384],[126.9131331,37.4686799],[126.9131324,37.4687124],[126.9131331,37.4687747],[126.9131371,37.4688204],[126.9131465,37.4688918],[126.9131492,37.4689428],[126.9130889,37.468962]]]}},{"type":"Feature","id":"way/1151213355","properties":{"osmType":"way","osmId":1151213355,"osmVersion":1,"osmTimestamp":"2023-03-04T13:08:21Z","sourceUrl":"https://www.openstreetmap.org/way/1151213355","name":null,"waterType":"pond","sourceTags":{"natural":"water","water":"pond"},"sourceSurveyed":false},"geometry":{"type":"Polygon","coordinates":[[[126.9085278,37.4582889],[126.9085143,37.458257],[126.908517,37.4582463],[126.9085452,37.4582261],[126.9085747,37.4582336],[126.9086096,37.4582495],[126.9086404,37.4582549],[126.9086739,37.458257],[126.9086941,37.4582304],[126.9087289,37.458208],[126.9087598,37.4582197],[126.9087625,37.4582346],[126.9087531,37.4582591],[126.9087356,37.4583017],[126.9087048,37.4583432],[126.9086686,37.4583304],[126.9086444,37.4583145],[126.908627,37.4582964],[126.9085841,37.4582932],[126.9085626,37.4582964],[126.9085278,37.4582889]]]}},{"type":"Feature","id":"way/1160626397","properties":{"osmType":"way","osmId":1160626397,"osmVersion":1,"osmTimestamp":"2023-04-08T06:51:08Z","sourceUrl":"https://www.openstreetmap.org/way/1160626397","name":null,"waterType":"stream","sourceTags":{"natural":"water","water":"stream"},"sourceSurveyed":false},"geometry":{"type":"Polygon","coordinates":[[[126.8337454,37.5686046],[126.8337777,37.5685906],[126.8337874,37.5686137],[126.8337771,37.5686458],[126.8337495,37.5686805],[126.8337032,37.5687591],[126.8336902,37.5688048],[126.833698,37.5688843],[126.8337156,37.568938],[126.8337323,37.5689788],[126.8337674,37.5690059],[126.833804,37.5690398],[126.833843,37.5690672],[126.8338565,37.5690904],[126.8338555,37.5691206],[126.8338273,37.5691443],[126.8338034,37.5691581],[126.8337795,37.5691571],[126.8337657,37.5691501],[126.8337075,37.5691907],[126.8336743,37.5692176],[126.833633,37.5692559],[126.8335638,37.5693131],[126.8335449,37.5692991],[126.8336012,37.5692457],[126.8336923,37.5691628],[126.833751,37.5691139],[126.8337477,37.5690808],[126.8337615,37.5690564],[126.8337502,37.569035],[126.8337152,37.5690083],[126.8336791,37.5689726],[126.8336507,37.5688866],[126.83365,37.5688053],[126.833638,37.568784],[126.8336344,37.5687594],[126.8336421,37.5687431],[126.833673,37.5687163],[126.8337133,37.568677],[126.8337162,37.5686549],[126.8337454,37.5686046]]]}},{"type":"Feature","id":"way/1188453560","properties":{"osmType":"way","osmId":1188453560,"osmVersion":1,"osmTimestamp":"2023-07-09T14:05:38Z","sourceUrl":"https://www.openstreetmap.org/way/1188453560","name":null,"waterType":"unspecified","sourceTags":{"natural":"water"},"sourceSurveyed":false},"geometry":{"type":"Polygon","coordinates":[[[126.9947983,37.5719104],[126.99479,37.5719076],[126.9948682,37.5717226],[126.9949453,37.5715514],[126.99502,37.5714005],[126.9950971,37.5712349],[126.9951694,37.5710526],[126.9951876,37.5709423],[126.995194,37.5709423],[126.9951779,37.5710376],[126.9951746,37.5710543],[126.9951057,37.5712365],[126.9950285,37.5714028],[126.9949553,37.5715551],[126.9948775,37.5717271],[126.9948277,37.5718435],[126.9947983,37.5719104]]]}},{"type":"Feature","id":"way/1191586183","properties":{"osmType":"way","osmId":1191586183,"osmVersion":2,"osmTimestamp":"2025-11-02T11:55:07Z","sourceUrl":"https://www.openstreetmap.org/way/1191586183","name":null,"waterType":"basin","sourceTags":{"natural":"water","water":"basin","intermittent":"yes"},"sourceSurveyed":false},"geometry":{"type":"Polygon","coordinates":[[[127.1498273,37.5996033],[127.1478862,37.599574],[127.1502093,37.599015],[127.1498273,37.5996033]]]}},{"type":"Feature","id":"way/1193375616","properties":{"osmType":"way","osmId":1193375616,"osmVersion":6,"osmTimestamp":"2025-10-25T00:26:45Z","sourceUrl":"https://www.openstreetmap.org/way/1193375616","name":null,"waterType":"stream","sourceTags":{"natural":"water","water":"stream"},"sourceSurveyed":false},"geometry":{"type":"Polygon","coordinates":[[[127.0509808,37.660746],[127.0510776,37.6607215],[127.0510674,37.6608584],[127.051061,37.6609125],[127.0509676,37.660911],[127.0509227,37.6609154],[127.0508745,37.6609202],[127.0507664,37.6609408],[127.0507478,37.6609455],[127.0505477,37.6609964],[127.0499589,37.661161],[127.0491934,37.6613582],[127.0489598,37.6614311],[127.0485966,37.6615306],[127.0483443,37.6615972],[127.0479896,37.6617025],[127.0477278,37.6617766],[127.0472869,37.6619018],[127.046899,37.6620219],[127.046517,37.6621277],[127.0461297,37.6622206],[127.0459381,37.6622416],[127.045801,37.6622488],[127.0457006,37.6622461],[127.0454246,37.6622244],[127.0449419,37.662201],[127.0444133,37.6621361],[127.044091,37.6620929],[127.0435562,37.6620152],[127.043039,37.6619399],[127.0427442,37.6618985],[127.0425304,37.661871],[127.0420237,37.6618169],[127.0418598,37.6617953],[127.0417105,37.6617805],[127.0416024,37.6617696],[127.0415153,37.6617635],[127.0413636,37.6617583],[127.0412503,37.6617589],[127.0410109,37.6617577],[127.0407846,37.6617553],[127.0405559,37.6617589],[127.0403014,37.6617596],[127.0401531,37.6617637],[127.0400682,37.66176],[127.0400268,37.6617638],[127.039986,37.6617628],[127.0398208,37.6617688],[127.0395233,37.6617709],[127.0392198,37.6617723],[127.0389285,37.6617794],[127.0384885,37.6617821],[127.0383289,37.6617853],[127.0382227,37.6617843],[127.0380999,37.6617875],[127.0380256,37.6617905],[127.0379253,37.6617911],[127.0378989,37.6617879],[127.0378816,37.6617835],[127.0378574,37.6617785],[127.0378583,37.6617628],[127.0378607,37.6617582],[127.037877,37.6617559],[127.0380105,37.6617564],[127.0381117,37.6617542],[127.0381867,37.6617491],[127.0384864,37.6617437],[127.0390636,37.6617367],[127.0394758,37.6617369],[127.0399925,37.6617288],[127.0403434,37.6617241],[127.0406239,37.6617194],[127.0408156,37.6617174],[127.0410145,37.661716],[127.0412841,37.661718],[127.0414769,37.6617213],[127.0415928,37.6617268],[127.041812,37.6617489],[127.0420189,37.661773],[127.0425207,37.6618303],[127.0430771,37.661916],[127.0435001,37.6619799],[127.0440685,37.662053],[127.0445116,37.6621142],[127.0448394,37.6621528],[127.0449814,37.6621645],[127.0452968,37.6621847],[127.0455725,37.6621877],[127.045759,37.6621938],[127.0458633,37.6621853],[127.0460946,37.6621546],[127.046478,37.6620554],[127.0469018,37.6619288],[127.0472144,37.6618406],[127.0477265,37.6617023],[127.0482041,37.6615615],[127.0485539,37.6614564],[127.048954,37.6613496],[127.0491644,37.6612869],[127.0499652,37.6610577],[127.0504503,37.6609169],[127.0505177,37.6608986],[127.0507582,37.6608311],[127.050817,37.6608068],[127.0508863,37.6607699],[127.0509808,37.660746]]]}},{"type":"Feature","id":"way/1195169439","properties":{"osmType":"way","osmId":1195169439,"osmVersion":1,"osmTimestamp":"2023-08-06T05:27:10Z","sourceUrl":"https://www.openstreetmap.org/way/1195169439","name":null,"waterType":"stream","sourceTags":{"natural":"water","water":"stream"},"sourceSurveyed":false},"geometry":{"type":"Polygon","coordinates":[[[127.0508252,37.6799409],[127.0507094,37.6799633],[127.050611,37.6799656],[127.0505774,37.6799335],[127.0505415,37.6799085],[127.0505489,37.6798924],[127.0505459,37.6798736],[127.0505315,37.6798563],[127.0505169,37.6798456],[127.0505327,37.6798117],[127.0505487,37.679783],[127.0506618,37.6798216],[127.0507819,37.6798112],[127.0508252,37.6799409]]]}},{"type":"Feature","id":"way/1198247701","properties":{"osmType":"way","osmId":1198247701,"osmVersion":2,"osmTimestamp":"2023-08-16T14:31:59Z","sourceUrl":"https://www.openstreetmap.org/way/1198247701","name":null,"waterType":"pond","sourceTags":{"natural":"water","water":"pond"},"sourceSurveyed":false},"geometry":{"type":"Polygon","coordinates":[[[126.9900261,37.5738641],[126.9900017,37.5738593],[126.990029,37.5737889],[126.990058,37.5737932],[126.9900528,37.573807],[126.9900491,37.5738182],[126.9901249,37.5738334],[126.9901037,37.5738799],[126.9901031,37.5738808],[126.9900261,37.5738641]]]}},{"type":"Feature","id":"way/1201621852","properties":{"osmType":"way","osmId":1201621852,"osmVersion":2,"osmTimestamp":"2023-09-11T13:24:25Z","sourceUrl":"https://www.openstreetmap.org/way/1201621852","name":null,"waterType":"unspecified","sourceTags":{"natural":"water"},"sourceSurveyed":false},"geometry":{"type":"Polygon","coordinates":[[[127.163291,37.5884509],[127.1632874,37.5884666],[127.1632827,37.5884805],[127.1632617,37.5884851],[127.1632302,37.5884749],[127.1631893,37.5884453],[127.1631496,37.5884083],[127.1631134,37.5883648],[127.1630866,37.5883075],[127.1630854,37.5882788],[127.1630983,37.5882279],[127.1631274,37.588177],[127.1631414,37.5881604],[127.1631566,37.5881613],[127.1631831,37.588172],[127.1631901,37.5882061],[127.1632032,37.5882525],[127.1632378,37.5883075],[127.1632632,37.5883343],[127.1632779,37.5883764],[127.1632933,37.588424],[127.163291,37.5884509]]]}},{"type":"Feature","id":"way/1201621853","properties":{"osmType":"way","osmId":1201621853,"osmVersion":2,"osmTimestamp":"2023-09-11T13:24:25Z","sourceUrl":"https://www.openstreetmap.org/way/1201621853","name":null,"waterType":"unspecified","sourceTags":{"natural":"water"},"sourceSurveyed":false},"geometry":{"type":"Polygon","coordinates":[[[127.1630285,37.5874287],[127.1630151,37.5874484],[127.1630024,37.5874601],[127.1629883,37.5874606],[127.1629756,37.5874531],[127.1629668,37.5874446],[127.1629508,37.5874244],[127.1629347,37.5873873],[127.1629253,37.5873277],[127.1629159,37.5872565],[127.1629293,37.5871875],[127.162936,37.5871524],[127.1629498,37.5871258],[127.1629648,37.5871147],[127.1629803,37.5871059],[127.1629984,37.5871056],[127.1630118,37.5871104],[127.1630243,37.5871218],[127.1630335,37.5871359],[127.1630487,37.5871736],[127.1630728,37.5872704],[127.1630728,37.5873171],[127.1630554,37.5873809],[127.1630285,37.5874287]]]}},{"type":"Feature","id":"way/1201621859","properties":{"osmType":"way","osmId":1201621859,"osmVersion":2,"osmTimestamp":"2023-09-11T13:24:25Z","sourceUrl":"https://www.openstreetmap.org/way/1201621859","name":null,"waterType":"unspecified","sourceTags":{"natural":"water"},"sourceSurveyed":false},"geometry":{"type":"Polygon","coordinates":[[[127.1629858,37.5867397],[127.1629704,37.586744],[127.1629515,37.5867394],[127.1629342,37.5867287],[127.1628695,37.5866591],[127.1628117,37.5865938],[127.1627947,37.5865523],[127.1627971,37.5865325],[127.1628071,37.5865163],[127.1628333,37.5865108],[127.1628529,37.5865246],[127.1628864,37.5865657],[127.1629426,37.586639],[127.1629681,37.5866933],[127.1629804,37.5867257],[127.1629858,37.5867397]]]}},{"type":"Feature","id":"way/1201658678","properties":{"osmType":"way","osmId":1201658678,"osmVersion":1,"osmTimestamp":"2023-08-24T11:09:28Z","sourceUrl":"https://www.openstreetmap.org/way/1201658678","name":null,"waterType":"reservoir","sourceTags":{"natural":"water","water":"reservoir"},"sourceSurveyed":false},"geometry":{"type":"Polygon","coordinates":[[[127.1678401,37.5943311],[127.1677462,37.5944236],[127.1677181,37.5944233],[127.1676854,37.5944048],[127.1676329,37.5943521],[127.1675313,37.5942633],[127.1675142,37.5942514],[127.1675263,37.5942249],[127.1675343,37.5942174],[127.1676255,37.5942461],[127.1677113,37.5942812],[127.1677583,37.5942791],[127.1678535,37.5942812],[127.1678709,37.5943014],[127.1678401,37.5943311]]]}},{"type":"Feature","id":"way/1201710275","properties":{"osmType":"way","osmId":1201710275,"osmVersion":1,"osmTimestamp":"2023-08-24T14:32:34Z","sourceUrl":"https://www.openstreetmap.org/way/1201710275","name":null,"waterType":"unspecified","sourceTags":{"natural":"water"},"sourceSurveyed":false},"geometry":{"type":"Polygon","coordinates":[[[127.1685894,37.5916529],[127.1685823,37.5916683],[127.1685522,37.5916768],[127.1685283,37.5916662],[127.168515,37.5916368],[127.1685177,37.5915912],[127.1685035,37.5915576],[127.1685124,37.5915435],[127.168531,37.5915407],[127.168554,37.5915646],[127.1685628,37.5916017],[127.1685787,37.5916291],[127.1685894,37.5916529]]]}},{"type":"Feature","id":"way/1201838939","properties":{"osmType":"way","osmId":1201838939,"osmVersion":2,"osmTimestamp":"2023-08-25T04:35:03Z","sourceUrl":"https://www.openstreetmap.org/way/1201838939","name":"인공 폭포","waterType":"pond","sourceTags":{"name":"인공 폭포","natural":"water","water":"pond"},"sourceSurveyed":false},"geometry":{"type":"Polygon","coordinates":[[[127.0132176,37.4998481],[127.013252,37.4997536],[127.0133882,37.4997407],[127.0135508,37.4998213],[127.013687,37.4999374],[127.0136443,37.5000245],[127.0132176,37.4998481]]]}},{"type":"Feature","id":"way/1201851139","properties":{"osmType":"way","osmId":1201851139,"osmVersion":1,"osmTimestamp":"2023-08-25T06:45:34Z","sourceUrl":"https://www.openstreetmap.org/way/1201851139","name":null,"waterType":"unspecified","sourceTags":{"natural":"water"},"sourceSurveyed":false},"geometry":{"type":"Polygon","coordinates":[[[127.1679226,37.594222],[127.1678814,37.594208],[127.1678826,37.5942025],[127.1679061,37.5941973],[127.1679368,37.5941817],[127.1680195,37.5941965],[127.1680348,37.5942096],[127.1680425,37.5942346],[127.1680323,37.5942532],[127.1679931,37.5942698],[127.1679226,37.594222]]]}},{"type":"Feature","id":"way/1201857341","properties":{"osmType":"way","osmId":1201857341,"osmVersion":1,"osmTimestamp":"2023-08-25T07:32:07Z","sourceUrl":"https://www.openstreetmap.org/way/1201857341","name":null,"waterType":"unspecified","sourceTags":{"natural":"water"},"sourceSurveyed":false},"geometry":{"type":"Polygon","coordinates":[[[127.1682624,37.5967273],[127.1682258,37.5967192],[127.1681912,37.5966926],[127.1681984,37.5966564],[127.1682299,37.5966049],[127.1682969,37.5966298],[127.1683071,37.5967055],[127.1682776,37.5967199],[127.1682624,37.5967273]]]}},{"type":"Feature","id":"way/1202009260","properties":{"osmType":"way","osmId":1202009260,"osmVersion":2,"osmTimestamp":"2023-08-25T14:15:45Z","sourceUrl":"https://www.openstreetmap.org/way/1202009260","name":null,"waterType":"unspecified","sourceTags":{"natural":"water"},"sourceSurveyed":false},"geometry":{"type":"Polygon","coordinates":[[[127.1498005,37.6129331],[127.1497966,37.6128923],[127.1498465,37.6128907],[127.1498615,37.612918],[127.1498714,37.6129279],[127.1499014,37.612947],[127.1499208,37.6129648],[127.149933,37.6129898],[127.1499321,37.6130302],[127.1499237,37.6130797],[127.1499094,37.6130957],[127.1498716,37.6131069],[127.1498289,37.6131036],[127.1497227,37.6130908],[127.1496968,37.6130885],[127.1496671,37.6130796],[127.1496532,37.6130668],[127.1496476,37.6130468],[127.1496562,37.6129804],[127.1496665,37.6129589],[127.1497185,37.6129504],[127.1497619,37.6129369],[127.1498005,37.6129331]]]}},{"type":"Feature","id":"way/1202009261","properties":{"osmType":"way","osmId":1202009261,"osmVersion":2,"osmTimestamp":"2023-08-25T14:15:45Z","sourceUrl":"https://www.openstreetmap.org/way/1202009261","name":null,"waterType":"unspecified","sourceTags":{"natural":"water"},"sourceSurveyed":false},"geometry":{"type":"Polygon","coordinates":[[[127.1498457,37.6128642],[127.1497962,37.6128656],[127.1497915,37.6128428],[127.1497086,37.6128211],[127.1496933,37.6127631],[127.1497126,37.6126419],[127.1497416,37.6125807],[127.1497706,37.6125221],[127.1498293,37.612494],[127.14988,37.6124851],[127.1499549,37.6124915],[127.1500225,37.6125081],[127.1500732,37.6125418],[127.1500828,37.6125736],[127.1501088,37.6125776],[127.1500972,37.6126081],[127.1500458,37.6126069],[127.1500112,37.6126126],[127.1499911,37.6126324],[127.1499854,37.612663],[127.1499903,37.6126872],[127.1500072,37.6127089],[127.1499935,37.6127522],[127.1499693,37.6128032],[127.1499251,37.612823],[127.1498816,37.6128377],[127.1498438,37.6128428],[127.1498457,37.6128642]]]}},{"type":"Feature","id":"way/1202009262","properties":{"osmType":"way","osmId":1202009262,"osmVersion":2,"osmTimestamp":"2023-08-25T14:15:45Z","sourceUrl":"https://www.openstreetmap.org/way/1202009262","name":null,"waterType":"unspecified","sourceTags":{"natural":"water"},"sourceSurveyed":false},"geometry":{"type":"Polygon","coordinates":[[[127.1501826,37.6130091],[127.1501258,37.6130032],[127.1501279,37.612969],[127.1500981,37.6129511],[127.150086,37.6129339],[127.1500844,37.612904],[127.1501029,37.6128415],[127.1501855,37.6126299],[127.1501382,37.6126179],[127.1501498,37.6125874],[127.1502,37.6125985],[127.1502301,37.6125763],[127.1502888,37.6125584],[127.1503548,37.6125807],[127.1503935,37.6125992],[127.1504208,37.6126298],[127.1504257,37.6126591],[127.1504031,37.6127133],[127.1502921,37.6129333],[127.1502559,37.612962],[127.1502212,37.6129747],[127.1501939,37.6129785],[127.1501858,37.6129786],[127.1501826,37.6130091]]]}},{"type":"Feature","id":"way/1202009263","properties":{"osmType":"way","osmId":1202009263,"osmVersion":2,"osmTimestamp":"2023-08-25T14:15:45Z","sourceUrl":"https://www.openstreetmap.org/way/1202009263","name":null,"waterType":"unspecified","sourceTags":{"natural":"water"},"sourceSurveyed":false},"geometry":{"type":"Polygon","coordinates":[[[127.150119,37.6130359],[127.1501217,37.6130284],[127.1501785,37.6130342],[127.1501727,37.6130494],[127.1502151,37.6130556],[127.1502625,37.6130521],[127.1502997,37.6130346],[127.1503393,37.6130085],[127.1503792,37.6129704],[127.1504045,37.6129358],[127.1505036,37.6127536],[127.1505446,37.6126788],[127.1505769,37.6126541],[127.1506241,37.6126362],[127.1506755,37.6126305],[127.1507334,37.6126462],[127.1507839,37.6126634],[127.1508227,37.6126857],[127.1508632,37.6127099],[127.1508965,37.6127311],[127.1509163,37.6127666],[127.1509154,37.6128033],[127.1508845,37.6128894],[127.1508676,37.6128989],[127.1508399,37.6129012],[127.1508112,37.6129004],[127.1507854,37.6128897],[127.1507687,37.6128731],[127.1507651,37.6128462],[127.1507446,37.6127978],[127.1507155,37.612762],[127.1506683,37.6127523],[127.1506101,37.6127692],[127.1505563,37.6127999],[127.1505227,37.6128571],[127.1505067,37.6129049],[127.1505058,37.6129521],[127.1504881,37.6130034],[127.1504399,37.61307],[127.1504021,37.6131696],[127.1503783,37.6132213],[127.1503545,37.6132411],[127.1503173,37.6132498],[127.1502722,37.6132502],[127.1502313,37.613243],[127.1501533,37.6132246],[127.1500935,37.6132043],[127.1500648,37.6131758],[127.1500536,37.613128],[127.1500591,37.6130739],[127.1500648,37.6130484],[127.1500842,37.6130383],[127.1501029,37.6130359],[127.150119,37.6130359]]]}},{"type":"Feature","id":"way/1202009264","properties":{"osmType":"way","osmId":1202009264,"osmVersion":1,"osmTimestamp":"2023-08-25T14:03:05Z","sourceUrl":"https://www.openstreetmap.org/way/1202009264","name":null,"waterType":"basin","sourceTags":{"natural":"water","water":"basin","intermittent":"yes"},"sourceSurveyed":false},"geometry":{"type":"Polygon","coordinates":[[[127.1497966,37.6128923],[127.1497962,37.6128656],[127.1498457,37.6128642],[127.1498465,37.6128907],[127.1497966,37.6128923]]]}},{"type":"Feature","id":"way/1202009265","properties":{"osmType":"way","osmId":1202009265,"osmVersion":1,"osmTimestamp":"2023-08-25T14:03:05Z","sourceUrl":"https://www.openstreetmap.org/way/1202009265","name":null,"waterType":"basin","sourceTags":{"natural":"water","water":"basin","intermittent":"yes"},"sourceSurveyed":false},"geometry":{"type":"Polygon","coordinates":[[[127.1501217,37.6130284],[127.1501258,37.6130032],[127.1501826,37.6130091],[127.1501785,37.6130342],[127.1501217,37.6130284]]]}},{"type":"Feature","id":"way/1202009273","properties":{"osmType":"way","osmId":1202009273,"osmVersion":1,"osmTimestamp":"2023-08-25T14:03:05Z","sourceUrl":"https://www.openstreetmap.org/way/1202009273","name":null,"waterType":"basin","sourceTags":{"natural":"water","water":"basin","intermittent":"yes"},"sourceSurveyed":false},"geometry":{"type":"Polygon","coordinates":[[[127.1501382,37.6126179],[127.1500972,37.6126081],[127.1501088,37.6125776],[127.1501498,37.6125874],[127.1501382,37.6126179]]]}},{"type":"Feature","id":"way/1207055678","properties":{"osmType":"way","osmId":1207055678,"osmVersion":1,"osmTimestamp":"2023-09-12T02:40:56Z","sourceUrl":"https://www.openstreetmap.org/way/1207055678","name":null,"waterType":"basin","sourceTags":{"natural":"water","water":"basin","intermittent":"yes"},"sourceSurveyed":false},"geometry":{"type":"Polygon","coordinates":[[[127.1461493,37.4865028],[127.1461032,37.4865034],[127.1460641,37.4865083],[127.1460368,37.4865144],[127.1459955,37.4865119],[127.1459913,37.4865079],[127.1459907,37.4865028],[127.1460008,37.4864945],[127.1460093,37.4864856],[127.1460385,37.4864812],[127.1460465,37.4864594],[127.146081,37.4864462],[127.1460974,37.4864366],[127.1461178,37.4864351],[127.1461433,37.4864332],[127.1461573,37.4864366],[127.1461493,37.4864579],[127.1461747,37.486467],[127.1462055,37.4864799],[127.1462043,37.4864835],[127.1461835,37.4864889],[127.1461493,37.4865028]]]}},{"type":"Feature","id":"way/1207610285","properties":{"osmType":"way","osmId":1207610285,"osmVersion":1,"osmTimestamp":"2023-09-13T22:32:11Z","sourceUrl":"https://www.openstreetmap.org/way/1207610285","name":"샛다리지","waterType":"lake","sourceTags":{"name":"샛다리지","name:ko":"샛다리지","natural":"water","water":"lake"},"sourceSurveyed":false},"geometry":{"type":"Polygon","coordinates":[[[127.1277799,37.5914015],[127.1273522,37.5912169],[127.1273859,37.5910826],[127.1276579,37.5911808],[127.1277728,37.5911818],[127.1279126,37.5911696],[127.128025,37.5911696],[127.1281195,37.5912263],[127.1284061,37.5915842],[127.1282995,37.5916021],[127.128193,37.5915705],[127.1277799,37.5914015]]]}},{"type":"Feature","id":"way/1207733874","properties":{"osmType":"way","osmId":1207733874,"osmVersion":1,"osmTimestamp":"2023-09-14T11:30:16Z","sourceUrl":"https://www.openstreetmap.org/way/1207733874","name":null,"waterType":"unspecified","sourceTags":{"natural":"water"},"sourceSurveyed":false},"geometry":{"type":"Polygon","coordinates":[[[127.1607085,37.5907312],[127.1607083,37.5907062],[127.1607136,37.5906802],[127.1607243,37.5906554],[127.1607402,37.5906323],[127.1607608,37.5906117],[127.1607854,37.5905941],[127.1608135,37.5905801],[127.1608441,37.59057],[127.1608764,37.5905642],[127.1609095,37.5905627],[127.1609425,37.5905657],[127.1609743,37.5905731],[127.1610041,37.5905846],[127.161031,37.5905999],[127.1610543,37.5906186],[127.1610733,37.5906402],[127.1610874,37.590664],[127.1610962,37.5906893],[127.1610995,37.5907154],[127.1610973,37.5907416],[127.1610899,37.590766],[127.1610778,37.590789],[127.1610611,37.5908103],[127.1610403,37.5908291],[127.161016,37.590845],[127.1609888,37.5908577],[127.1609594,37.5908667],[127.1609285,37.5908719],[127.160897,37.590873],[127.1608657,37.5908702],[127.1608353,37.5908634],[127.1608067,37.5908528],[127.1607806,37.5908387],[127.1607578,37.5908215],[127.1607387,37.5908016],[127.1607238,37.5907795],[127.1607137,37.5907558],[127.1607085,37.5907312]]]}},{"type":"Feature","id":"way/1207733875","properties":{"osmType":"way","osmId":1207733875,"osmVersion":1,"osmTimestamp":"2023-09-14T11:30:16Z","sourceUrl":"https://www.openstreetmap.org/way/1207733875","name":null,"waterType":"unspecified","sourceTags":{"natural":"water"},"sourceSurveyed":false},"geometry":{"type":"Polygon","coordinates":[[[127.1602481,37.5905146],[127.1602479,37.5904896],[127.1602532,37.5904637],[127.160264,37.5904388],[127.1602798,37.5904157],[127.1603004,37.5903951],[127.160325,37.5903775],[127.1603531,37.5903635],[127.1603837,37.5903534],[127.160416,37.5903476],[127.1604491,37.5903462],[127.1604821,37.5903492],[127.1605139,37.5903565],[127.1605437,37.590368],[127.1605706,37.5903834],[127.1605939,37.5904021],[127.1606129,37.5904236],[127.160627,37.5904474],[127.1606358,37.5904727],[127.1606392,37.5904989],[127.1606369,37.5905251],[127.1606295,37.5905494],[127.1606174,37.5905725],[127.1606007,37.5905937],[127.16058,37.5906125],[127.1605557,37.5906285],[127.1605284,37.5906411],[127.160499,37.5906501],[127.1604681,37.5906553],[127.1604366,37.5906565],[127.1604053,37.5906536],[127.1603749,37.5906468],[127.1603463,37.5906362],[127.1603203,37.5906221],[127.1602974,37.5906049],[127.1602783,37.590585],[127.1602635,37.5905629],[127.1602533,37.5905393],[127.1602481,37.5905146]]]}},{"type":"Feature","id":"way/1207733876","properties":{"osmType":"way","osmId":1207733876,"osmVersion":1,"osmTimestamp":"2023-09-14T11:30:16Z","sourceUrl":"https://www.openstreetmap.org/way/1207733876","name":null,"waterType":"unspecified","sourceTags":{"natural":"water"},"sourceSurveyed":false},"geometry":{"type":"Polygon","coordinates":[[[127.1599785,37.590878],[127.1599784,37.590853],[127.1599837,37.5908271],[127.1599944,37.5908022],[127.1600103,37.5907792],[127.1600308,37.5907586],[127.1600555,37.590741],[127.1600835,37.590727],[127.1601141,37.5907169],[127.1601465,37.590711],[127.1601796,37.5907096],[127.1602125,37.5907126],[127.1602443,37.59072],[127.1602741,37.5907315],[127.1603011,37.5907468],[127.1603243,37.5907655],[127.1603433,37.5907871],[127.1603574,37.5908108],[127.1603663,37.5908362],[127.1603696,37.5908623],[127.1603673,37.5908885],[127.16036,37.5909128],[127.1603478,37.5909359],[127.1603312,37.5909571],[127.1603104,37.590976],[127.1602861,37.5909919],[127.1602589,37.5910045],[127.1602295,37.5910136],[127.1601986,37.5910187],[127.1601671,37.5910199],[127.1601357,37.591017],[127.1601053,37.5910102],[127.1600768,37.5909996],[127.1600507,37.5909856],[127.1600278,37.5909683],[127.1600087,37.5909484],[127.1599939,37.5909264],[127.1599837,37.5909027],[127.1599785,37.590878]]]}},{"type":"Feature","id":"way/1207733877","properties":{"osmType":"way","osmId":1207733877,"osmVersion":1,"osmTimestamp":"2023-09-14T11:30:16Z","sourceUrl":"https://www.openstreetmap.org/way/1207733877","name":null,"waterType":"unspecified","sourceTags":{"natural":"water"},"sourceSurveyed":false},"geometry":{"type":"Polygon","coordinates":[[[127.1604399,37.5910927],[127.1604397,37.5910677],[127.160445,37.5910418],[127.1604557,37.5910169],[127.1604716,37.5909938],[127.1604922,37.5909732],[127.1605168,37.5909556],[127.1605449,37.5909416],[127.1605755,37.5909315],[127.1606078,37.5909257],[127.1606409,37.5909243],[127.1606738,37.5909273],[127.1607057,37.5909346],[127.1607355,37.5909461],[127.1607624,37.5909615],[127.1607857,37.5909802],[127.1608046,37.5910017],[127.1608188,37.5910255],[127.1608276,37.5910508],[127.1608309,37.591077],[127.1608286,37.5911032],[127.1608213,37.5911275],[127.1608092,37.5911506],[127.1607925,37.5911718],[127.1607717,37.5911906],[127.1607474,37.5912066],[127.1607202,37.5912192],[127.1606908,37.5912282],[127.1606599,37.5912334],[127.1606284,37.5912346],[127.160597,37.5912317],[127.1605667,37.5912249],[127.1605381,37.5912143],[127.160512,37.5912002],[127.1604891,37.591183],[127.1604701,37.5911631],[127.1604552,37.591141],[127.1604451,37.5911173],[127.1604399,37.5910927]]]}},{"type":"Feature","id":"way/1210537344","properties":{"osmType":"way","osmId":1210537344,"osmVersion":1,"osmTimestamp":"2023-09-24T13:05:42Z","sourceUrl":"https://www.openstreetmap.org/way/1210537344","name":null,"waterType":"pond","sourceTags":{"natural":"water","water":"pond"},"sourceSurveyed":false},"geometry":{"type":"Polygon","coordinates":[[[126.8310895,37.5290739],[126.8308776,37.5290622],[126.8308792,37.5290443],[126.8304068,37.5290183],[126.8304052,37.5290364],[126.8303269,37.5290322],[126.8303317,37.5289761],[126.8303921,37.5289794],[126.8303904,37.5289996],[126.830881,37.5290258],[126.8308894,37.5289269],[126.8309278,37.528929],[126.8309253,37.5289582],[126.8309538,37.5289597],[126.8309563,37.5289301],[126.8309753,37.5289311],[126.8309728,37.5289603],[126.8309961,37.5289616],[126.8309983,37.5289367],[126.8310376,37.5289388],[126.8310352,37.5289657],[126.8310668,37.5289675],[126.831069,37.5289421],[126.8311009,37.5289439],[126.8310895,37.5290739]]]}},{"type":"Feature","id":"way/1211183380","properties":{"osmType":"way","osmId":1211183380,"osmVersion":2,"osmTimestamp":"2026-02-17T18:44:32Z","sourceUrl":"https://www.openstreetmap.org/way/1211183380","name":"주암소류지","waterType":"reservoir","sourceTags":{"name":"주암소류지","natural":"water","water":"reservoir"},"sourceSurveyed":false},"geometry":{"type":"Polygon","coordinates":[[[127.0276058,37.4434623],[127.0273,37.4433505],[127.0273107,37.4432483],[127.0273872,37.4431578],[127.0274663,37.4431504],[127.027697,37.4431738],[127.0277868,37.4432952],[127.0277707,37.443374],[127.0276058,37.4434623]]]}},{"type":"Feature","id":"way/1214934083","properties":{"osmType":"way","osmId":1214934083,"osmVersion":1,"osmTimestamp":"2023-10-12T00:47:03Z","sourceUrl":"https://www.openstreetmap.org/way/1214934083","name":null,"waterType":"pond","sourceTags":{"natural":"water","water":"pond"},"sourceSurveyed":false},"geometry":{"type":"Polygon","coordinates":[[[126.9871089,37.5812104],[126.9869433,37.5812135],[126.9869425,37.5811592],[126.9871081,37.5811575],[126.9871089,37.5812104]]]}},{"type":"Feature","id":"way/1216011534","properties":{"osmType":"way","osmId":1216011534,"osmVersion":4,"osmTimestamp":"2026-08-29T05:00:04Z","sourceUrl":"https://www.openstreetmap.org/way/1216011534","name":null,"waterType":"pond","sourceTags":{"natural":"water","water":"pond"},"sourceSurveyed":false},"geometry":{"type":"Polygon","coordinates":[[[127.0995778,37.5084756],[127.0995531,37.5083983],[127.0995952,37.508407],[127.0996384,37.508429],[127.0996661,37.5084913],[127.0997015,37.508517],[127.0997524,37.5085586],[127.0997508,37.5085867],[127.099737,37.5086209],[127.099661,37.5086974],[127.0995475,37.5087822],[127.0995151,37.508792],[127.0994843,37.5087785],[127.0993457,37.5086954],[127.099512,37.5085109],[127.0995778,37.5084756]]]}},{"type":"Feature","id":"way/1216017765","properties":{"osmType":"way","osmId":1216017765,"osmVersion":1,"osmTimestamp":"2023-10-16T13:09:08Z","sourceUrl":"https://www.openstreetmap.org/way/1216017765","name":null,"waterType":"pond","sourceTags":{"natural":"water","water":"pond"},"sourceSurveyed":false},"geometry":{"type":"Polygon","coordinates":[[[126.9158397,37.5255298],[126.9157972,37.5255032],[126.9160131,37.5253004],[126.9161193,37.5253551],[126.9161193,37.525386],[126.9161007,37.5253909],[126.9161016,37.5254091],[126.9160768,37.525433],[126.916052,37.5254274],[126.9160237,37.5254302],[126.9159954,37.5254449],[126.9159866,37.5254597],[126.9159883,37.5254807],[126.9159901,37.5254962],[126.9159582,37.525527],[126.9159131,37.5255018],[126.915891,37.525487],[126.9158636,37.525506],[126.9158397,37.5255298]]]}},{"type":"Feature","id":"way/1216463843","properties":{"osmType":"way","osmId":1216463843,"osmVersion":1,"osmTimestamp":"2023-10-18T11:09:45Z","sourceUrl":"https://www.openstreetmap.org/way/1216463843","name":null,"waterType":"unspecified","sourceTags":{"natural":"water"},"sourceSurveyed":false},"geometry":{"type":"Polygon","coordinates":[[[127.1650362,37.5856897],[127.1649902,37.5856967],[127.1649955,37.5856659],[127.1650044,37.5856182],[127.164992,37.5855004],[127.1649548,37.5853868],[127.1650752,37.5853434],[127.1651106,37.5854696],[127.1650964,37.5855789],[127.1650539,37.5856659],[127.1650362,37.5856897]]]}},{"type":"Feature","id":"way/1218816401","properties":{"osmType":"way","osmId":1218816401,"osmVersion":3,"osmTimestamp":"2024-02-22T05:16:32Z","sourceUrl":"https://www.openstreetmap.org/way/1218816401","name":null,"waterType":"stream","sourceTags":{"natural":"water","water":"stream"},"sourceSurveyed":false},"geometry":{"type":"Polygon","coordinates":[[[126.7741761,37.6160332],[126.7741905,37.6158387],[126.7742009,37.615673],[126.7742064,37.6155494],[126.7742157,37.6154581],[126.7742334,37.615357],[126.7742449,37.6153009],[126.774254,37.6151826],[126.7742741,37.6149605],[126.7742942,37.6147769],[126.7743149,37.6146527],[126.7743359,37.6145842],[126.7743619,37.6145158],[126.7744198,37.6144105],[126.774454,37.6143789],[126.7744984,37.6143423],[126.7745378,37.6143261],[126.7745806,37.6143169],[126.7746583,37.6143028],[126.7747232,37.6142747],[126.7747843,37.6142532],[126.7747952,37.6142458],[126.7747915,37.6142366],[126.7747611,37.61421],[126.7747223,37.6141673],[126.7746994,37.6141388],[126.774684,37.614123],[126.7746742,37.6141208],[126.7746397,37.6141343],[126.7746086,37.6141442],[126.7745913,37.6141443],[126.7745755,37.6141372],[126.7745468,37.6141118],[126.7745051,37.6140712],[126.7744747,37.614034],[126.7744477,37.613995],[126.7744159,37.6139382],[126.7744015,37.6139041],[126.7743928,37.613896],[126.774383,37.6138934],[126.7743562,37.6138832],[126.7743455,37.6138778],[126.7743216,37.6138511],[126.7743218,37.6138398],[126.774355,37.6137947],[126.7744205,37.6137941],[126.7744511,37.6138393],[126.7744549,37.6138527],[126.7744613,37.6138889],[126.7744764,37.613937],[126.7744886,37.613965],[126.7745055,37.6139948],[126.774526,37.6140209],[126.7745456,37.6140416],[126.7745701,37.6140559],[126.7745869,37.6140595],[126.7746018,37.6140565],[126.77465,37.6140253],[126.774679,37.6140133],[126.7746908,37.6140122],[126.7747078,37.6140231],[126.7747933,37.6140861],[126.7748593,37.6141388],[126.7748984,37.6141753],[126.7749411,37.6142192],[126.7749606,37.6142361],[126.7749802,37.6142421],[126.7750126,37.6142365],[126.7750892,37.6141994],[126.775186,37.6141534],[126.7752647,37.6141155],[126.7753353,37.6140867],[126.7753492,37.6140892],[126.7753755,37.6141225],[126.7753873,37.6141238],[126.7756782,37.6139945],[126.776278,37.6137369],[126.7769511,37.6134408],[126.7776741,37.6131324],[126.7783589,37.6128305],[126.7789435,37.6125763],[126.7796469,37.6122716],[126.780553,37.6118695],[126.7815303,37.6114475],[126.7821797,37.6111677],[126.7827559,37.6109209],[126.783107,37.6107699],[126.7831365,37.6108134],[126.7828883,37.6109219],[126.7824595,37.611114],[126.7818553,37.6113686],[126.7810363,37.6117209],[126.7800148,37.6121669],[126.7793353,37.6124622],[126.7787166,37.6127347],[126.7780224,37.6130342],[126.7772493,37.6133771],[126.7765249,37.6136832],[126.7758517,37.6139776],[126.7754677,37.6141385],[126.7754206,37.6141618],[126.7754201,37.6141724],[126.7754339,37.6141927],[126.7752007,37.6143159],[126.7750882,37.6143753],[126.7749471,37.6144481],[126.7749032,37.614477],[126.7748631,37.6145193],[126.7748081,37.6145837],[126.7747407,37.6146514],[126.7746483,37.6147433],[126.774586,37.6148416],[126.7745356,37.6149698],[126.7744981,37.6151085],[126.7744749,37.6152094],[126.7744322,37.6155182],[126.7744147,37.6156855],[126.7743962,37.6158881],[126.7743716,37.6160887],[126.7743467,37.6162968],[126.7743295,37.6164047],[126.7743102,37.6164874],[126.7742754,37.6165716],[126.7742425,37.6166199],[126.7741686,37.6167009],[126.7741343,37.6167796],[126.7741251,37.6168136],[126.7741114,37.6168382],[126.7740842,37.6168534],[126.7740574,37.6168484],[126.7740287,37.6168361],[126.7740107,37.6168147],[126.7740035,37.6167859],[126.7740109,37.6167385],[126.7740251,37.6166859],[126.7740897,37.616546],[126.7741303,37.6164627],[126.7741442,37.6164123],[126.7741517,37.6163619],[126.7741562,37.6162832],[126.7741761,37.6160332]]]}},{"type":"Feature","id":"way/1219042581","properties":{"osmType":"way","osmId":1219042581,"osmVersion":1,"osmTimestamp":"2023-10-28T16:44:51Z","sourceUrl":"https://www.openstreetmap.org/way/1219042581","name":null,"waterType":"stream","sourceTags":{"natural":"water","water":"stream"},"sourceSurveyed":false},"geometry":{"type":"Polygon","coordinates":[[[126.7859708,37.6094301],[126.7856224,37.6096153],[126.7855428,37.6095252],[126.7859808,37.6092868],[126.7860137,37.6093256],[126.7860098,37.6093398],[126.7859319,37.6093839],[126.7859708,37.6094301]]]}},{"type":"Feature","id":"way/1219042582","properties":{"osmType":"way","osmId":1219042582,"osmVersion":1,"osmTimestamp":"2023-10-28T16:44:51Z","sourceUrl":"https://www.openstreetmap.org/way/1219042582","name":null,"waterType":"stream","sourceTags":{"natural":"water","water":"stream"},"sourceSurveyed":false},"geometry":{"type":"Polygon","coordinates":[[[126.7858908,37.6091968],[126.785869,37.6092056],[126.7858584,37.6092029],[126.7858337,37.6091705],[126.785807,37.6091263],[126.7857925,37.6090985],[126.7857819,37.6090666],[126.7857785,37.6090403],[126.7857767,37.6090047],[126.7857824,37.6089456],[126.785791,37.6088822],[126.7858338,37.6086594],[126.785988,37.6081205],[126.7861335,37.6075471],[126.7862289,37.6071619],[126.7862463,37.6070848],[126.7862635,37.6070269],[126.7862916,37.6069681],[126.7863547,37.6068594],[126.7864148,37.606787],[126.7865097,37.6066925],[126.7866202,37.6065927],[126.7867231,37.6065103],[126.78685,37.6064209],[126.7869742,37.6063477],[126.7871297,37.6062689],[126.7873207,37.6061852],[126.7876883,37.6060288],[126.7885441,37.6056687],[126.7892837,37.6053397],[126.7900656,37.6049855],[126.7905962,37.60475],[126.7906303,37.6048013],[126.7902413,37.6049767],[126.789556,37.6052876],[126.788772,37.6056375],[126.7875229,37.6061789],[126.7871754,37.6063324],[126.7869715,37.6064312],[126.7868533,37.606502],[126.7867306,37.6065915],[126.7865795,37.6067313],[126.7864869,37.6068225],[126.7864174,37.6069145],[126.7863652,37.606988],[126.786329,37.6070741],[126.7862667,37.6073395],[126.786132,37.607892],[126.7860587,37.6081807],[126.7859863,37.6084369],[126.7859276,37.6086391],[126.7858817,37.6088488],[126.7858694,37.608942],[126.7858662,37.6089691],[126.7858598,37.6089902],[126.785848,37.6090142],[126.785843,37.609035],[126.7858435,37.6090629],[126.7858551,37.609104],[126.7858639,37.6091308],[126.7858769,37.6091591],[126.7858934,37.6091887],[126.7858908,37.6091968]]]}},{"type":"Feature","id":"way/1219042587","properties":{"osmType":"way","osmId":1219042587,"osmVersion":1,"osmTimestamp":"2023-10-28T16:44:51Z","sourceUrl":"https://www.openstreetmap.org/way/1219042587","name":null,"waterType":"stream","sourceTags":{"natural":"water","water":"stream"},"sourceSurveyed":false},"geometry":{"type":"Polygon","coordinates":[[[126.7912946,37.6045126],[126.791043,37.6046251],[126.7910059,37.6045678],[126.7913147,37.6044342],[126.7912946,37.6045126]]]}},{"type":"Feature","id":"way/1219042588","properties":{"osmType":"way","osmId":1219042588,"osmVersion":1,"osmTimestamp":"2023-10-28T16:44:51Z","sourceUrl":"https://www.openstreetmap.org/way/1219042588","name":null,"waterType":"stream","sourceTags":{"natural":"water","water":"stream"},"sourceSurveyed":false},"geometry":{"type":"Polygon","coordinates":[[[126.7917392,37.6043],[126.791756,37.6042059],[126.7920317,37.604089],[126.7920781,37.604066],[126.7921045,37.6040423],[126.7921072,37.6040131],[126.7921008,37.6039842],[126.7920803,37.6039289],[126.7919754,37.6037135],[126.7918317,37.6034323],[126.7918005,37.6033582],[126.7917753,37.6032767],[126.7917568,37.6031918],[126.7917516,37.6030896],[126.7917573,37.6030019],[126.7917762,37.602916],[126.7918249,37.6027998],[126.7918685,37.6027185],[126.7919196,37.6026419],[126.7919802,37.6025635],[126.7920538,37.6024887],[126.7921786,37.6023738],[126.792344,37.6022564],[126.7924289,37.6021959],[126.7925232,37.6021359],[126.7926852,37.6020526],[126.7928071,37.6019984],[126.7930028,37.6019257],[126.7937198,37.6016963],[126.7943854,37.6014802],[126.7948304,37.6013202],[126.7950719,37.6012214],[126.7951879,37.6011672],[126.7952842,37.6011154],[126.7953629,37.6010644],[126.7954548,37.6010038],[126.7956489,37.6008527],[126.7960873,37.600502],[126.7961753,37.6004283],[126.7962418,37.600359],[126.7962908,37.6002925],[126.7963342,37.6002203],[126.7963673,37.6001497],[126.7963812,37.600104],[126.7964878,37.6000433],[126.7964522,37.6001397],[126.796423,37.6002138],[126.7963716,37.6003057],[126.7963167,37.6003784],[126.7962398,37.600466],[126.7960991,37.6005805],[126.7958958,37.6007435],[126.7956512,37.6009319],[126.7954519,37.6010805],[126.7953142,37.6011675],[126.7952041,37.6012262],[126.7951208,37.6012631],[126.7946386,37.6014482],[126.7940759,37.6016349],[126.7934014,37.6018503],[126.7931137,37.6019459],[126.7928895,37.6020208],[126.7926941,37.6021067],[126.7926179,37.6021484],[126.7925334,37.6021945],[126.7923815,37.6023004],[126.7922392,37.6024059],[126.7921191,37.6025136],[126.7920473,37.6025885],[126.7919545,37.6027124],[126.7919108,37.6027967],[126.7918793,37.6028608],[126.7918484,37.6029485],[126.791836,37.6030094],[126.7918319,37.6030707],[126.7918345,37.6031631],[126.7918656,37.6033012],[126.7918942,37.6033886],[126.7919447,37.6034979],[126.7921668,37.6039329],[126.7921836,37.6039885],[126.7921879,37.6040284],[126.792177,37.6040612],[126.792154,37.6040905],[126.7921163,37.6041186],[126.7920375,37.6041605],[126.7917392,37.6043]]]}},{"type":"Feature","id":"way/1219042589","properties":{"osmType":"way","osmId":1219042589,"osmVersion":1,"osmTimestamp":"2023-10-28T16:44:51Z","sourceUrl":"https://www.openstreetmap.org/way/1219042589","name":null,"waterType":"stream","sourceTags":{"natural":"water","water":"stream"},"sourceSurveyed":false},"geometry":{"type":"Polygon","coordinates":[[[126.7964168,37.5999192],[126.7963755,37.5998473],[126.7961749,37.5995757],[126.7959893,37.599331],[126.79608,37.5993389],[126.7962865,37.5996072],[126.796385,37.5997391],[126.7964362,37.5998155],[126.7964684,37.599874],[126.7964168,37.5999192]]]}},{"type":"Feature","id":"way/1219042590","properties":{"osmType":"way","osmId":1219042590,"osmVersion":1,"osmTimestamp":"2023-10-28T16:44:51Z","sourceUrl":"https://www.openstreetmap.org/way/1219042590","name":null,"waterType":"stream","sourceTags":{"natural":"water","water":"stream"},"sourceSurveyed":false},"geometry":{"type":"Polygon","coordinates":[[[126.7959727,37.599188],[126.7958791,37.5991795],[126.7958099,37.5990895],[126.7958788,37.5990533],[126.7959727,37.599188]]]}},{"type":"Feature","id":"way/1219042593","properties":{"osmType":"way","osmId":1219042593,"osmVersion":1,"osmTimestamp":"2023-10-28T16:44:51Z","sourceUrl":"https://www.openstreetmap.org/way/1219042593","name":null,"waterType":"stream","sourceTags":{"natural":"water","water":"stream"},"sourceSurveyed":false},"geometry":{"type":"Polygon","coordinates":[[[126.7852423,37.6092282],[126.785225,37.6091054],[126.7852108,37.6090903],[126.7851817,37.6090666],[126.7851693,37.6090472],[126.7851682,37.6090245],[126.7851876,37.6088411],[126.7852007,37.6087947],[126.7852249,37.6087577],[126.785252,37.6087323],[126.7852908,37.6086949],[126.7853063,37.6086681],[126.7853092,37.6086299],[126.7853132,37.608597],[126.7853369,37.608538],[126.7853455,37.6084995],[126.7853418,37.6084317],[126.7853429,37.6083619],[126.785349,37.6083038],[126.7853525,37.6081615],[126.7853405,37.6080897],[126.7853186,37.6080332],[126.7852685,37.6079369],[126.7852014,37.6078381],[126.7851323,37.6077149],[126.7850919,37.6076222],[126.7849662,37.6073298],[126.7849546,37.6072876],[126.7849493,37.6072486],[126.7849569,37.6071964],[126.7849857,37.6071266],[126.7850419,37.6070262],[126.7851119,37.6069243],[126.7852367,37.6067438],[126.7852876,37.6066835],[126.7853368,37.6066379],[126.7854064,37.6065823],[126.7855578,37.6064741],[126.7858798,37.6062517],[126.7860674,37.6061264],[126.7861284,37.6060849],[126.7861582,37.606057],[126.7861769,37.6060226],[126.7862049,37.6059582],[126.7862368,37.6059108],[126.7863192,37.6058213],[126.7864713,37.6056722],[126.7866385,37.6055239],[126.786758,37.6054162],[126.7869291,37.6052779],[126.7871082,37.6051505],[126.7873299,37.6050086],[126.7876236,37.604818],[126.7876616,37.6047893],[126.7876752,37.6047651],[126.7876814,37.6047273],[126.7876852,37.6046914],[126.7876758,37.6046626],[126.7876441,37.6046266],[126.7875809,37.6045718],[126.7877452,37.6044223],[126.7878216,37.60449],[126.7878608,37.6045271],[126.7878964,37.6045545],[126.787928,37.6045671],[126.7879623,37.6045643],[126.7879888,37.6045499],[126.7880706,37.6044756],[126.7881776,37.6044022],[126.7883546,37.6042993],[126.7887061,37.6041203],[126.7890172,37.6039559],[126.789401,37.6037296],[126.7894798,37.6036798],[126.7895302,37.6036402],[126.7895794,37.6035899],[126.7896191,37.6035332],[126.7896666,37.603448],[126.7897051,37.6033916],[126.7897603,37.6033257],[126.7898463,37.6032435],[126.7899409,37.6031576],[126.7899839,37.6031208],[126.7900252,37.60309],[126.7900662,37.6030643],[126.7901405,37.6030165],[126.790201,37.6029809],[126.7902765,37.6029417],[126.7902813,37.6029545],[126.7902009,37.6030064],[126.7901502,37.6030447],[126.790135,37.6030615],[126.7901384,37.6030702],[126.7901526,37.6030742],[126.7901995,37.6030849],[126.7902658,37.6030966],[126.7903471,37.603114],[126.7903442,37.6031208],[126.7902728,37.6031134],[126.7902239,37.6031106],[126.7901726,37.6031131],[126.7901169,37.6031193],[126.7900734,37.6031265],[126.7900359,37.603136],[126.7900133,37.6031489],[126.7899877,37.603173],[126.7899546,37.6032093],[126.7899231,37.6032466],[126.7898941,37.603291],[126.7898837,37.603331],[126.7898894,37.6033563],[126.7899097,37.6033816],[126.7899358,37.6033922],[126.7899853,37.6033953],[126.7901174,37.6033845],[126.7902633,37.6033831],[126.790421,37.6033898],[126.7905944,37.6033983],[126.7907282,37.6034198],[126.7908528,37.6034456],[126.7909359,37.6034749],[126.7909998,37.6035013],[126.7910484,37.6035292],[126.7911515,37.6036016],[126.7912448,37.6036745],[126.7912989,37.603702],[126.7913555,37.6037151],[126.7914408,37.6037272],[126.7915677,37.6037383],[126.7915658,37.6037724],[126.7914845,37.6037687],[126.791369,37.6037577],[126.7913064,37.6037449],[126.7912665,37.6037302],[126.7912204,37.6037063],[126.7911829,37.6036796],[126.7910175,37.6035652],[126.7909344,37.60352],[126.7908649,37.6034926],[126.790758,37.6034688],[126.7906004,37.6034475],[126.7903487,37.6034398],[126.7901901,37.6034411],[126.7900506,37.6034478],[126.7899663,37.6034572],[126.7899027,37.6034699],[126.7898361,37.6034973],[126.7898077,37.6035345],[126.7898076,37.6035605],[126.7898212,37.6035779],[126.7898498,37.6035935],[126.7898777,37.6036037],[126.7899145,37.6036136],[126.789952,37.6036324],[126.7900008,37.6036727],[126.7901042,37.603777],[126.790158,37.6038371],[126.79022,37.6039047],[126.790346,37.6040441],[126.7904429,37.6041596],[126.7906335,37.6043935],[126.7906734,37.6044287],[126.790758,37.604492],[126.7907985,37.6045563],[126.7906005,37.604639],[126.7905584,37.6045855],[126.7905506,37.6045547],[126.7905399,37.604481],[126.7905157,37.6044293],[126.7904059,37.6042801],[126.7902925,37.6041336],[126.7901563,37.6039813],[126.7900953,37.6039313],[126.7900569,37.6039098],[126.790018,37.6038979],[126.7899797,37.6038965],[126.789935,37.6039036],[126.7898743,37.6039341],[126.7898106,37.6039758],[126.789656,37.6040826],[126.7894589,37.6041984],[126.7894031,37.6042314],[126.7893314,37.6042663],[126.7892628,37.6042908],[126.7891426,37.6043242],[126.7890474,37.6043493],[126.7889924,37.6043676],[126.7889445,37.604389],[126.7888623,37.604431],[126.788808,37.6044552],[126.7886826,37.6045014],[126.7885577,37.6045511],[126.7884709,37.6045895],[126.7883622,37.6046523],[126.7882843,37.6047046],[126.7882589,37.6047355],[126.7882449,37.6047594],[126.788227,37.6047782],[126.7881914,37.6047988],[126.7881168,37.6048348],[126.7880793,37.6048578],[126.7879652,37.6049503],[126.7879108,37.6049942],[126.7878524,37.6050378],[126.7877639,37.6050915],[126.7875372,37.6052235],[126.7873218,37.6053845],[126.7870792,37.605599],[126.7869082,37.6057557],[126.7866294,37.6060409],[126.7865061,37.6061534],[126.7863494,37.6062945],[126.7861476,37.6064787],[126.7859799,37.6066177],[126.7859462,37.6066537],[126.7859007,37.6067125],[126.7858424,37.6067701],[126.7857157,37.6068789],[126.7855238,37.6070485],[126.7854689,37.6070884],[126.7854359,37.6071094],[126.7853956,37.6071373],[126.7853714,37.6071752],[126.7853649,37.6072168],[126.7853737,37.6072572],[126.7853954,37.6073051],[126.785477,37.6074256],[126.7855414,37.6075176],[126.7855949,37.6075696],[126.7856511,37.6076087],[126.7857368,37.6076578],[126.7858037,37.6076881],[126.7858308,37.6077056],[126.7858393,37.6077294],[126.7858425,37.6077947],[126.7858393,37.6078534],[126.7858009,37.6080193],[126.7857492,37.6081987],[126.7857075,37.6083671],[126.7856864,37.6084889],[126.7856714,37.6086113],[126.7856766,37.6087009],[126.7856788,37.6087754],[126.7856758,37.6088253],[126.7856617,37.6089227],[126.7856566,37.608958],[126.7856625,37.6090031],[126.7856816,37.6090405],[126.7857082,37.6090718],[126.7857451,37.6091037],[126.7857802,37.6091368],[126.7858074,37.6091717],[126.7858199,37.6092046],[126.7858102,37.6092196],[126.7857551,37.6092497],[126.7854274,37.6094269],[126.7853497,37.6094681],[126.7853209,37.6094813],[126.7853046,37.6094765],[126.7852904,37.6094552],[126.7852687,37.609375],[126.7852423,37.6092282]]]}},{"type":"Feature","id":"way/1219042599","properties":{"osmType":"way","osmId":1219042599,"osmVersion":1,"osmTimestamp":"2023-10-28T16:44:51Z","sourceUrl":"https://www.openstreetmap.org/way/1219042599","name":null,"waterType":"stream","sourceTags":{"natural":"water","water":"stream"},"sourceSurveyed":false},"geometry":{"type":"Polygon","coordinates":[[[126.7909026,37.6052186],[126.7909417,37.6052008],[126.7908918,37.605121],[126.7908813,37.6050471],[126.7909566,37.6050137],[126.7910181,37.6050542],[126.7910762,37.6051414],[126.7911206,37.6051222],[126.7912211,37.6052597],[126.791312,37.6053877],[126.7914038,37.6055238],[126.7914293,37.6055655],[126.791437,37.6055961],[126.7914336,37.6056201],[126.7914273,37.6056547],[126.791421,37.6056859],[126.7914273,37.6057176],[126.7914967,37.6058201],[126.791554,37.6058783],[126.7915918,37.6059224],[126.7916335,37.6059789],[126.7916913,37.606073],[126.7917427,37.6061589],[126.791779,37.6062124],[126.7918446,37.6062942],[126.7919076,37.6063791],[126.791957,37.6064417],[126.7920052,37.6064958],[126.7921122,37.6065979],[126.7921807,37.6066715],[126.7922331,37.606738],[126.792263,37.6067843],[126.7922986,37.6068663],[126.7923395,37.6069605],[126.7923525,37.6070538],[126.7923565,37.6071485],[126.7923485,37.6072245],[126.7922391,37.6072343],[126.792253,37.6072098],[126.79226,37.6071637],[126.792258,37.6070998],[126.792244,37.6070113],[126.7922236,37.6069442],[126.7921777,37.6068362],[126.7921522,37.6067856],[126.792126,37.6067452],[126.7920891,37.606703],[126.7920033,37.6066204],[126.7919391,37.6065651],[126.7918901,37.6065173],[126.7917973,37.6064078],[126.7917368,37.6063232],[126.7917013,37.6062696],[126.7916464,37.6061814],[126.7915901,37.6060813],[126.7915412,37.6060072],[126.7914911,37.6059451],[126.7914193,37.6058511],[126.7913195,37.6057153],[126.791245,37.6056283],[126.791192,37.6055888],[126.7911309,37.6055542],[126.791071,37.6055313],[126.7910505,37.6055294],[126.7910281,37.6055416],[126.7909901,37.6055852],[126.7909375,37.6056311],[126.7908856,37.6056707],[126.7908463,37.6057075],[126.7908242,37.6057562],[126.7908171,37.605801],[126.7908228,37.6058488],[126.7908449,37.6058858],[126.7908945,37.6059303],[126.7909468,37.6059658],[126.7910205,37.6060293],[126.7910664,37.6060845],[126.7911284,37.6061711],[126.791145,37.6062115],[126.7911399,37.6062384],[126.7911101,37.6062574],[126.791051,37.6062664],[126.7909907,37.6062491],[126.7909532,37.6062322],[126.7909282,37.6062129],[126.7909042,37.6061681],[126.7908768,37.6061242],[126.7908508,37.6060826],[126.790811,37.6060259],[126.7907828,37.6059581],[126.7907695,37.6058987],[126.7907737,37.6058143],[126.7907799,37.6057738],[126.7907973,37.6057215],[126.7908214,37.6056799],[126.7908669,37.6056352],[126.7909016,37.6056011],[126.7909463,37.6055573],[126.790967,37.6055204],[126.7909857,37.6054683],[126.7909892,37.6054141],[126.79098,37.605369],[126.790958,37.6053168],[126.7909026,37.6052186]]]}},{"type":"Feature","id":"way/1219215475","properties":{"osmType":"way","osmId":1219215475,"osmVersion":2,"osmTimestamp":"2024-02-01T12:38:30Z","sourceUrl":"https://www.openstreetmap.org/way/1219215475","name":null,"waterType":"stream","sourceTags":{"natural":"water","water":"stream"},"sourceSurveyed":false},"geometry":{"type":"Polygon","coordinates":[[[126.7848784,37.6090112],[126.7848831,37.6088719],[126.7848902,37.6087039],[126.7848982,37.6085892],[126.7849001,37.6085168],[126.7848924,37.6084179],[126.7848717,37.6083208],[126.7848539,37.6082598],[126.7848218,37.6081851],[126.7847134,37.6079565],[126.78455,37.6075969],[126.7844953,37.6074799],[126.7844564,37.6073771],[126.7844232,37.6072849],[126.7843772,37.6071235],[126.7843617,37.6070333],[126.7843518,37.6069382],[126.7843412,37.606782],[126.7843293,37.6065598],[126.7843161,37.6063903],[126.7843072,37.6061987],[126.7842805,37.6059224],[126.7842583,37.6056499],[126.7842374,37.605365],[126.784208,37.6050066],[126.7841764,37.6045889],[126.7841258,37.603952],[126.7840835,37.603657],[126.7840539,37.6034641],[126.7840267,37.6033229],[126.7840002,37.6032274],[126.783964,37.603154],[126.7839209,37.6030871],[126.7838509,37.6030079],[126.7837131,37.6029116],[126.7835706,37.6028365],[126.7832937,37.6027182],[126.7830838,37.6026468],[126.7828347,37.6025813],[126.7824912,37.602526],[126.7815724,37.6023927],[126.7810491,37.6023216],[126.7802423,37.602202],[126.7798943,37.6021563],[126.7795613,37.6021212],[126.7793574,37.6021088],[126.7791484,37.6021228],[126.7789656,37.6021532],[126.7786752,37.6022111],[126.7775662,37.6024963],[126.7769358,37.6026727],[126.776743,37.6027079],[126.7765079,37.6027329],[126.7762331,37.6027501],[126.7759467,37.6027374],[126.7756813,37.6027084],[126.7754158,37.6026624],[126.7752335,37.6026296],[126.7750914,37.6025931],[126.7749106,37.6025331],[126.7747068,37.6024591],[126.7745396,37.6023901],[126.774228,37.6022452],[126.7740342,37.6021517],[126.7739223,37.6020919],[126.7738054,37.602028],[126.7736938,37.6019626],[126.7735618,37.6018784],[126.7733503,37.6017341],[126.7732155,37.6016401],[126.7730532,37.6015113],[126.772949,37.6014111],[126.7728429,37.6012951],[126.772732,37.6011597],[126.772627,37.6010217],[126.7725368,37.6008843],[126.772744,37.6007993],[126.7728471,37.6009429],[126.7729375,37.6010629],[126.7731093,37.6012488],[126.7732536,37.6013903],[126.7733816,37.6015082],[126.7735132,37.6016075],[126.7736814,37.6017282],[126.7739128,37.6018769],[126.77408,37.6019603],[126.7741971,37.6020189],[126.7744011,37.6021155],[126.7745981,37.6022074],[126.7748486,37.6023124],[126.7751456,37.6024138],[126.7753755,37.6024725],[126.7757133,37.6025306],[126.7759843,37.6025521],[126.7761434,37.6025606],[126.7763321,37.6025514],[126.7765049,37.6025375],[126.7767486,37.602511],[126.7769142,37.6024779],[126.7776684,37.6022762],[126.7786963,37.6020131],[126.7789749,37.6019552],[126.7791653,37.6019356],[126.7793165,37.6019288],[126.7794809,37.6019341],[126.7797373,37.601954],[126.7801442,37.6020004],[126.7807639,37.602081],[126.7815952,37.6021989],[126.7822491,37.602293],[126.7827913,37.6023989],[126.7830399,37.6024629],[126.7833029,37.6025451],[126.7835553,37.6026417],[126.783749,37.6027295],[126.7839525,37.6028442],[126.7840482,37.6029171],[126.7841327,37.6029929],[126.7842081,37.6030851],[126.7842478,37.6031541],[126.7842734,37.6032261],[126.7843049,37.6033738],[126.7843308,37.603599],[126.7843766,37.6042225],[126.7844414,37.6048883],[126.7844772,37.6052452],[126.7844894,37.6055629],[126.7844971,37.6059014],[126.7845101,37.6061163],[126.7845432,37.60641],[126.7845752,37.6066844],[126.7846068,37.6070045],[126.7846204,37.6071286],[126.7846378,37.6072247],[126.7846661,37.6073368],[126.7847326,37.6075391],[126.7847996,37.607707],[126.7849065,37.6079381],[126.7849548,37.6080512],[126.7849928,37.6081484],[126.785035,37.6082885],[126.7850516,37.6083528],[126.7850608,37.6084119],[126.7850613,37.6084861],[126.7850617,37.6087002],[126.7850501,37.6089012],[126.7850492,37.6090179],[126.7850487,37.6090561],[126.7850403,37.6090723],[126.7850221,37.6090826],[126.7849095,37.6090847],[126.7848856,37.6090802],[126.7848754,37.6090576],[126.7848784,37.6090112]]]}},{"type":"Feature","id":"way/1219215476","properties":{"osmType":"way","osmId":1219215476,"osmVersion":1,"osmTimestamp":"2023-10-29T04:56:51Z","sourceUrl":"https://www.openstreetmap.org/way/1219215476","name":null,"waterType":"stream","sourceTags":{"natural":"water","water":"stream"},"sourceSurveyed":false},"geometry":{"type":"Polygon","coordinates":[[[126.764698,37.5914031],[126.7644328,37.59115206471399],[126.7644328,37.59079444837209],[126.7647642,37.5911166],[126.7649463,37.5913006],[126.7651169,37.5914784],[126.7654274,37.5918353],[126.7656244,37.5920757],[126.7658198,37.5923322],[126.7662278,37.5928817],[126.7663284,37.592999],[126.7664961,37.5931555],[126.7667737,37.5933494],[126.7670025,37.5934976],[126.7673993,37.5937286],[126.7685227,37.5943955],[126.7694132,37.5949395],[126.7699289,37.5952493],[126.7701862,37.5954115],[126.7703701,37.5955425],[126.7705474,37.5956964],[126.7706632,37.5958355],[126.770739,37.5959707],[126.7708019,37.5961395],[126.7709357,37.5965494],[126.7711585,37.5972498],[126.7712951,37.5976505],[126.7714531,37.5981284],[126.7715222,37.5983788],[126.7715615,37.5985581],[126.7715583,37.5985765],[126.7713212,37.5986229],[126.7713095,37.5986111],[126.7712843,37.5985315],[126.7712212,37.598305],[126.7711592,37.5980927],[126.7710197,37.597652],[126.7708986,37.5972886],[126.7707118,37.5966818],[126.7706003,37.5963001],[126.7705376,37.5961438],[126.7704601,37.5960002],[126.770384,37.5958992],[126.770292,37.5958048],[126.7700779,37.59563],[126.7698453,37.5954765],[126.7695431,37.5952957],[126.7690734,37.5950178],[126.7675944,37.5941269],[126.7671785,37.5938808],[126.7667332,37.5936149],[126.7664929,37.5934568],[126.7663659,37.5933624],[126.7662387,37.5932503],[126.7660506,37.5930465],[126.7658198,37.5927663],[126.7653882,37.5922164],[126.7652047,37.5919555],[126.7650033,37.5917176],[126.764698,37.5914031]]]}},{"type":"Feature","id":"way/1219647653","properties":{"osmType":"way","osmId":1219647653,"osmVersion":1,"osmTimestamp":"2023-10-31T00:02:42Z","sourceUrl":"https://www.openstreetmap.org/way/1219647653","name":null,"waterType":"lake","sourceTags":{"natural":"water","water":"lake"},"sourceSurveyed":false},"geometry":{"type":"Polygon","coordinates":[[[126.9995132,37.5411716],[126.9992898,37.5411053],[126.9993539,37.5409558],[126.9995784,37.5410265],[126.9995132,37.5411716]]]}},{"type":"Feature","id":"way/1229003429","properties":{"osmType":"way","osmId":1229003429,"osmVersion":1,"osmTimestamp":"2023-12-06T07:45:10Z","sourceUrl":"https://www.openstreetmap.org/way/1229003429","name":null,"waterType":"pond","sourceTags":{"natural":"water","water":"pond"},"sourceSurveyed":false},"geometry":{"type":"Polygon","coordinates":[[[126.9838382,37.5838085],[126.9837906,37.5837941],[126.9838094,37.5837484],[126.9838597,37.5837628],[126.9838382,37.5838085]]]}},{"type":"Feature","id":"way/1233989540","properties":{"osmType":"way","osmId":1233989540,"osmVersion":1,"osmTimestamp":"2023-12-25T08:10:00Z","sourceUrl":"https://www.openstreetmap.org/way/1233989540","name":"루나레이크","waterType":"lake","sourceTags":{"name":"루나레이크","natural":"water","water":"lake"},"sourceSurveyed":false},"geometry":{"type":"Polygon","coordinates":[[[127.0191297,37.4332808],[127.0188827,37.4332725],[127.018888,37.4331783],[127.0190541,37.4331635],[127.019192,37.433174],[127.019252,37.4331781],[127.0192922,37.4331727],[127.0193231,37.4331555],[127.0193421,37.4331304],[127.0193567,37.4330941],[127.0193652,37.4330661],[127.0193809,37.4330353],[127.0194126,37.4329939],[127.0194199,37.4329795],[127.0194262,37.432953],[127.0194298,37.4329173],[127.0194364,37.4329055],[127.0194818,37.4328874],[127.0194932,37.4328949],[127.0195052,37.4329237],[127.0195137,37.4329579],[127.0195178,37.4329858],[127.0195145,37.433011],[127.0195061,37.4330283],[127.0194903,37.4330486],[127.0194681,37.4330788],[127.0194644,37.4331055],[127.0194716,37.4331313],[127.0194941,37.4331534],[127.0195405,37.4331888],[127.0196878,37.4332786],[127.0198813,37.43342],[127.0200034,37.4335126],[127.0201632,37.4336436],[127.0202692,37.4337285],[127.0203341,37.433771],[127.0204278,37.4338174],[127.0206357,37.4338993],[127.0212924,37.4341812],[127.0213183,37.4341957],[127.0213403,37.4342129],[127.021392,37.434263],[127.0214124,37.4342765],[127.0215911,37.4343618],[127.0217952,37.4344465],[127.0218825,37.4344797],[127.0219515,37.4345034],[127.0219406,37.4345366],[127.0218767,37.4345148],[127.0218069,37.4344899],[127.0214836,37.434357],[127.0212334,37.4342563],[127.0207488,37.4340436],[127.0205277,37.4339525],[127.0204316,37.4339182],[127.0203493,37.4338981],[127.0202676,37.4338881],[127.0202101,37.4338854],[127.0201232,37.4338862],[127.0201082,37.4338727],[127.0200908,37.4338655],[127.0200724,37.4338614],[127.0200522,37.4338609],[127.020031,37.4338655],[127.0200129,37.4338756],[127.0199977,37.4338882],[127.019938,37.4339025],[127.0198969,37.4339154],[127.0198166,37.4339456],[127.0197437,37.4339781],[127.0196423,37.434031],[127.019398,37.4341579],[127.0192083,37.434251],[127.0191443,37.434268],[127.0190883,37.4342754],[127.0190316,37.4342808],[127.0188769,37.4342899],[127.0188752,37.4342115],[127.0190152,37.4342071],[127.019065,37.4342007],[127.0191112,37.4341909],[127.0191865,37.4341629],[127.0195536,37.4339832],[127.0198345,37.4338391],[127.0198582,37.433825],[127.01987,37.4338049],[127.0198742,37.4337517],[127.0198609,37.4336553],[127.0198426,37.4336019],[127.0198163,37.4335562],[127.0197716,37.4335054],[127.019702,37.4334473],[127.0196411,37.433402],[127.0195817,37.4333644],[127.0195292,37.4333408],[127.0194472,37.4333196],[127.0193341,37.4332994],[127.0192424,37.4332863],[127.0191297,37.4332808]]]}},{"type":"Feature","id":"way/1234071101","properties":{"osmType":"way","osmId":1234071101,"osmVersion":1,"osmTimestamp":"2023-12-25T15:33:38Z","sourceUrl":"https://www.openstreetmap.org/way/1234071101","name":null,"waterType":"unspecified","sourceTags":{"natural":"water"},"sourceSurveyed":false},"geometry":{"type":"Polygon","coordinates":[[[127.0184492,37.4347421],[127.0184743,37.4347252],[127.0185048,37.4347156],[127.0185377,37.4347144],[127.0185693,37.4347216],[127.0185963,37.4347365],[127.0186158,37.4347575],[127.0186257,37.4347824],[127.018625,37.4348085],[127.0186137,37.4348331],[127.0185931,37.4348534],[127.0185653,37.4348674],[127.0185333,37.4348735],[127.0184998,37.4348709],[127.0184692,37.4348597],[127.018445,37.4348411],[127.0184299,37.4348172],[127.0184255,37.4347907],[127.0184324,37.4347646],[127.0184492,37.4347421]]]}},{"type":"Feature","id":"way/1245791622","properties":{"osmType":"way","osmId":1245791622,"osmVersion":1,"osmTimestamp":"2024-02-03T10:19:41Z","sourceUrl":"https://www.openstreetmap.org/way/1245791622","name":null,"waterType":"stream","sourceTags":{"natural":"water","water":"stream"},"sourceSurveyed":false},"geometry":{"type":"Polygon","coordinates":[[[126.7744904,37.6134486],[126.7744483,37.6134432],[126.7744328,37.6133659],[126.7744636,37.6132874],[126.7744682,37.6132597],[126.7744966,37.6131283],[126.774535,37.6129667],[126.7747407,37.6121576],[126.7748696,37.6116379],[126.7750346,37.6109612],[126.7751825,37.6103564],[126.7753213,37.6097672],[126.7754432,37.6092058],[126.7755065,37.6089405],[126.7755293,37.6088766],[126.7755513,37.6088321],[126.7755749,37.6087937],[126.7755946,37.6087914],[126.775607,37.608806],[126.7755913,37.6088609],[126.7755192,37.6090826],[126.7753987,37.6095999],[126.775263,37.6102125],[126.7751239,37.6108264],[126.7750698,37.6110882],[126.7750151,37.6113333],[126.7748543,37.6119641],[126.7746907,37.6125783],[126.7745492,37.6131713],[126.7745286,37.6132851],[126.7745375,37.6133768],[126.7744904,37.6134486]]]}},{"type":"Feature","id":"way/1246086336","properties":{"osmType":"way","osmId":1246086336,"osmVersion":2,"osmTimestamp":"2024-02-04T16:56:20Z","sourceUrl":"https://www.openstreetmap.org/way/1246086336","name":null,"waterType":"stream","sourceTags":{"natural":"water","water":"stream"},"sourceSurveyed":false},"geometry":{"type":"Polygon","coordinates":[[[126.7831491,37.6020679],[126.7828425,37.6018954],[126.782729,37.6018182],[126.782587,37.6017263],[126.7824564,37.601657],[126.7823011,37.6015716],[126.7821639,37.6015076],[126.7820858,37.6014713],[126.7819801,37.6014213],[126.781806,37.6013173],[126.7816647,37.601243],[126.7814986,37.6011602],[126.7813012,37.6010642],[126.7811778,37.6010039],[126.7811097,37.6009659],[126.7810185,37.6009112],[126.7809099,37.6008532],[126.7807704,37.6007798],[126.7806893,37.6007424],[126.7806468,37.6007175],[126.7805965,37.6006765],[126.7805496,37.6006379],[126.7805029,37.6006077],[126.7804566,37.6005821],[126.7803189,37.6005284],[126.7801338,37.6004609],[126.7800811,37.600443],[126.780038,37.6004237],[126.7799247,37.6003526],[126.7798267,37.6002954],[126.779713,37.6002228],[126.7796235,37.6001713],[126.7795173,37.6001164],[126.7792322,37.5999716],[126.7790427,37.5998774],[126.7789382,37.5998234],[126.7787954,37.5997407],[126.7786648,37.5996637],[126.778587,37.5996163],[126.7785701,37.599607],[126.778516,37.599578],[126.7784532,37.5995413],[126.7783332,37.5994686],[126.7782461,37.5994198],[126.7781771,37.599383],[126.7780824,37.5993403],[126.7779492,37.5992823],[126.7779704,37.5992481],[126.7780843,37.5992942],[126.7781836,37.5993396],[126.7782536,37.5993729],[126.7784248,37.5994667],[126.7786211,37.599574],[126.7787646,37.5996559],[126.7788597,37.5997218],[126.7789365,37.5997686],[126.7790212,37.5998078],[126.7792109,37.5998993],[126.7793808,37.5999801],[126.7795447,37.6000588],[126.7797216,37.6001566],[126.7798575,37.600236],[126.7799955,37.6003239],[126.780093,37.6003805],[126.7801796,37.6004211],[126.7802542,37.6004511],[126.7803939,37.6004971],[126.7804881,37.6005327],[126.780541,37.6005571],[126.7806016,37.600588],[126.7806993,37.6006534],[126.7807551,37.600688],[126.7808816,37.6007587],[126.7809694,37.6008064],[126.7810319,37.6008464],[126.7811543,37.6009199],[126.781341,37.6010133],[126.7814669,37.6010759],[126.7817014,37.6011983],[126.7818527,37.6012715],[126.7819685,37.6013293],[126.7820984,37.6014025],[126.7822,37.601458],[126.7823736,37.601552],[126.7825086,37.6016301],[126.7826954,37.6017341],[126.7828338,37.6018202],[126.7830825,37.6019635],[126.7833665,37.602118],[126.7836171,37.6022444],[126.7838185,37.6023462],[126.7839856,37.6024396],[126.7841227,37.6025153],[126.7842373,37.6025729],[126.7844044,37.602651],[126.7845651,37.6027148],[126.7846759,37.6027548],[126.784994,37.6028405],[126.7851603,37.6028754],[126.785292,37.6028966],[126.7854705,37.6029215],[126.7854996,37.6029192],[126.7855247,37.6029081],[126.7855399,37.6028892],[126.7855442,37.6028586],[126.7855341,37.6028222],[126.785514,37.6027799],[126.7859039,37.6031458],[126.7857547,37.6030633],[126.7856944,37.6030322],[126.7856497,37.603014],[126.7855816,37.6029979],[126.7854341,37.6029843],[126.7852176,37.6029573],[126.785077,37.6029378],[126.7848776,37.6028916],[126.7847062,37.6028424],[126.7845666,37.6027967],[126.7843915,37.6027321],[126.7842998,37.6026975],[126.7841744,37.6026437],[126.7840085,37.6025535],[126.7839141,37.6025038],[126.7837938,37.6024303],[126.7836308,37.6023348],[126.783446,37.6022259],[126.7833179,37.6021591],[126.7831491,37.6020679]]]}},{"type":"Feature","id":"way/1246086337","properties":{"osmType":"way","osmId":1246086337,"osmVersion":1,"osmTimestamp":"2024-02-04T15:53:09Z","sourceUrl":"https://www.openstreetmap.org/way/1246086337","name":null,"waterType":"stream","sourceTags":{"natural":"water","water":"stream"},"sourceSurveyed":false},"geometry":{"type":"Polygon","coordinates":[[[126.7877452,37.6044223],[126.7875809,37.6045718],[126.7870388,37.6041037],[126.7861142,37.6033079],[126.7860437,37.6032458],[126.7859912,37.6032058],[126.7859039,37.6031458],[126.785514,37.6027799],[126.784881,37.602216],[126.7845974,37.6019509],[126.7845293,37.6018882],[126.7844399,37.6018114],[126.7842537,37.6016578],[126.7841229,37.6015466],[126.7840399,37.6014817],[126.7839306,37.6014038],[126.78363,37.6012054],[126.7833173,37.6009941],[126.7829402,37.6007536],[126.7826045,37.6005475],[126.7822393,37.6003303],[126.7815085,37.5999005],[126.7811689,37.5997048],[126.781047,37.5996428],[126.7808912,37.5995674],[126.7806455,37.5994624],[126.7804068,37.5993518],[126.7801448,37.5992235],[126.7796098,37.5989546],[126.7794732,37.5988683],[126.7793774,37.5987951],[126.7792533,37.5986888],[126.7791253,37.5985717],[126.7790291,37.5984685],[126.7789082,37.5983202],[126.7788239,37.5982016],[126.7787388,37.5980482],[126.7786846,37.5979336],[126.7786515,37.5978596],[126.7786204,37.5977545],[126.7785747,37.5975503],[126.7785599,37.5973775],[126.7785544,37.5972733],[126.7785551,37.5972108],[126.7785642,37.5971195],[126.7785949,37.5969194],[126.7786385,37.596756],[126.7786861,37.596611],[126.7787441,37.5964717],[126.7788398,37.5962994],[126.7789605,37.5961258],[126.7790772,37.596],[126.779225,37.5958659],[126.7793415,37.5957731],[126.7795489,37.5956379],[126.7798858,37.5954416],[126.7802303,37.5952864],[126.7806335,37.5950925],[126.7809646,37.594909],[126.7813757,37.5946743],[126.7815786,37.5945539],[126.781857,37.5943653],[126.7819743,37.5942986],[126.782233,37.5941535],[126.7823477,37.5940852],[126.7824145,37.5940362],[126.7824522,37.5939981],[126.7824761,37.5939637],[126.782503,37.5939088],[126.782534,37.5938313],[126.7825554,37.5937581],[126.7825661,37.5936101],[126.7825589,37.5935341],[126.7825474,37.5934343],[126.7825375,37.5933886],[126.7825204,37.593333],[126.7825003,37.5932992],[126.7824205,37.5932092],[126.7822433,37.5930666],[126.7821423,37.5929909],[126.7818111,37.5927542],[126.7814527,37.5924893],[126.7813466,37.5924256],[126.7812011,37.5923463],[126.7810509,37.5922585],[126.7808849,37.5921508],[126.7804681,37.5918362],[126.7795507,37.5911428],[126.7785059,37.5903379],[126.7776787,37.5896973],[126.7775622,37.589603],[126.7773956,37.5894538],[126.7773305,37.5893969],[126.7772341,37.5893191],[126.7771758,37.5892687],[126.7771608,37.5892433],[126.7771642,37.5892185],[126.7771789,37.5891893],[126.7772127,37.5891576],[126.7772571,37.5891226],[126.7773377,37.5891797],[126.7777729,37.5894992],[126.7781661,37.5898033],[126.7787018,37.5902004],[126.7792081,37.5905988],[126.7803719,37.5914861],[126.7809261,37.5919047],[126.7810125,37.5919716],[126.7810744,37.5920173],[126.7811633,37.5920942],[126.7813194,37.5922494],[126.7813997,37.5923143],[126.7816823,37.5925267],[126.7819494,37.5927191],[126.7822934,37.5929638],[126.7825091,37.5931255],[126.7825532,37.5931739],[126.7826234,37.5932596],[126.7826495,37.5933334],[126.7826693,37.5934394],[126.7826758,37.5935177],[126.7826719,37.5935936],[126.7826722,37.5936452],[126.7826621,37.5937549],[126.782642,37.5938443],[126.7826084,37.5939538],[126.7825702,37.5940656],[126.7825308,37.5941424],[126.7825008,37.5941916],[126.7824519,37.5942567],[126.7824208,37.5942848],[126.7823114,37.5943551],[126.7818973,37.5946042],[126.7813054,37.5949743],[126.780949,37.5951773],[126.7806568,37.5953309],[126.7803304,37.5954812],[126.7800607,37.5955984],[126.779785,37.5957461],[126.7795817,37.5958847],[126.7794365,37.5959964],[126.7792573,37.5961836],[126.7791651,37.5962966],[126.7790707,37.5964444],[126.7789689,37.5966378],[126.7789003,37.5968005],[126.7788619,37.5969459],[126.7788266,37.5971698],[126.778817,37.5973072],[126.7788244,37.597434],[126.7788509,37.597589],[126.7788777,37.5977108],[126.7789168,37.59784],[126.7789699,37.5979591],[126.7790165,37.598047],[126.7790983,37.5981715],[126.779186,37.5982932],[126.7792613,37.5983891],[126.7793596,37.5984919],[126.7794467,37.5985736],[126.7795233,37.5986336],[126.7796599,37.5987318],[126.7797622,37.5987974],[126.7798502,37.5988455],[126.7800915,37.5989704],[126.7806886,37.599233],[126.7808869,37.5993187],[126.7810404,37.5993899],[126.7812625,37.5995091],[126.7818923,37.5998652],[126.7828827,37.6004562],[126.7833446,37.6007313],[126.7835687,37.6008716],[126.7837594,37.6009979],[126.7840116,37.6011731],[126.7841421,37.6012654],[126.7842332,37.6013367],[126.7843156,37.6014054],[126.7847466,37.6017869],[126.7851128,37.6021161],[126.7853862,37.6023552],[126.7858837,37.6027788],[126.7863371,37.6031837],[126.7866899,37.6035033],[126.7869838,37.6037736],[126.7870886,37.6038731],[126.787166,37.6039373],[126.787286,37.6040231],[126.7873574,37.6040816],[126.7874952,37.604205],[126.7877452,37.6044223]]]}},{"type":"Feature","id":"way/1246106313","properties":{"osmType":"way","osmId":1246106313,"osmVersion":1,"osmTimestamp":"2024-02-04T16:56:20Z","sourceUrl":"https://www.openstreetmap.org/way/1246106313","name":null,"waterType":"stream","sourceTags":{"natural":"water","water":"stream"},"sourceSurveyed":false},"geometry":{"type":"Polygon","coordinates":[[[126.7747553,37.6012399],[126.7749501,37.601158],[126.7754674,37.6009451],[126.7757843,37.6008135],[126.7762672,37.6006106],[126.7767824,37.6003894],[126.7773616,37.600143],[126.7778425,37.5999397],[126.7780418,37.5998555],[126.7783587,37.5997318],[126.7785328,37.5996572],[126.7785848,37.5996304],[126.7785896,37.5996234],[126.778587,37.5996163],[126.7786648,37.5996637],[126.7786204,37.599668],[126.7785913,37.5996738],[126.7785524,37.5996861],[126.7784495,37.5997271],[126.77793,37.5999326],[126.7775979,37.6000722],[126.7770419,37.6003124],[126.776469,37.6005597],[126.7760238,37.6007523],[126.7755348,37.600952],[126.7748783,37.6012205],[126.7747243,37.6012911],[126.774699,37.6013065],[126.7746806,37.601323],[126.7746589,37.6013581],[126.7746489,37.6013889],[126.7746362,37.6014294],[126.7746256,37.6015307],[126.7746202,37.6016171],[126.7746196,37.6016949],[126.7746218,37.6017574],[126.7746253,37.6017665],[126.7746356,37.6017749],[126.7746568,37.6017907],[126.7746981,37.6018131],[126.774854,37.6018896],[126.7749712,37.601949],[126.7751443,37.6020165],[126.775245,37.6020503],[126.7753316,37.6020755],[126.7754529,37.6021087],[126.7755025,37.6021222],[126.7755444,37.602132],[126.7755432,37.6021369],[126.775515,37.6021323],[126.7754815,37.6021261],[126.7753636,37.6020945],[126.7752688,37.6020689],[126.7752306,37.6020575],[126.7751849,37.6020426],[126.7750949,37.6020106],[126.7750084,37.6019769],[126.7749606,37.6019578],[126.7749259,37.6019431],[126.7748844,37.601923],[126.7746983,37.6018348],[126.7746422,37.6018089],[126.7746057,37.6017902],[126.7745935,37.6017811],[126.7745882,37.6017706],[126.7745872,37.6017396],[126.7745887,37.6016843],[126.774589,37.6016178],[126.7745925,37.6015545],[126.774598,37.6014847],[126.7746029,37.6014359],[126.7746117,37.6013876],[126.7746206,37.6013608],[126.7746311,37.6013352],[126.7746511,37.6013046],[126.7746673,37.6012869],[126.7746867,37.6012725],[126.7747553,37.6012399]]]}},{"type":"Feature","id":"way/1246261578","properties":{"osmType":"way","osmId":1246261578,"osmVersion":1,"osmTimestamp":"2024-02-05T09:33:23Z","sourceUrl":"https://www.openstreetmap.org/way/1246261578","name":null,"waterType":"unspecified","sourceTags":{"natural":"water"},"sourceSurveyed":false},"geometry":{"type":"Polygon","coordinates":[[[126.7740581,37.5987563],[126.7738605,37.5987866],[126.774005,37.5986986],[126.7740581,37.5987563]]]}},{"type":"Feature","id":"way/1253844292","properties":{"osmType":"way","osmId":1253844292,"osmVersion":1,"osmTimestamp":"2024-02-23T05:26:42Z","sourceUrl":"https://www.openstreetmap.org/way/1253844292","name":null,"waterType":"reservoir","sourceTags":{"natural":"water","water":"reservoir"},"sourceSurveyed":false},"geometry":{"type":"Polygon","coordinates":[[[126.9318563,37.6764627],[126.9313735,37.6766559],[126.9313145,37.676605],[126.9310838,37.676225],[126.9309792,37.6759384],[126.9319475,37.6757579],[126.932846,37.6756539],[126.9335031,37.6757282],[126.9335809,37.6758874],[126.9332188,37.6761634],[126.9321701,37.6763545],[126.9318563,37.6764627]]]}},{"type":"Feature","id":"way/1254858578","properties":{"osmType":"way","osmId":1254858578,"osmVersion":2,"osmTimestamp":"2025-02-20T02:55:18Z","sourceUrl":"https://www.openstreetmap.org/way/1254858578","name":null,"waterType":"unspecified","sourceTags":{"natural":"water"},"sourceSurveyed":false},"geometry":{"type":"Polygon","coordinates":[[[127.1776915,37.5742793],[127.1776702,37.5742747],[127.1776592,37.5742507],[127.1775857,37.5742461],[127.1775744,37.5742415],[127.1775825,37.5742287],[127.1777375,37.5742217],[127.1777354,37.5741924],[127.1777457,37.574172],[127.1777592,37.5741587],[127.1777921,37.5741587],[127.1778128,37.574172],[127.1778153,37.5741996],[127.1777986,37.574218],[127.177765,37.5742318],[127.1777502,37.574242],[127.1777386,37.5742548],[127.1777354,37.5742747],[127.1776915,37.5742793]]]}},{"type":"Feature","id":"way/1254858579","properties":{"osmType":"way","osmId":1254858579,"osmVersion":2,"osmTimestamp":"2025-02-21T00:32:54Z","sourceUrl":"https://www.openstreetmap.org/way/1254858579","name":null,"waterType":"pond","sourceTags":{"natural":"water","water":"pond"},"sourceSurveyed":false},"geometry":{"type":"Polygon","coordinates":[[[127.1795829,37.5750209],[127.1795656,37.5750064],[127.1795473,37.5749832],[127.1795509,37.5749527],[127.1795589,37.5749094],[127.1795674,37.5748837],[127.1795848,37.574873],[127.1796095,37.5748694],[127.1796314,37.5748672],[127.1796397,37.5748817],[127.1796442,37.5748969],[127.1796342,37.5749172],[127.1796177,37.5749317],[127.1796104,37.5749571],[127.1796195,37.5749738],[127.1796287,37.5749926],[127.179625,37.5750064],[127.1795994,37.5750209],[127.1795829,37.5750209]]]}},{"type":"Feature","id":"way/1254858592","properties":{"osmType":"way","osmId":1254858592,"osmVersion":1,"osmTimestamp":"2024-02-26T12:07:19Z","sourceUrl":"https://www.openstreetmap.org/way/1254858592","name":null,"waterType":"unspecified","sourceTags":{"natural":"water"},"sourceSurveyed":false},"geometry":{"type":"Polygon","coordinates":[[[127.1812859,37.5680308],[127.1812396,37.568016],[127.1812217,37.5679974],[127.1812201,37.5679903],[127.1812225,37.5679768],[127.1812355,37.567971],[127.1812493,37.5679774],[127.1812648,37.5679832],[127.1812834,37.5679832],[127.1813175,37.5679819],[127.1813419,37.5679819],[127.1813671,37.5679806],[127.1814036,37.56798],[127.1814507,37.5679755],[127.1814905,37.5679684],[127.1815124,37.5679568],[127.1815246,37.5679369],[127.1815351,37.5679143],[127.1815384,37.567895],[127.1815408,37.567877],[127.1815522,37.5678564],[127.1815814,37.56785],[127.1816155,37.5678436],[127.1816439,37.5678487],[127.1816537,37.5678732],[127.1816496,37.5678963],[127.1816326,37.5679073],[127.181609,37.5679079],[127.1815847,37.567906],[127.1815684,37.567915],[127.1815587,37.5679336],[127.1815538,37.5679555],[127.18154,37.5679748],[127.1814953,37.5679922],[127.1814507,37.5679967],[127.1813939,37.5679961],[127.1813476,37.5680012],[127.1813273,37.5680237],[127.1812859,37.5680308]]]}},{"type":"Feature","id":"way/1254858593","properties":{"osmType":"way","osmId":1254858593,"osmVersion":1,"osmTimestamp":"2024-02-26T12:07:19Z","sourceUrl":"https://www.openstreetmap.org/way/1254858593","name":null,"waterType":"unspecified","sourceTags":{"natural":"water"},"sourceSurveyed":false},"geometry":{"type":"Polygon","coordinates":[[[127.1823186,37.5623037],[127.1822691,37.56229],[127.1822634,37.5622654],[127.1822726,37.5622517],[127.1823002,37.5622512],[127.1823278,37.5622508],[127.1823428,37.5622553],[127.1823739,37.5622453],[127.1824038,37.5622316],[127.1824292,37.562207],[127.1824361,37.5621741],[127.1824395,37.5621467],[127.1824534,37.5621184],[127.1824879,37.5621029],[127.1825167,37.5621038],[127.1825328,37.5621166],[127.182527,37.5621568],[127.1825224,37.562186],[127.1824983,37.5622307],[127.1824637,37.5622727],[127.1824269,37.5622928],[127.1823624,37.5623037],[127.1823186,37.5623037]]]}},{"type":"Feature","id":"way/1254865232","properties":{"osmType":"way","osmId":1254865232,"osmVersion":1,"osmTimestamp":"2024-02-26T12:34:45Z","sourceUrl":"https://www.openstreetmap.org/way/1254865232","name":null,"waterType":"unspecified","sourceTags":{"natural":"water"},"sourceSurveyed":false},"geometry":{"type":"Polygon","coordinates":[[[127.1833282,37.5566492],[127.1833528,37.5566661],[127.1833786,37.5566794],[127.1833898,37.5567078],[127.1833842,37.55673],[127.1833539,37.5567469],[127.1833069,37.5567495],[127.1832542,37.5567495],[127.1832195,37.5567318],[127.1832005,37.5567025],[127.1831938,37.556667],[127.1831915,37.5566368],[127.183205,37.5566101],[127.1832341,37.5565817],[127.183261,37.5565595],[127.1832856,37.5565231],[127.1832946,37.5564876],[127.1832979,37.5564601],[127.1832968,37.5564361],[127.1833181,37.5564281],[127.183355,37.5564255],[127.1833842,37.5564326],[127.1833931,37.5564512],[127.1833707,37.5564992],[127.1833494,37.5565302],[127.1833371,37.5565542],[127.1833214,37.5565808],[127.1833114,37.5566066],[127.1833158,37.5566314],[127.1833282,37.5566492]]]}},{"type":"Feature","id":"way/1254865233","properties":{"osmType":"way","osmId":1254865233,"osmVersion":1,"osmTimestamp":"2024-02-26T12:34:45Z","sourceUrl":"https://www.openstreetmap.org/way/1254865233","name":null,"waterType":"unspecified","sourceTags":{"natural":"water"},"sourceSurveyed":false},"geometry":{"type":"Polygon","coordinates":[[[127.1829792,37.5544654],[127.1829681,37.5544931],[127.1829459,37.5545145],[127.1829125,37.5545422],[127.1828601,37.5545498],[127.1828077,37.5545246],[127.182795,37.5544755],[127.1827998,37.5544314],[127.1828379,37.5543861],[127.1828808,37.5543395],[127.1828855,37.5542929],[127.1828569,37.5542211],[127.1828411,37.5541771],[127.1828474,37.5541179],[127.1828681,37.554065],[127.1828903,37.553992],[127.1828903,37.5539454],[127.1828633,37.5539177],[127.1828141,37.5539051],[127.1827648,37.5539013],[127.1827315,37.5538988],[127.1827315,37.5538786],[127.1827632,37.5538623],[127.1828236,37.5538497],[127.1828792,37.5538497],[127.1829189,37.5538824],[127.1829411,37.5539303],[127.1829427,37.5539819],[127.1829284,37.5540285],[127.1828982,37.5540713],[127.1828824,37.5541179],[127.1828792,37.5541682],[127.1829237,37.5542564],[127.1829697,37.5543181],[127.1829888,37.5543974],[127.1829919,37.5544415],[127.1829792,37.5544654]]]}},{"type":"Feature","id":"way/1274767482","properties":{"osmType":"way","osmId":1274767482,"osmVersion":1,"osmTimestamp":"2024-04-22T04:14:09Z","sourceUrl":"https://www.openstreetmap.org/way/1274767482","name":null,"waterType":"unspecified","sourceTags":{"natural":"water"},"sourceSurveyed":false},"geometry":{"type":"Polygon","coordinates":[[[127.0043094,37.5685544],[127.0042988,37.5685173],[127.0042605,37.568418],[127.0042393,37.5683793],[127.0042329,37.5682952],[127.0043179,37.5682363],[127.0043858,37.5681874],[127.0044623,37.568174],[127.0045069,37.5682144],[127.0045238,37.5682295],[127.004664,37.5682295],[127.0047171,37.5682464],[127.0047235,37.5683524],[127.004647,37.5684332],[127.0045026,37.5684601],[127.0044771,37.5684854],[127.0044623,37.5685392],[127.004424,37.5685678],[127.0043497,37.5685796],[127.0043094,37.5685544]]]}},{"type":"Feature","id":"way/1276442884","properties":{"osmType":"way","osmId":1276442884,"osmVersion":1,"osmTimestamp":"2024-04-26T13:42:08Z","sourceUrl":"https://www.openstreetmap.org/way/1276442884","name":null,"waterType":"reservoir","sourceTags":{"natural":"water","water":"reservoir"},"sourceSurveyed":false},"geometry":{"type":"Polygon","coordinates":[[[127.1725964,37.5293706],[127.1725719,37.529366],[127.1727263,37.5289094],[127.1731348,37.5290114],[127.1729894,37.5293333],[127.1729781,37.529345],[127.1729629,37.5293554],[127.1729429,37.5293674],[127.1729175,37.5293764],[127.172885,37.5293806],[127.1725964,37.5293706]]]}},{"type":"Feature","id":"way/1281381827","properties":{"osmType":"way","osmId":1281381827,"osmVersion":1,"osmTimestamp":"2024-05-10T08:46:38Z","sourceUrl":"https://www.openstreetmap.org/way/1281381827","name":"폭포","waterType":"pond","sourceTags":{"name":"폭포","natural":"water","water":"pond"},"sourceSurveyed":false},"geometry":{"type":"Polygon","coordinates":[[[127.1437822,37.4838947],[127.1436059,37.4838127],[127.1435703,37.4837984],[127.1435663,37.4837883],[127.1436441,37.4837707],[127.1436816,37.4837776],[127.1437514,37.4838021],[127.1437849,37.4838005],[127.1438178,37.4837877],[127.1438379,37.4837654],[127.1438714,37.4837079],[127.1438969,37.4836968],[127.14397,37.4836824],[127.1439747,37.4837164],[127.1439586,37.4837537],[127.1439197,37.4837537],[127.1439264,37.4838122],[127.1438721,37.4838138],[127.1438278,37.4838819],[127.1437822,37.4838947]]]}},{"type":"Feature","id":"way/1282769570","properties":{"osmType":"way","osmId":1282769570,"osmVersion":1,"osmTimestamp":"2024-05-14T09:54:29Z","sourceUrl":"https://www.openstreetmap.org/way/1282769570","name":null,"waterType":"unspecified","sourceTags":{"natural":"water"},"sourceSurveyed":false},"geometry":{"type":"Polygon","coordinates":[[[127.0843973,37.5104361],[127.0842967,37.5104223],[127.0843122,37.5103622],[127.0843973,37.5104361]]]}},{"type":"Feature","id":"way/1328705014","properties":{"osmType":"way","osmId":1328705014,"osmVersion":1,"osmTimestamp":"2024-10-28T03:53:55Z","sourceUrl":"https://www.openstreetmap.org/way/1328705014","name":null,"waterType":"unspecified","sourceTags":{"natural":"water"},"sourceSurveyed":false},"geometry":{"type":"Polygon","coordinates":[[[126.8330228,37.5137398],[126.8332064,37.5133167],[126.833267,37.5133355],[126.8328874,37.5142245],[126.8327931,37.5143485],[126.8324514,37.5144516],[126.8322655,37.5144988],[126.8320156,37.5145305],[126.8317853,37.5144663],[126.8316241,37.5143747],[126.8316517,37.5143175],[126.8318183,37.5143045],[126.8320934,37.5143971],[126.8324883,37.5142714],[126.8327641,37.5141612],[126.832803,37.5141427],[126.8328275,37.5141139],[126.8330228,37.5137398]]]}},{"type":"Feature","id":"way/1331159078","properties":{"osmType":"way","osmId":1331159078,"osmVersion":1,"osmTimestamp":"2024-11-06T00:52:47Z","sourceUrl":"https://www.openstreetmap.org/way/1331159078","name":"오류천","waterType":"unspecified","sourceTags":{"name":"오류천","natural":"water"},"sourceSurveyed":false},"geometry":{"type":"Polygon","coordinates":[[[126.8343741,37.4929312],[126.8343162,37.4929118],[126.8344709,37.4927263],[126.8345272,37.492666],[126.8346392,37.4926061],[126.8347933,37.4925773],[126.8350589,37.4925893],[126.8350734,37.4926305],[126.8347877,37.4926238],[126.8346588,37.4926452],[126.8345615,37.4926885],[126.8345099,37.492751],[126.8343741,37.4929312]]]}},{"type":"Feature","id":"way/1333386523","properties":{"osmType":"way","osmId":1333386523,"osmVersion":1,"osmTimestamp":"2024-11-13T03:28:16Z","sourceUrl":"https://www.openstreetmap.org/way/1333386523","name":null,"waterType":"reservoir","sourceTags":{"natural":"water","water":"reservoir"},"sourceSurveyed":false},"geometry":{"type":"Polygon","coordinates":[[[126.856977,37.4318831],[126.8567759,37.4319661],[126.85669,37.4319363],[126.8565479,37.4318021],[126.8563521,37.431668],[126.8561348,37.4314102],[126.8567759,37.4310333],[126.8570897,37.4312718],[126.8571702,37.4317233],[126.856977,37.4318831]]]}},{"type":"Feature","id":"way/1381050975","properties":{"osmType":"way","osmId":1381050975,"osmVersion":1,"osmTimestamp":"2025-04-25T07:17:46Z","sourceUrl":"https://www.openstreetmap.org/way/1381050975","name":null,"waterType":"pond","sourceTags":{"natural":"water","water":"pond"},"sourceSurveyed":false},"geometry":{"type":"Polygon","coordinates":[[[126.9834646,37.5216855],[126.9831808,37.5217748],[126.9831466,37.521777],[126.983082,37.5217347],[126.9831221,37.5216183],[126.983195,37.5215378],[126.9833028,37.5214978],[126.9833886,37.5214901],[126.983423,37.5215007],[126.98346,37.5215927],[126.9834841,37.5216146],[126.9834646,37.5216855]]]}},{"type":"Feature","id":"way/1381050976","properties":{"osmType":"way","osmId":1381050976,"osmVersion":1,"osmTimestamp":"2025-04-25T07:17:46Z","sourceUrl":"https://www.openstreetmap.org/way/1381050976","name":null,"waterType":"pond","sourceTags":{"natural":"water","water":"pond"},"sourceSurveyed":false},"geometry":{"type":"Polygon","coordinates":[[[126.9835921,37.5216826],[126.9834646,37.5216855],[126.9834841,37.5216146],[126.9835759,37.521617],[126.9838184,37.5216417],[126.9838943,37.5216084],[126.9839512,37.5215138],[126.9840691,37.5213161],[126.9840922,37.5211968],[126.9841274,37.5210678],[126.9841213,37.521034],[126.9842394,37.5210524],[126.9841721,37.5212473],[126.9840773,37.5214687],[126.9839797,37.5216288],[126.9839282,37.5216804],[126.9837778,37.5217062],[126.9835921,37.5216826]]]}},{"type":"Feature","id":"way/1381050977","properties":{"osmType":"way","osmId":1381050977,"osmVersion":1,"osmTimestamp":"2025-04-25T07:17:46Z","sourceUrl":"https://www.openstreetmap.org/way/1381050977","name":null,"waterType":"pond","sourceTags":{"natural":"water","water":"pond"},"sourceSurveyed":false},"geometry":{"type":"Polygon","coordinates":[[[126.9836514,37.5205179],[126.9836146,37.5205838],[126.9835161,37.5205371],[126.9833962,37.5205395],[126.9833869,37.5204494],[126.9834492,37.5202914],[126.9835021,37.5202839],[126.9835472,37.5203864],[126.9835457,37.520484],[126.9836514,37.5205179]]]}},{"type":"Feature","id":"way/1382504475","properties":{"osmType":"way","osmId":1382504475,"osmVersion":2,"osmTimestamp":"2025-09-24T07:23:52Z","sourceUrl":"https://www.openstreetmap.org/way/1382504475","name":null,"waterType":"lake","sourceTags":{"natural":"water","water":"lake"},"sourceSurveyed":false},"geometry":{"type":"Polygon","coordinates":[[[126.9370334,37.5617903],[126.9369869,37.5617976],[126.9369724,37.5617402],[126.9370189,37.5617328],[126.9370334,37.5617903]]]}},{"type":"Feature","id":"way/1384049140","properties":{"osmType":"way","osmId":1384049140,"osmVersion":1,"osmTimestamp":"2025-05-06T13:45:58Z","sourceUrl":"https://www.openstreetmap.org/way/1384049140","name":null,"waterType":"wastewater","sourceTags":{"natural":"water","water":"wastewater"},"sourceSurveyed":false},"geometry":{"type":"Polygon","coordinates":[[[126.8453037,37.588644],[126.8453165,37.5886187],[126.8453393,37.5885983],[126.8453694,37.5885851],[126.8454033,37.5885807],[126.8454372,37.5885856],[126.845467,37.5885992],[126.8454881,37.5886184],[126.8455006,37.588642],[126.8455031,37.5886674],[126.8454953,37.5886922],[126.845478,37.5887138],[126.8454531,37.58873],[126.845423,37.5887391],[126.8453908,37.5887402],[126.8453598,37.5887333],[126.8453331,37.588719],[126.8453125,37.5886972],[126.8453023,37.5886712],[126.8453037,37.588644]]]}},{"type":"Feature","id":"way/1384049141","properties":{"osmType":"way","osmId":1384049141,"osmVersion":1,"osmTimestamp":"2025-05-06T13:45:58Z","sourceUrl":"https://www.openstreetmap.org/way/1384049141","name":null,"waterType":"wastewater","sourceTags":{"natural":"water","water":"wastewater"},"sourceSurveyed":false},"geometry":{"type":"Polygon","coordinates":[[[126.8454639,37.5888218],[126.8454768,37.5887965],[126.8454996,37.5887761],[126.8455297,37.5887629],[126.8455636,37.5887585],[126.8455974,37.5887634],[126.8456272,37.588777],[126.8456484,37.5887963],[126.8456608,37.5888198],[126.8456633,37.5888453],[126.8456555,37.58887],[126.8456383,37.5888916],[126.8456134,37.5889078],[126.8455833,37.5889169],[126.8455511,37.5889181],[126.8455201,37.5889111],[126.8454934,37.5888968],[126.8454728,37.588875],[126.8454625,37.588849],[126.8454639,37.5888218]]]}},{"type":"Feature","id":"way/1384049142","properties":{"osmType":"way","osmId":1384049142,"osmVersion":1,"osmTimestamp":"2025-05-06T13:45:58Z","sourceUrl":"https://www.openstreetmap.org/way/1384049142","name":null,"waterType":"wastewater","sourceTags":{"natural":"water","water":"wastewater"},"sourceSurveyed":false},"geometry":{"type":"Polygon","coordinates":[[[126.8450959,37.5890377],[126.8451087,37.5890124],[126.8451315,37.588992],[126.8451616,37.5889789],[126.8451955,37.5889745],[126.8452293,37.5889794],[126.8452591,37.588993],[126.8452803,37.5890122],[126.8452928,37.5890357],[126.8452952,37.5890612],[126.8452874,37.589086],[126.8452702,37.5891076],[126.8452453,37.5891237],[126.8452152,37.5891329],[126.845183,37.589134],[126.845152,37.5891271],[126.8451253,37.5891127],[126.8451047,37.5890909],[126.8450945,37.5890649],[126.8450959,37.5890377]]]}},{"type":"Feature","id":"way/1384049143","properties":{"osmType":"way","osmId":1384049143,"osmVersion":1,"osmTimestamp":"2025-05-06T13:45:58Z","sourceUrl":"https://www.openstreetmap.org/way/1384049143","name":null,"waterType":"wastewater","sourceTags":{"natural":"water","water":"wastewater"},"sourceSurveyed":false},"geometry":{"type":"Polygon","coordinates":[[[126.8457665,37.587993],[126.8457794,37.5879678],[126.8458022,37.5879474],[126.8458323,37.5879342],[126.8458662,37.5879298],[126.8459,37.5879347],[126.8459298,37.5879483],[126.845951,37.5879675],[126.8459634,37.5879911],[126.8459659,37.5880165],[126.8459581,37.5880413],[126.8459409,37.5880629],[126.845916,37.5880791],[126.8458859,37.5880882],[126.8458537,37.5880893],[126.8458227,37.5880824],[126.845796,37.5880681],[126.8457754,37.5880463],[126.8457651,37.5880203],[126.8457665,37.587993]]]}},{"type":"Feature","id":"way/1384049144","properties":{"osmType":"way","osmId":1384049144,"osmVersion":1,"osmTimestamp":"2025-05-06T13:45:58Z","sourceUrl":"https://www.openstreetmap.org/way/1384049144","name":null,"waterType":"wastewater","sourceTags":{"natural":"water","water":"wastewater"},"sourceSurveyed":false},"geometry":{"type":"Polygon","coordinates":[[[126.8454993,37.5876972],[126.8455122,37.5876719],[126.8455349,37.5876515],[126.8455651,37.5876383],[126.845599,37.5876339],[126.8456328,37.5876388],[126.8456626,37.5876524],[126.8456838,37.5876716],[126.8456962,37.5876952],[126.8456987,37.5877207],[126.8456909,37.5877454],[126.8456737,37.587767],[126.8456487,37.5877832],[126.8456187,37.5877923],[126.8455865,37.5877935],[126.8455555,37.5877865],[126.8455288,37.5877722],[126.8455082,37.5877504],[126.8454979,37.5877244],[126.8454993,37.5876972]]]}},{"type":"Feature","id":"way/1384049154","properties":{"osmType":"way","osmId":1384049154,"osmVersion":1,"osmTimestamp":"2025-05-06T13:45:58Z","sourceUrl":"https://www.openstreetmap.org/way/1384049154","name":null,"waterType":"wastewater","sourceTags":{"natural":"water","water":"wastewater"},"sourceSurveyed":false},"geometry":{"type":"Polygon","coordinates":[[[126.8485977,37.5867856],[126.8486201,37.586757],[126.8486532,37.5867359],[126.8486932,37.5867245],[126.8487357,37.5867242],[126.8487759,37.586735],[126.8488095,37.5867556],[126.8488321,37.586783],[126.8488424,37.5868147],[126.8488395,37.5868473],[126.8488235,37.5868775],[126.8487961,37.586902],[126.8487603,37.5869183],[126.8487198,37.5869247],[126.8486789,37.5869205],[126.8486418,37.5869061],[126.8486117,37.5868823],[126.8485933,37.5868519],[126.8485884,37.5868185],[126.8485977,37.5867856]]]}},{"type":"Feature","id":"way/1384049155","properties":{"osmType":"way","osmId":1384049155,"osmVersion":1,"osmTimestamp":"2025-05-06T13:45:58Z","sourceUrl":"https://www.openstreetmap.org/way/1384049155","name":null,"waterType":"wastewater","sourceTags":{"natural":"water","water":"wastewater"},"sourceSurveyed":false},"geometry":{"type":"Polygon","coordinates":[[[126.8447535,37.58853],[126.8448086,37.5885193],[126.8448329,37.5885213],[126.8448651,37.5885238],[126.8449164,37.588543],[126.8449567,37.5885747],[126.8449804,37.5886128],[126.8449877,37.5886549],[126.8449778,37.5886967],[126.8449518,37.5887339],[126.8449122,37.5887626],[126.8448632,37.5887799],[126.8448098,37.5887841],[126.8447575,37.5887746],[126.8447116,37.5887525],[126.8446769,37.5887201],[126.8446563,37.5886782],[126.8446545,37.5886333],[126.8446718,37.5885905],[126.8447061,37.5885547],[126.8447535,37.58853]]]}},{"type":"Feature","id":"way/1384049156","properties":{"osmType":"way","osmId":1384049156,"osmVersion":1,"osmTimestamp":"2025-05-06T13:45:58Z","sourceUrl":"https://www.openstreetmap.org/way/1384049156","name":null,"waterType":"wastewater","sourceTags":{"natural":"water","water":"wastewater"},"sourceSurveyed":false},"geometry":{"type":"Polygon","coordinates":[[[126.8451299,37.5883159],[126.845185,37.5883052],[126.8452414,37.5883097],[126.8452927,37.5883289],[126.845333,37.5883605],[126.8453568,37.5883986],[126.8453641,37.5884408],[126.8453542,37.5884825],[126.8453281,37.5885197],[126.8452886,37.5885484],[126.8452396,37.5885658],[126.8451862,37.5885699],[126.8451338,37.5885605],[126.845088,37.5885384],[126.8450533,37.588506],[126.8450327,37.5884641],[126.8450321,37.5884498],[126.8450332,37.5884118],[126.8450482,37.5883763],[126.8450825,37.5883405],[126.8451299,37.5883159]]]}},{"type":"Feature","id":"way/1384049157","properties":{"osmType":"way","osmId":1384049157,"osmVersion":1,"osmTimestamp":"2025-05-06T13:45:58Z","sourceUrl":"https://www.openstreetmap.org/way/1384049157","name":null,"waterType":"wastewater","sourceTags":{"natural":"water","water":"wastewater"},"sourceSurveyed":false},"geometry":{"type":"Polygon","coordinates":[[[126.8448592,37.5880214],[126.8449143,37.5880107],[126.8449707,37.5880152],[126.845022,37.5880344],[126.8450623,37.588066],[126.845086,37.5881042],[126.8450933,37.5881463],[126.8450834,37.5881881],[126.8450574,37.5882252],[126.8450178,37.588254],[126.8449688,37.5882713],[126.8449154,37.5882754],[126.8448631,37.588266],[126.8448172,37.5882439],[126.8447826,37.5882115],[126.8447619,37.5881696],[126.8447602,37.5881247],[126.8447774,37.5880819],[126.8448117,37.5880461],[126.8448592,37.5880214]]]}},{"type":"Feature","id":"way/1384049158","properties":{"osmType":"way","osmId":1384049158,"osmVersion":1,"osmTimestamp":"2025-05-06T13:45:58Z","sourceUrl":"https://www.openstreetmap.org/way/1384049158","name":null,"waterType":"wastewater","sourceTags":{"natural":"water","water":"wastewater"},"sourceSurveyed":false},"geometry":{"type":"Polygon","coordinates":[[[126.8448177,37.5884956],[126.8447657,37.5884221],[126.8447781,37.5883618],[126.8447107,37.5882932],[126.8447697,37.5882568],[126.844833,37.5883212],[126.8448569,37.5883109],[126.8448631,37.588266],[126.8449154,37.5882754],[126.8449179,37.5883141],[126.8449887,37.5883716],[126.8449828,37.5884009],[126.8450332,37.5884118],[126.8450321,37.5884498],[126.844977,37.5884431],[126.8449728,37.58846],[126.8448949,37.5885105],[126.8448762,37.5885081],[126.8448651,37.5885238],[126.8448329,37.5885213],[126.8448388,37.5885021],[126.8448177,37.5884956]]]}},{"type":"Feature","id":"way/1384049159","properties":{"osmType":"way","osmId":1384049159,"osmVersion":1,"osmTimestamp":"2025-05-06T13:45:58Z","sourceUrl":"https://www.openstreetmap.org/way/1384049159","name":null,"waterType":"wastewater","sourceTags":{"natural":"water","water":"wastewater"},"sourceSurveyed":false},"geometry":{"type":"Polygon","coordinates":[[[126.8461597,37.5884504],[126.8461725,37.5884251],[126.8461953,37.5884047],[126.8462254,37.5883915],[126.8462593,37.5883871],[126.8462932,37.588392],[126.846323,37.5884056],[126.8463441,37.5884248],[126.8463566,37.5884484],[126.8463591,37.5884738],[126.8463513,37.5884986],[126.846334,37.5885202],[126.8463091,37.5885364],[126.846279,37.5885455],[126.8462468,37.5885466],[126.8462158,37.5885397],[126.8461891,37.5885254],[126.8461685,37.5885036],[126.8461583,37.5884776],[126.8461597,37.5884504]]]}},{"type":"Feature","id":"way/1384049160","properties":{"osmType":"way","osmId":1384049160,"osmVersion":1,"osmTimestamp":"2025-05-06T13:45:58Z","sourceUrl":"https://www.openstreetmap.org/way/1384049160","name":null,"waterType":"wastewater","sourceTags":{"natural":"water","water":"wastewater"},"sourceSurveyed":false},"geometry":{"type":"Polygon","coordinates":[[[126.8489641,37.5865654],[126.8489866,37.5865368],[126.8490196,37.5865156],[126.8490596,37.5865043],[126.8491021,37.586504],[126.8491424,37.5865147],[126.8491759,37.5865354],[126.8491985,37.5865628],[126.8492089,37.5865945],[126.8492059,37.5866271],[126.8491899,37.5866573],[126.8491626,37.5866818],[126.8491268,37.5866981],[126.8490862,37.5867045],[126.8490453,37.5867003],[126.8490082,37.5866859],[126.8489782,37.586662],[126.8489597,37.5866317],[126.8489548,37.5865983],[126.8489641,37.5865654]]]}},{"type":"Feature","id":"way/1384049161","properties":{"osmType":"way","osmId":1384049161,"osmVersion":1,"osmTimestamp":"2025-05-06T13:45:58Z","sourceUrl":"https://www.openstreetmap.org/way/1384049161","name":null,"waterType":"wastewater","sourceTags":{"natural":"water","water":"wastewater"},"sourceSurveyed":false},"geometry":{"type":"Polygon","coordinates":[[[126.849345,37.5863571],[126.8493674,37.5863285],[126.8494005,37.5863073],[126.8494405,37.586296],[126.849483,37.5862957],[126.8495232,37.5863064],[126.8495568,37.5863271],[126.8495794,37.5863545],[126.8495897,37.5863862],[126.8495868,37.5864188],[126.8495708,37.586449],[126.8495434,37.5864735],[126.8495076,37.5864898],[126.8494671,37.5864962],[126.8494262,37.586492],[126.8493891,37.5864776],[126.8493591,37.5864537],[126.8493406,37.5864234],[126.8493357,37.58639],[126.849345,37.5863571]]]}},{"type":"Feature","id":"way/1384049162","properties":{"osmType":"way","osmId":1384049162,"osmVersion":1,"osmTimestamp":"2025-05-06T13:45:58Z","sourceUrl":"https://www.openstreetmap.org/way/1384049162","name":null,"waterType":"wastewater","sourceTags":{"natural":"water","water":"wastewater"},"sourceSurveyed":false},"geometry":{"type":"Polygon","coordinates":[[[126.8497018,37.5861531],[126.8497242,37.5861245],[126.8497572,37.5861033],[126.8497972,37.5860919],[126.8498397,37.5860916],[126.84988,37.5861024],[126.8499135,37.5861231],[126.8499361,37.5861504],[126.8499465,37.5861821],[126.8499435,37.5862148],[126.8499275,37.5862449],[126.8499002,37.5862695],[126.8498644,37.5862858],[126.8498239,37.5862921],[126.8497829,37.5862879],[126.8497458,37.5862735],[126.8497158,37.5862497],[126.8496973,37.5862194],[126.8496925,37.5861859],[126.8497018,37.5861531]]]}},{"type":"Feature","id":"way/1384049163","properties":{"osmType":"way","osmId":1384049163,"osmVersion":1,"osmTimestamp":"2025-05-06T13:45:58Z","sourceUrl":"https://www.openstreetmap.org/way/1384049163","name":null,"waterType":"wastewater","sourceTags":{"natural":"water","water":"wastewater"},"sourceSurveyed":false},"geometry":{"type":"Polygon","coordinates":[[[126.8483151,37.5869076],[126.8483375,37.586879],[126.8483705,37.5868578],[126.8484105,37.5868465],[126.848453,37.5868462],[126.8484933,37.5868569],[126.8485268,37.5868776],[126.8485494,37.586905],[126.8485598,37.5869367],[126.8485568,37.5869693],[126.8485408,37.5869995],[126.8485135,37.587024],[126.8484777,37.5870403],[126.8484372,37.5870467],[126.8483962,37.5870425],[126.8483591,37.5870281],[126.8483291,37.5870042],[126.8483106,37.5869739],[126.8483058,37.5869405],[126.8483151,37.5869076]]]}},{"type":"Feature","id":"way/1384049164","properties":{"osmType":"way","osmId":1384049164,"osmVersion":1,"osmTimestamp":"2025-05-06T13:45:58Z","sourceUrl":"https://www.openstreetmap.org/way/1384049164","name":null,"waterType":"wastewater","sourceTags":{"natural":"water","water":"wastewater"},"sourceSurveyed":false},"geometry":{"type":"Polygon","coordinates":[[[126.8480522,37.5870415],[126.8480746,37.5870129],[126.8481077,37.5869917],[126.8481477,37.5869804],[126.8481901,37.5869801],[126.8482304,37.5869908],[126.8482639,37.5870115],[126.8482865,37.5870389],[126.8482969,37.5870706],[126.8482939,37.5871032],[126.8482779,37.5871334],[126.8482506,37.5871579],[126.8482148,37.5871742],[126.8481743,37.5871806],[126.8481333,37.5871764],[126.8480963,37.587162],[126.8480662,37.5871381],[126.8480478,37.5871078],[126.8480429,37.5870744],[126.8480522,37.5870415]]]}},{"type":"Feature","id":"way/1384049165","properties":{"osmType":"way","osmId":1384049165,"osmVersion":1,"osmTimestamp":"2025-05-06T13:45:58Z","sourceUrl":"https://www.openstreetmap.org/way/1384049165","name":null,"waterType":"wastewater","sourceTags":{"natural":"water","water":"wastewater"},"sourceSurveyed":false},"geometry":{"type":"Polygon","coordinates":[[[126.8482991,37.5864407],[126.8483391,37.5864043],[126.8483925,37.5863809],[126.8484527,37.5863733],[126.848468,37.5863756],[126.8485025,37.5863809],[126.8485126,37.5863824],[126.8485649,37.5864071],[126.8486035,37.5864445],[126.8486237,37.5864901],[126.8486231,37.5865384],[126.8486018,37.5865837],[126.8485623,37.5866205],[126.8485093,37.5866444],[126.8484671,37.5866519],[126.8484239,37.586651],[126.8483823,37.5866419],[126.8483447,37.586625],[126.8483135,37.5866013],[126.8482904,37.5865724],[126.848277,37.5865398],[126.8482739,37.5865057],[126.8482814,37.586472],[126.8482991,37.5864407]]]}},{"type":"Feature","id":"way/1384049166","properties":{"osmType":"way","osmId":1384049166,"osmVersion":1,"osmTimestamp":"2025-05-06T13:45:58Z","sourceUrl":"https://www.openstreetmap.org/way/1384049166","name":null,"waterType":"wastewater","sourceTags":{"natural":"water","water":"wastewater"},"sourceSurveyed":false},"geometry":{"type":"Polygon","coordinates":[[[126.8486622,37.5862283],[126.8487022,37.5861919],[126.8487556,37.5861685],[126.8488158,37.5861609],[126.8488757,37.58617],[126.848928,37.5861948],[126.8489666,37.5862322],[126.8489868,37.5862777],[126.8489862,37.586326],[126.8489649,37.5863713],[126.8489254,37.5864081],[126.8488724,37.586432],[126.8488303,37.5864395],[126.8487871,37.5864387],[126.8487454,37.5864295],[126.8487078,37.5864126],[126.8486766,37.5863889],[126.8486535,37.58636],[126.8486401,37.5863274],[126.848637,37.5862933],[126.8486413,37.5862741],[126.8486445,37.5862596],[126.8486622,37.5862283]]]}},{"type":"Feature","id":"way/1384049167","properties":{"osmType":"way","osmId":1384049167,"osmVersion":1,"osmTimestamp":"2025-05-06T13:45:58Z","sourceUrl":"https://www.openstreetmap.org/way/1384049167","name":null,"waterType":"wastewater","sourceTags":{"natural":"water","water":"wastewater"},"sourceSurveyed":false},"geometry":{"type":"Polygon","coordinates":[[[126.8484182,37.5859529],[126.8484583,37.5859165],[126.8485117,37.5858931],[126.8485719,37.5858855],[126.8486317,37.5858946],[126.8486841,37.5859193],[126.8487227,37.5859567],[126.8487429,37.5860023],[126.8487423,37.5860506],[126.848721,37.5860959],[126.8486815,37.5861326],[126.8486285,37.5861566],[126.8485863,37.5861641],[126.8485431,37.5861632],[126.8485204,37.5861582],[126.8485015,37.5861541],[126.8484639,37.5861371],[126.8484327,37.5861135],[126.8484096,37.5860845],[126.8483961,37.586052],[126.8483931,37.5860178],[126.8484006,37.5859841],[126.8484182,37.5859529]]]}},{"type":"Feature","id":"way/1384049168","properties":{"osmType":"way","osmId":1384049168,"osmVersion":1,"osmTimestamp":"2025-05-06T13:45:58Z","sourceUrl":"https://www.openstreetmap.org/way/1384049168","name":null,"waterType":"wastewater","sourceTags":{"natural":"water","water":"wastewater"},"sourceSurveyed":false},"geometry":{"type":"Polygon","coordinates":[[[126.8480483,37.5861494],[126.8480884,37.586113],[126.8481417,37.5860896],[126.8482019,37.586082],[126.8482618,37.5860911],[126.8483141,37.5861158],[126.8483528,37.5861532],[126.848373,37.5861988],[126.8483724,37.5862471],[126.8483667,37.5862591],[126.848351,37.5862924],[126.8483115,37.5863292],[126.8482585,37.5863531],[126.8482164,37.5863606],[126.8481732,37.5863597],[126.8481315,37.5863506],[126.848094,37.5863337],[126.8480627,37.58631],[126.8480397,37.5862811],[126.8480262,37.5862485],[126.8480231,37.5862144],[126.8480306,37.5861806],[126.8480483,37.5861494]]]}},{"type":"Feature","id":"way/1384049169","properties":{"osmType":"way","osmId":1384049169,"osmVersion":1,"osmTimestamp":"2025-05-06T13:45:58Z","sourceUrl":"https://www.openstreetmap.org/way/1384049169","name":null,"waterType":"wastewater","sourceTags":{"natural":"water","water":"wastewater"},"sourceSurveyed":false},"geometry":{"type":"Polygon","coordinates":[[[126.8484527,37.5863528],[126.8483964,37.5862837],[126.8483991,37.5862682],[126.8483667,37.5862591],[126.8483724,37.5862471],[126.8484075,37.5862443],[126.8484125,37.5862274],[126.8484889,37.5861828],[126.8485188,37.5861844],[126.8485204,37.5861582],[126.8485431,37.5861632],[126.8485427,37.5861857],[126.8485667,37.586187],[126.8486284,37.5862529],[126.8486231,37.5862759],[126.8486413,37.5862741],[126.848637,37.5862933],[126.8486184,37.5862968],[126.8486136,37.5863177],[126.8485372,37.5863677],[126.8485152,37.5863633],[126.8485025,37.5863809],[126.848468,37.5863756],[126.8484737,37.5863588],[126.8484527,37.5863528]]]}},{"type":"Feature","id":"way/1384049170","properties":{"osmType":"way","osmId":1384049170,"osmVersion":1,"osmTimestamp":"2025-05-06T13:45:58Z","sourceUrl":"https://www.openstreetmap.org/way/1384049170","name":null,"waterType":"wastewater","sourceTags":{"natural":"water","water":"wastewater"},"sourceSurveyed":false},"geometry":{"type":"Polygon","coordinates":[[[126.8491814,37.5855392],[126.8492214,37.5855028],[126.8492748,37.5854794],[126.849335,37.5854718],[126.8493949,37.5854809],[126.8494472,37.5855056],[126.8494858,37.585543],[126.849506,37.5855886],[126.8495054,37.5856369],[126.8494841,37.5856822],[126.8494446,37.5857189],[126.8493916,37.5857429],[126.8493494,37.5857504],[126.8493063,37.5857495],[126.8492835,37.5857445],[126.8492646,37.5857404],[126.849227,37.5857234],[126.8491958,37.5856998],[126.8491727,37.5856708],[126.8491593,37.5856383],[126.8491562,37.5856041],[126.8491637,37.5855704],[126.8491814,37.5855392]]]}},{"type":"Feature","id":"way/1384049171","properties":{"osmType":"way","osmId":1384049171,"osmVersion":1,"osmTimestamp":"2025-05-06T13:45:58Z","sourceUrl":"https://www.openstreetmap.org/way/1384049171","name":null,"waterType":"wastewater","sourceTags":{"natural":"water","water":"wastewater"},"sourceSurveyed":false},"geometry":{"type":"Polygon","coordinates":[[[126.8492158,37.5859391],[126.8491595,37.58587],[126.8491622,37.5858545],[126.8491299,37.5858454],[126.8491355,37.5858334],[126.8491707,37.5858306],[126.8491756,37.5858137],[126.849252,37.5857691],[126.8492819,37.5857707],[126.8492835,37.5857445],[126.8493063,37.5857495],[126.8493059,37.585772],[126.8493298,37.5857733],[126.8493915,37.5858392],[126.8493863,37.5858622],[126.8494044,37.5858604],[126.8494001,37.5858796],[126.8493815,37.5858831],[126.8493767,37.585904],[126.8493003,37.585954],[126.8492783,37.5859496],[126.8492657,37.5859672],[126.8492311,37.5859619],[126.8492368,37.5859451],[126.8492158,37.5859391]]]}},{"type":"Feature","id":"way/1384049172","properties":{"osmType":"way","osmId":1384049172,"osmVersion":1,"osmTimestamp":"2025-05-06T13:45:58Z","sourceUrl":"https://www.openstreetmap.org/way/1384049172","name":null,"waterType":"wastewater","sourceTags":{"natural":"water","water":"wastewater"},"sourceSurveyed":false},"geometry":{"type":"Polygon","coordinates":[[[126.8490622,37.586027],[126.8491023,37.5859906],[126.8491556,37.5859672],[126.8492158,37.5859596],[126.8492311,37.5859619],[126.8492657,37.5859672],[126.8492757,37.5859687],[126.8493281,37.5859934],[126.8493667,37.5860308],[126.8493869,37.5860764],[126.8493863,37.5861247],[126.8493649,37.58617],[126.8493254,37.5862068],[126.8492724,37.5862307],[126.8492303,37.5862382],[126.8491871,37.5862373],[126.8491454,37.5862282],[126.8491079,37.5862113],[126.8490766,37.5861876],[126.8490536,37.5861587],[126.8490401,37.5861261],[126.849037,37.586092],[126.8490445,37.5860583],[126.8490622,37.586027]]]}},{"type":"Feature","id":"way/1384049173","properties":{"osmType":"way","osmId":1384049173,"osmVersion":1,"osmTimestamp":"2025-05-06T13:45:58Z","sourceUrl":"https://www.openstreetmap.org/way/1384049173","name":null,"waterType":"wastewater","sourceTags":{"natural":"water","water":"wastewater"},"sourceSurveyed":false},"geometry":{"type":"Polygon","coordinates":[[[126.8488114,37.5857357],[126.8488515,37.5856993],[126.8489048,37.5856759],[126.848965,37.5856683],[126.8490249,37.5856774],[126.8490773,37.5857021],[126.8491159,37.5857395],[126.8491361,37.5857851],[126.8491355,37.5858334],[126.8491299,37.5858454],[126.8491141,37.5858787],[126.8490746,37.5859155],[126.8490217,37.5859394],[126.8489795,37.5859469],[126.8489363,37.585946],[126.8488947,37.5859369],[126.8488571,37.58592],[126.8488258,37.5858963],[126.8488028,37.5858674],[126.8487893,37.5858348],[126.8487862,37.5858007],[126.8487938,37.5857669],[126.8488114,37.5857357]]]}},{"type":"Feature","id":"way/1384049174","properties":{"osmType":"way","osmId":1384049174,"osmVersion":1,"osmTimestamp":"2025-05-06T13:45:58Z","sourceUrl":"https://www.openstreetmap.org/way/1384049174","name":null,"waterType":"wastewater","sourceTags":{"natural":"water","water":"wastewater"},"sourceSurveyed":false},"geometry":{"type":"Polygon","coordinates":[[[126.8494253,37.5858146],[126.8494654,37.5857782],[126.8495187,37.5857548],[126.8495789,37.5857472],[126.8496388,37.5857563],[126.8496912,37.5857811],[126.8497298,37.5858185],[126.84975,37.585864],[126.8497494,37.5859123],[126.849728,37.5859576],[126.8496885,37.5859944],[126.8496355,37.5860183],[126.8495934,37.5860258],[126.8495502,37.586025],[126.8495085,37.5860158],[126.849471,37.5859989],[126.8494397,37.5859752],[126.8494167,37.5859463],[126.8494032,37.5859138],[126.8494001,37.5858796],[126.8494044,37.5858604],[126.8494076,37.5858459],[126.8494253,37.5858146]]]}},{"type":"Feature","id":"way/1385492917","properties":{"osmType":"way","osmId":1385492917,"osmVersion":1,"osmTimestamp":"2025-05-11T05:10:02Z","sourceUrl":"https://www.openstreetmap.org/way/1385492917","name":null,"waterType":"river","sourceTags":{"natural":"water","water":"river"},"sourceSurveyed":false},"geometry":{"type":"Polygon","coordinates":[[[126.9042705,37.6785138],[126.9034792,37.6787325],[126.9031654,37.6781105],[126.9039271,37.6779406],[126.9043617,37.6777984],[126.9047533,37.67755],[126.9061534,37.6755885],[126.9066415,37.6754569],[126.9069688,37.675149],[126.9070385,37.6745037],[126.9069527,37.6743423],[126.9074451,37.6738534],[126.9092044,37.6735092],[126.9098073,37.6735207],[126.9103914,37.6736431],[126.9111038,37.6738262],[126.9117746,37.6742121],[126.9120873,37.6744955],[126.9122879,37.6748122],[126.9126474,37.6757236],[126.9138674,37.6778328],[126.9143779,37.6787297],[126.914802,37.6796377],[126.9141007,37.679703],[126.9138796,37.6788357],[126.9130326,37.6776652],[126.9121569,37.6760511],[126.9120073,37.6754566],[126.9117029,37.6749306],[126.911125,37.6745417],[126.9103923,37.6741096],[126.9095899,37.6740809],[126.9087688,37.6741408],[126.907811,37.6746268],[126.9063009,37.6771361],[126.9056813,37.6776583],[126.9048659,37.6782251],[126.9045923,37.6784119],[126.9042705,37.6785138]]]}},{"type":"Feature","id":"way/1386090557","properties":{"osmType":"way","osmId":1386090557,"osmVersion":1,"osmTimestamp":"2025-05-13T10:35:20Z","sourceUrl":"https://www.openstreetmap.org/way/1386090557","name":null,"waterType":"pond","sourceTags":{"natural":"water","water":"pond"},"sourceSurveyed":false},"geometry":{"type":"Polygon","coordinates":[[[126.9191639,37.5191448],[126.9190609,37.5190988],[126.9194016,37.5187101],[126.9195359,37.5186164],[126.9196823,37.5185703],[126.9198397,37.5185838],[126.9199507,37.518539],[126.9200696,37.518517],[126.9201766,37.518572],[126.9203381,37.5186215],[126.9204873,37.518662],[126.9206499,37.5186589],[126.9207064,37.5187446],[126.9205697,37.5188255],[126.9204445,37.5188593],[126.9204085,37.5188859],[126.9203717,37.5189738],[126.9202725,37.51896],[126.9201769,37.5189243],[126.9202212,37.5188677],[126.920131,37.5188236],[126.9200246,37.5188396],[126.9199207,37.5188419],[126.9197881,37.5188835],[126.9196797,37.5188705],[126.9196109,37.5187668],[126.9196456,37.5187038],[126.919584,37.5186746],[126.9194759,37.5187628],[126.9191639,37.5191448]]]}},{"type":"Feature","id":"way/1390623433","properties":{"osmType":"way","osmId":1390623433,"osmVersion":1,"osmTimestamp":"2025-05-29T05:37:43Z","sourceUrl":"https://www.openstreetmap.org/way/1390623433","name":null,"waterType":"reservoir","sourceTags":{"natural":"water","water":"reservoir"},"sourceSurveyed":false},"geometry":{"type":"Polygon","coordinates":[[[127.0299287,37.4506621],[127.0294404,37.4503724],[127.0296101,37.4501021],[127.0299806,37.4499316],[127.0303298,37.4501152],[127.0299287,37.4506621]]]}},{"type":"Feature","id":"way/1395444001","properties":{"osmType":"way","osmId":1395444001,"osmVersion":3,"osmTimestamp":"2025-07-31T04:28:57Z","sourceUrl":"https://www.openstreetmap.org/way/1395444001","name":"저류지","waterType":"lake","sourceTags":{"name":"저류지","natural":"water","water":"lake"},"sourceSurveyed":false},"geometry":{"type":"Polygon","coordinates":[[[127.1760327,37.5773041],[127.1759445,37.5772055],[127.1758882,37.577127],[127.1758423,37.5770465],[127.1758331,37.5769189],[127.1758448,37.576799],[127.1758723,37.5766812],[127.1759024,37.5766106],[127.1759999,37.576495],[127.1761043,37.5764136],[127.1761978,37.576367],[127.1763196,37.5763445],[127.1764472,37.5763426],[127.1765269,37.576352],[127.1766103,37.5763817],[127.1767131,37.5764302],[127.1767997,37.5764966],[127.1768779,37.5765319],[127.1768932,37.5765388],[127.1769098,37.5765433],[127.1769614,37.5765574],[127.1771513,37.5765841],[127.1773383,37.5765818],[127.1774989,37.5766048],[127.1775974,37.5766443],[127.1776997,37.5767258],[127.1777641,37.5768431],[127.1777757,37.5769752],[127.1777015,37.5772027],[127.1776173,37.5774041],[127.1775479,37.5774936],[127.1774622,37.5775503],[127.1773159,37.5775918],[127.1772065,37.5775925],[127.1771011,37.5775716],[127.177001,37.5775218],[127.1769028,37.5774622],[127.1768009,37.5774147],[127.1766687,37.5773888],[127.1765343,37.57739],[127.1763682,37.5773926],[127.1763506,37.577394],[127.1763323,37.5773948],[127.1762749,37.5773957],[127.176161,37.5773848],[127.1760327,37.5773041]]]}},{"type":"Feature","id":"way/1409148593","properties":{"osmType":"way","osmId":1409148593,"osmVersion":2,"osmTimestamp":"2026-02-12T02:45:55Z","sourceUrl":"https://www.openstreetmap.org/way/1409148593","name":"망월천","waterType":"unspecified","sourceTags":{"name":"망월천","natural":"water"},"sourceSurveyed":false},"geometry":{"type":"Polygon","coordinates":[[[127.183696,37.5672197],[127.1837886,37.56719917445009],[127.1837886,37.567578508133664],[127.1836883,37.5675362],[127.1836656,37.5675189],[127.1836823,37.5674416],[127.1836139,37.5674163],[127.1835913,37.5674383],[127.1835876,37.5674843],[127.1835007,37.5674262],[127.1833787,37.5674062],[127.1832535,37.5674069],[127.1831429,37.5674392],[127.1830807,37.5674878],[127.1830507,37.5675767],[127.1829344,37.5678421],[127.1829006,37.5680284],[127.1828438,37.5683647],[127.182719,37.568581],[127.1825129,37.5688355],[127.1822095,37.5690687],[127.1816006,37.5693379],[127.1812569,37.5694471],[127.1809605,37.5695798],[127.180724,37.569669],[127.1805684,37.5697528],[127.1804322,37.5698616],[127.1802157,37.5699616],[127.1800054,37.5700491],[127.1796452,37.5701927],[127.1793704,37.5702814],[127.1790096,37.5703628],[127.1785038,37.5704808],[127.1785156,37.5704241],[127.1788831,37.570337],[127.179331,37.5702501],[127.1796247,37.5701533],[127.1801513,37.5699434],[127.1804005,37.569812],[127.1804662,37.5697011],[127.1805314,37.5696055],[127.1806155,37.5695281],[127.1807625,37.5694452],[127.1809458,37.5694114],[127.1811656,37.5694003],[127.1813345,37.5693752],[127.1815639,37.5692979],[127.1821688,37.5690139],[127.1824433,37.5688087],[127.1826627,37.5685586],[127.1827876,37.5683375],[127.1828452,37.5680273],[127.1828798,37.567815],[127.1828961,37.5676093],[127.1829375,37.5675262],[127.1829909,37.5674572],[127.1830977,37.567337],[127.1831932,37.5672925],[127.1833045,37.5672685],[127.1834684,37.5672507],[127.1836037,37.5672347],[127.183696,37.5672197]]]}},{"type":"Feature","id":"way/1414189352","properties":{"osmType":"way","osmId":1414189352,"osmVersion":1,"osmTimestamp":"2025-07-12T03:31:38Z","sourceUrl":"https://www.openstreetmap.org/way/1414189352","name":null,"waterType":"pond","sourceTags":{"natural":"water","water":"pond"},"sourceSurveyed":false},"geometry":{"type":"Polygon","coordinates":[[[127.1834727,37.5736599],[127.1834776,37.5736368],[127.1835528,37.5735721],[127.1836678,37.5735084],[127.1836929,37.5735078],[127.18373,37.5735118],[127.1837731,37.5735328],[127.1837886,37.573542559259266],[127.1837886,37.573578637306845],[127.1837627,37.5735628],[127.1837454,37.573548],[127.1837199,37.5735244],[127.1836909,37.5735212],[127.1836608,37.5735318],[127.1835888,37.5735843],[127.1835391,37.5736201],[127.1835258,37.5736379],[127.1835217,37.5736593],[127.18351,37.5736795],[127.1834876,37.5736808],[127.1834727,37.5736599]]]}},{"type":"Feature","id":"way/1417443454","properties":{"osmType":"way","osmId":1417443454,"osmVersion":1,"osmTimestamp":"2025-07-26T01:37:56Z","sourceUrl":"https://www.openstreetmap.org/way/1417443454","name":null,"waterType":"pond","sourceTags":{"natural":"water","water":"pond"},"sourceSurveyed":false},"geometry":{"type":"Polygon","coordinates":[[[127.0885848,37.5096487],[127.0885725,37.5096234],[127.0886206,37.5095817],[127.0886553,37.5095395],[127.0886402,37.5094969],[127.0886212,37.5094512],[127.0886961,37.5093949],[127.0887208,37.5093683],[127.0887331,37.509323],[127.0887498,37.5092862],[127.0888103,37.5092427],[127.0888696,37.509295],[127.0888494,37.5093092],[127.0888992,37.5093745],[127.0888673,37.5093931],[127.0888494,37.5094153],[127.088841,37.5094508],[127.0888254,37.5094836],[127.088803,37.5094996],[127.0887912,37.5095094],[127.0887409,37.5094819],[127.0886827,37.5095426],[127.0887073,37.5095582],[127.0886575,37.5096123],[127.0886279,37.5096349],[127.0885848,37.5096487]]]}},{"type":"Feature","id":"way/1417443459","properties":{"osmType":"way","osmId":1417443459,"osmVersion":1,"osmTimestamp":"2025-07-26T01:37:56Z","sourceUrl":"https://www.openstreetmap.org/way/1417443459","name":null,"waterType":"pond","sourceTags":{"natural":"water","water":"pond"},"sourceSurveyed":false},"geometry":{"type":"Polygon","coordinates":[[[127.0890199,37.5082299],[127.0887938,37.5082873],[127.0887497,37.5081779],[127.0889758,37.5081205],[127.0890199,37.5082299]]]}},{"type":"Feature","id":"way/1417443462","properties":{"osmType":"way","osmId":1417443462,"osmVersion":1,"osmTimestamp":"2025-07-26T01:37:56Z","sourceUrl":"https://www.openstreetmap.org/way/1417443462","name":null,"waterType":"pond","sourceTags":{"natural":"water","water":"pond"},"sourceSurveyed":false},"geometry":{"type":"Polygon","coordinates":[[[127.0896493,37.5081195],[127.0895963,37.5081008],[127.0896232,37.508062],[127.089602,37.5080504],[127.0896077,37.5080155],[127.0896273,37.5079832],[127.0896485,37.5079664],[127.089677,37.5079664],[127.0897047,37.5079922],[127.0897242,37.5080375],[127.0897079,37.5080536],[127.0896924,37.5080581],[127.0896582,37.5080943],[127.0896493,37.5081195]]]}},{"type":"Feature","id":"way/1424524011","properties":{"osmType":"way","osmId":1424524011,"osmVersion":1,"osmTimestamp":"2025-08-24T05:24:54Z","sourceUrl":"https://www.openstreetmap.org/way/1424524011","name":null,"waterType":"reservoir","sourceTags":{"natural":"water","water":"reservoir"},"sourceSurveyed":false},"geometry":{"type":"Polygon","coordinates":[[[127.1793669,37.5518793],[127.1792113,37.552092],[127.1790745,37.5520197],[127.1795654,37.5511925],[127.1797773,37.5512669],[127.1796324,37.5514817],[127.1794795,37.5516114],[127.1794178,37.551688],[127.1793669,37.5518793]]]}},{"type":"Feature","id":"way/1433303442","properties":{"osmType":"way","osmId":1433303442,"osmVersion":1,"osmTimestamp":"2025-09-26T10:17:48Z","sourceUrl":"https://www.openstreetmap.org/way/1433303442","name":null,"waterType":"pond","sourceTags":{"natural":"water","water":"pond"},"sourceSurveyed":false},"geometry":{"type":"Polygon","coordinates":[[[127.0860815,37.5643212],[127.08607,37.5643443],[127.0860461,37.5643506],[127.0860063,37.5643436],[127.0859753,37.5643275],[127.0859364,37.5643184],[127.0859152,37.5643142],[127.0859072,37.5643022],[127.0859134,37.5642924],[127.0859276,37.5642602],[127.0859452,37.5642447],[127.0859921,37.5642391],[127.0860311,37.5642419],[127.0860718,37.564263],[127.0860797,37.5642819],[127.0860824,37.5643072],[127.0860815,37.5643212]]]}},{"type":"Feature","id":"way/1444112270","properties":{"osmType":"way","osmId":1444112270,"osmVersion":1,"osmTimestamp":"2025-10-23T07:24:18Z","sourceUrl":"https://www.openstreetmap.org/way/1444112270","name":null,"waterType":"pond","sourceTags":{"natural":"water","water":"pond"},"sourceSurveyed":false},"geometry":{"type":"Polygon","coordinates":[[[126.9179938,37.5233521],[126.9179709,37.5232951],[126.9178485,37.5231992],[126.9177827,37.5231167],[126.9178148,37.5230148],[126.9178852,37.5229723],[126.9180122,37.5230427],[126.9180305,37.5231167],[126.9181392,37.5232393],[126.9182248,37.5232817],[126.9182264,37.5233278],[126.9181942,37.5233667],[126.9181147,37.5234116],[126.9180458,37.5234091],[126.9179938,37.5233521]]]}},{"type":"Feature","id":"way/1446876454","properties":{"osmType":"way","osmId":1446876454,"osmVersion":1,"osmTimestamp":"2025-11-02T11:55:07Z","sourceUrl":"https://www.openstreetmap.org/way/1446876454","name":"인창유수지","waterType":"basin","sourceTags":{"name":"인창유수지","natural":"water","water":"basin","intermittent":"yes"},"sourceSurveyed":false},"geometry":{"type":"Polygon","coordinates":[[[127.1448509,37.6038947],[127.1473689,37.6044808],[127.1474083,37.6048389],[127.1472038,37.6050401],[127.1468993,37.6049724],[127.1466132,37.60481],[127.144676,37.6043609],[127.1448509,37.6038947]]]}},{"type":"Feature","id":"way/1451490201","properties":{"osmType":"way","osmId":1451490201,"osmVersion":1,"osmTimestamp":"2025-11-18T00:18:04Z","sourceUrl":"https://www.openstreetmap.org/way/1451490201","name":null,"waterType":"lake","sourceTags":{"natural":"water","water":"lake"},"sourceSurveyed":false},"geometry":{"type":"Polygon","coordinates":[[[126.9472374,37.4587882],[126.9471717,37.4587871],[126.9471355,37.4586828],[126.9470979,37.4585721],[126.9472522,37.4579994],[126.94757,37.4580334],[126.9474976,37.458339],[126.9474211,37.4585497],[126.9473809,37.4586338],[126.9472776,37.458769],[126.9472374,37.4587882]]]}},{"type":"Feature","id":"way/1471545994","properties":{"osmType":"way","osmId":1471545994,"osmVersion":1,"osmTimestamp":"2026-01-27T07:55:24Z","sourceUrl":"https://www.openstreetmap.org/way/1471545994","name":null,"waterType":"reservoir","sourceTags":{"natural":"water","water":"reservoir"},"sourceSurveyed":false},"geometry":{"type":"Polygon","coordinates":[[[126.9304227,37.6290806],[126.9301319,37.6290917],[126.9300718,37.6289982],[126.9303132,37.6288104],[126.930766,37.6287254],[126.9311243,37.6287135],[126.9311576,37.6287875],[126.9308239,37.6289328],[126.9304227,37.6290806]]]}},{"type":"Feature","id":"way/1477346489","properties":{"osmType":"way","osmId":1477346489,"osmVersion":1,"osmTimestamp":"2026-02-13T04:43:56Z","sourceUrl":"https://www.openstreetmap.org/way/1477346489","name":null,"waterType":"pond","sourceTags":{"natural":"water","water":"pond"},"sourceSurveyed":false},"geometry":{"type":"Polygon","coordinates":[[[127.0622367,37.5923596],[127.0622287,37.5923659],[127.0622088,37.592362],[127.0621481,37.5923738],[127.0621229,37.5923472],[127.0621118,37.5923406],[127.0620952,37.5923394],[127.0620543,37.5923445],[127.0620429,37.5923385],[127.0620369,37.5923251],[127.0620382,37.5923137],[127.0620406,37.5922983],[127.0620304,37.5922941],[127.0620026,37.5922691],[127.0619863,37.5922554],[127.0619929,37.592246],[127.0620075,37.5922424],[127.0620542,37.5922387],[127.0621032,37.5922276],[127.0621253,37.592216],[127.0621609,37.592206],[127.0622175,37.5922339],[127.0622299,37.5922535],[127.0622136,37.5922738],[127.0622003,37.5922925],[127.0622056,37.5923043],[127.0622214,37.5923189],[127.0622352,37.5923356],[127.0622405,37.5923495],[127.0622367,37.5923596]]]}},{"type":"Feature","id":"way/1480127311","properties":{"osmType":"way","osmId":1480127311,"osmVersion":1,"osmTimestamp":"2026-02-18T12:36:01Z","sourceUrl":"https://www.openstreetmap.org/way/1480127311","name":null,"waterType":"unspecified","sourceTags":{"natural":"water"},"sourceSurveyed":false},"geometry":{"type":"Polygon","coordinates":[[[127.1781842,37.5705355],[127.1781753,37.5705944],[127.1779418,37.5707039],[127.1776555,37.5708637],[127.1775089,37.5709093],[127.1772622,37.5709663],[127.176834,37.5709717],[127.1765025,37.5709282],[127.1760594,37.5707783],[127.1756786,37.5706308],[127.17544,37.5705088],[127.1751854,37.5703016],[127.1749908,37.5700971],[127.1750261,37.5700441],[127.1752174,37.5702669],[127.1754725,37.5704763],[127.1756888,37.5705913],[127.1760815,37.5707453],[127.1765168,37.5708921],[127.1768418,37.5709329],[127.177252,37.5709172],[127.1775085,37.5708551],[127.1776146,37.5708099],[127.1779259,37.570648],[127.1781842,37.5705355]]]}},{"type":"Feature","id":"way/1480127312","properties":{"osmType":"way","osmId":1480127312,"osmVersion":1,"osmTimestamp":"2026-02-18T12:36:01Z","sourceUrl":"https://www.openstreetmap.org/way/1480127312","name":null,"waterType":"unspecified","sourceTags":{"natural":"water"},"sourceSurveyed":false},"geometry":{"type":"Polygon","coordinates":[[[127.1749484,37.5699695],[127.1749172,37.5700233],[127.1746972,37.5698855],[127.1744701,37.5698128],[127.1742279,37.569802],[127.1739911,37.5697903],[127.1736822,37.5697528],[127.1733866,37.5696496],[127.1731142,37.5695156],[127.1728337,37.5693923],[127.1725475,37.5692813],[127.1725906,37.569212],[127.1727788,37.5692869],[127.1731978,37.5694652],[127.1734557,37.5695936],[127.1736828,37.5696756],[127.1739098,37.5697173],[127.1742389,37.5697374],[127.1745396,37.5697616],[127.1747912,37.5698559],[127.1749484,37.5699695]]]}},{"type":"Feature","id":"way/1480462587","properties":{"osmType":"way","osmId":1480462587,"osmVersion":1,"osmTimestamp":"2026-02-19T02:53:36Z","sourceUrl":"https://www.openstreetmap.org/way/1480462587","name":null,"waterType":"unspecified","sourceTags":{"natural":"water"},"sourceSurveyed":false},"geometry":{"type":"Polygon","coordinates":[[[127.1724599,37.5691925],[127.1724289,37.5692561],[127.1723371,37.5692461],[127.1722693,37.5692378],[127.1722705,37.5691691],[127.1724599,37.5691925]]]}},{"type":"Feature","id":"way/1480462588","properties":{"osmType":"way","osmId":1480462588,"osmVersion":2,"osmTimestamp":"2026-03-03T08:04:39Z","sourceUrl":"https://www.openstreetmap.org/way/1480462588","name":null,"waterType":"unspecified","sourceTags":{"natural":"water"},"sourceSurveyed":false},"geometry":{"type":"Polygon","coordinates":[[[127.1719975,37.5691854],[127.1719963,37.5692355],[127.1716177,37.5692324],[127.1711934,37.5692323],[127.1708962,37.5691849],[127.1705432,37.5690879],[127.1698864,37.5687839],[127.169679,37.5687001],[127.1697603,37.5685976],[127.1699463,37.5687195],[127.1702506,37.5688682],[127.1703322,37.5688647],[127.1703634,37.5688865],[127.1705185,37.5690009],[127.1706886,37.5690622],[127.1708869,37.5691143],[127.1710932,37.5691583],[127.1712622,37.5691795],[127.1714565,37.5691812],[127.1717719,37.5691811],[127.1719975,37.5691854]]]}},{"type":"Feature","id":"way/1480713065","properties":{"osmType":"way","osmId":1480713065,"osmVersion":1,"osmTimestamp":"2026-02-19T15:26:06Z","sourceUrl":"https://www.openstreetmap.org/way/1480713065","name":null,"waterType":"pond","sourceTags":{"natural":"water","water":"pond"},"sourceSurveyed":false},"geometry":{"type":"Polygon","coordinates":[[[127.064206,37.5974535],[127.064076,37.597418],[127.0641166,37.5973338],[127.0641415,37.5973288],[127.0641678,37.5973283],[127.0641816,37.5973356],[127.0642512,37.5974317],[127.0642199,37.5974521],[127.064206,37.5974535]]]}},{"type":"Feature","id":"way/1513901922","properties":{"osmType":"way","osmId":1513901922,"osmVersion":1,"osmTimestamp":"2026-05-15T06:34:10Z","sourceUrl":"https://www.openstreetmap.org/way/1513901922","name":null,"waterType":"pond","sourceTags":{"natural":"water","water":"pond"},"sourceSurveyed":false},"geometry":{"type":"Polygon","coordinates":[[[127.0795262,37.6300544],[127.0794524,37.6297534],[127.0795057,37.6297452],[127.0795796,37.6300462],[127.0795262,37.6300544]]]}},{"type":"Feature","id":"way/1531943867","properties":{"osmType":"way","osmId":1531943867,"osmVersion":2,"osmTimestamp":"2026-06-24T14:01:33Z","sourceUrl":"https://www.openstreetmap.org/way/1531943867","name":"안산방죽","waterType":"pond","sourceTags":{"name":"안산방죽","name:en":"Ansan Bangjuk(Ecological Pond)","name:ko":"안산방죽","natural":"water","water":"pond"},"sourceSurveyed":false},"geometry":{"type":"Polygon","coordinates":[[[126.9401248,37.5820633],[126.9399963,37.5821349],[126.9398823,37.5819444],[126.9399098,37.5819034],[126.9401248,37.5820633]]]}},{"type":"Feature","id":"way/1539364478","properties":{"osmType":"way","osmId":1539364478,"osmVersion":1,"osmTimestamp":"2026-07-15T07:00:14Z","sourceUrl":"https://www.openstreetmap.org/way/1539364478","name":null,"waterType":"unspecified","sourceTags":{"natural":"water"},"sourceSurveyed":false},"geometry":{"type":"Polygon","coordinates":[[[126.9300977,37.6911086],[126.9298617,37.6908316],[126.9301541,37.6907],[126.9302546,37.6908104],[126.9304089,37.6910386],[126.9303753,37.6911054],[126.9301648,37.6911585],[126.9300977,37.6911086]]]}},{"type":"Feature","id":"way/1539366073","properties":{"osmType":"way","osmId":1539366073,"osmVersion":1,"osmTimestamp":"2026-07-15T07:12:06Z","sourceUrl":"https://www.openstreetmap.org/way/1539366073","name":null,"waterType":"river","sourceTags":{"natural":"water","water":"river"},"sourceSurveyed":false},"geometry":{"type":"Polygon","coordinates":[[[126.927276,37.6920305],[126.9269488,37.6920878],[126.9267242,37.6909968],[126.9266538,37.6905134],[126.9266674,37.6903157],[126.9267151,37.6902204],[126.9270915,37.6898688],[126.927124,37.6897683],[126.9274007,37.6893265],[126.9274299,37.6892443],[126.9278128,37.6896499],[126.927622,37.6897934],[126.927268,37.690099],[126.9269971,37.6904344],[126.9269381,37.6906912],[126.9269622,37.6908419],[126.9270829,37.6914532],[126.927217,37.691831],[126.927276,37.6920305]]]}},{"type":"Feature","id":"way/1549093004","properties":{"osmType":"way","osmId":1549093004,"osmVersion":2,"osmTimestamp":"2026-08-16T06:36:48Z","sourceUrl":"https://www.openstreetmap.org/way/1549093004","name":null,"waterType":"river","sourceTags":{"natural":"water","water":"river","intermittent":"yes"},"sourceSurveyed":false},"geometry":{"type":"Polygon","coordinates":[[[127.1182834,37.4326721],[127.1182365,37.4326941],[127.1182224,37.4325012],[127.1182508,37.4324861],[127.118287,37.4324667],[127.1183519,37.4324239],[127.1184062,37.4323904],[127.1184555,37.4323606],[127.1185065,37.4323321],[127.1185103,37.4323299],[127.1185504,37.4323096],[127.1185684,37.4323023],[127.1185905,37.432298],[127.1186149,37.4322982],[127.1186505,37.4322991],[127.118673,37.4322971],[127.1186956,37.4322914],[127.1188155,37.4322941],[127.1188143,37.4323906],[127.1188131,37.4324951],[127.1187292,37.4325075],[127.1187225,37.4325243],[127.1186945,37.432525],[127.1186666,37.4325192],[127.1186313,37.4325183],[127.1185942,37.432521],[127.1185807,37.4325234],[127.1185603,37.4325271],[127.118524,37.4325379],[127.1184747,37.4325585],[127.118441,37.4325764],[127.1184079,37.4325964],[127.1183702,37.4326192],[127.1183249,37.4326485],[127.1182834,37.4326721]]]}},{"type":"Feature","id":"way/1550773961","properties":{"osmType":"way","osmId":1550773961,"osmVersion":1,"osmTimestamp":"2026-08-19T10:20:16Z","sourceUrl":"https://www.openstreetmap.org/way/1550773961","name":null,"waterType":"pond","sourceTags":{"natural":"water","water":"pond"},"sourceSurveyed":false},"geometry":{"type":"Polygon","coordinates":[[[126.9990712,37.5517132],[126.99904,37.5517033],[126.9990159,37.551683],[126.9990097,37.5516669],[126.9990307,37.5516533],[126.9990587,37.551654],[126.9990992,37.551649],[126.9991389,37.551641],[126.9991611,37.551651],[126.9991603,37.5516836],[126.9991365,37.5517008],[126.9991085,37.5517113],[126.9990712,37.5517132]]]}},{"type":"Feature","id":"way/1550801807","properties":{"osmType":"way","osmId":1550801807,"osmVersion":1,"osmTimestamp":"2026-08-19T12:25:26Z","sourceUrl":"https://www.openstreetmap.org/way/1550801807","name":null,"waterType":"pond","sourceTags":{"natural":"water","water":"pond"},"sourceSurveyed":false},"geometry":{"type":"Polygon","coordinates":[[[126.9914474,37.5550764],[126.9915042,37.5550264],[126.9915968,37.555077],[126.9915431,37.5551294],[126.9914474,37.5550764]]]}},{"type":"Feature","id":"way/1553381206","properties":{"osmType":"way","osmId":1553381206,"osmVersion":1,"osmTimestamp":"2026-08-29T10:15:57Z","sourceUrl":"https://www.openstreetmap.org/way/1553381206","name":null,"waterType":"pond","sourceTags":{"natural":"water","water":"pond"},"sourceSurveyed":false},"geometry":{"type":"Polygon","coordinates":[[[126.9656729,37.5902956],[126.9656693,37.5903033],[126.9656971,37.5903082],[126.9656719,37.5903607],[126.9656,37.5903481],[126.9656067,37.5903355],[126.9655918,37.5903294],[126.9655959,37.5903176],[126.9655574,37.5903013],[126.9655641,37.590272],[126.9656123,37.5902773],[126.9656185,37.5902545],[126.9656858,37.5902679],[126.9656729,37.5902956]]]}},{"type":"Feature","id":"relation/152336","properties":{"osmType":"relation","osmId":152336,"osmVersion":55,"osmTimestamp":"2026-05-07T07:24:49Z","sourceUrl":"https://www.openstreetmap.org/relation/152336","name":"한강","waterType":"river","sourceTags":{"name":"한강","name:en":"Han River","name:ko":"한강","natural":"water","water":"river"},"sourceSurveyed":false},"geometry":{"type":"Polygon","coordinates":[[[126.7646232,37.6310294],[126.7644328,37.63111195625],[126.7644328,37.6207203394799],[126.7644632,37.6207168],[126.764725,37.6206728],[126.7649698,37.6206246],[126.7653767,37.6205243],[126.7657559,37.6204357],[126.7661301,37.6203415],[126.7666397,37.6202229],[126.7669949,37.6201327],[126.7674466,37.620034],[126.7677055,37.620005],[126.7679936,37.6199676],[126.768233,37.6199321],[126.7686155,37.6198567],[126.7689637,37.6197948],[126.7692504,37.6197331],[126.7694285,37.6196835],[126.7695106,37.6196449],[126.7696068,37.6195988],[126.7697953,37.6195384],[126.7701152,37.6194444],[126.7704365,37.6193478],[126.7706972,37.6192825],[126.7709248,37.6192122],[126.7710231,37.6191731],[126.7710938,37.6191346],[126.7712831,37.6190064],[126.7714606,37.6189312],[126.7717916,37.6187699],[126.772166,37.6185856],[126.7725973,37.6183713],[126.7728738,37.6182053],[126.7731745,37.6180294],[126.773504,37.6178289],[126.7736511,37.6176983],[126.7737375,37.6175964],[126.7737818,37.6174866],[126.7738047,37.6173065],[126.7738336,37.6171899],[126.7738833,37.6170928],[126.7739488,37.6170375],[126.7740618,37.6169789],[126.7740867,37.6169575],[126.7740986,37.6169421],[126.7741131,37.6169223],[126.774135,37.6169108],[126.7741544,37.6169126],[126.7741764,37.6169208],[126.7742004,37.6169341],[126.7742353,37.6169519],[126.7742678,37.6169752],[126.7743166,37.6170216],[126.77436,37.6170578],[126.7743939,37.617077],[126.7744294,37.6170844],[126.7744618,37.6170822],[126.774487,37.6170671],[126.774506,37.6170426],[126.7745169,37.6170011],[126.7745298,37.6169847],[126.7745549,37.6169842],[126.7745662,37.6169958],[126.7745731,37.6170285],[126.7745795,37.6170402],[126.7745965,37.6170499],[126.7746231,37.6170473],[126.7746545,37.6170352],[126.7747868,37.6169491],[126.7749675,37.616836],[126.7751424,37.6167279],[126.7753894,37.6165804],[126.7755101,37.6165089],[126.7755927,37.6164585],[126.7756389,37.6164357],[126.7757409,37.6164004],[126.7758057,37.6163696],[126.775881,37.6163226],[126.7759915,37.6162419],[126.7761737,37.6161073],[126.7762984,37.616019],[126.7764087,37.6159397],[126.7765208,37.6158541],[126.7765859,37.6158007],[126.77668,37.6157195],[126.776829,37.6155999],[126.7769933,37.6154781],[126.7772815,37.615285],[126.7774808,37.6151577],[126.7777805,37.6149843],[126.7779063,37.6149079],[126.777964,37.6148662],[126.7780331,37.6148123],[126.778105,37.6147432],[126.7781394,37.6147135],[126.7781886,37.6146812],[126.7784217,37.6145361],[126.7785398,37.6144728],[126.7786143,37.6144314],[126.7787099,37.6143649],[126.7787616,37.6143174],[126.7788292,37.6142334],[126.7789022,37.6141564],[126.7790112,37.614055],[126.7791189,37.6139533],[126.7791808,37.6138877],[126.779232,37.6138271],[126.7792802,37.6137834],[126.7794146,37.6136831],[126.7796094,37.6135313],[126.7796473,37.6134938],[126.7796862,37.6134407],[126.7797157,37.6134039],[126.7797499,37.6133667],[126.7798049,37.6133264],[126.7799165,37.6132433],[126.7799572,37.6131963],[126.7799838,37.6131611],[126.7800108,37.6131386],[126.7800514,37.6131203],[126.7801443,37.6130948],[126.7801877,37.6130766],[126.7802237,37.6130442],[126.7802626,37.6130042],[126.7802968,37.6129788],[126.7803366,37.6129509],[126.7803864,37.6129305],[126.7804254,37.6129239],[126.7804756,37.6129218],[126.7805259,37.6129179],[126.7805884,37.6129058],[126.7806975,37.6128736],[126.7807527,37.6128493],[126.7807911,37.6128266],[126.7808146,37.6127946],[126.7808454,37.6127296],[126.7808717,37.612699],[126.7810717,37.6125752],[126.7813676,37.6124133],[126.7817138,37.6122212],[126.7820461,37.6120338],[126.7823494,37.6118586],[126.7825874,37.6117287],[126.7827214,37.6116461],[126.7828884,37.6115306],[126.7830429,37.6114138],[126.7831821,37.6113106],[126.7833342,37.6112012],[126.7833931,37.6111611],[126.7834358,37.6112063],[126.7835238,37.611158],[126.7834743,37.6110955],[126.7836365,37.6109998],[126.7838017,37.6109112],[126.7840078,37.6108155],[126.7841727,37.6107386],[126.7844069,37.6106217],[126.7846551,37.6104749],[126.7847769,37.6104024],[126.7848401,37.6103565],[126.7848939,37.6103078],[126.7849608,37.6102309],[126.7849985,37.6101792],[126.7850333,37.6101436],[126.785083,37.610108],[126.7853116,37.6099944],[126.7854375,37.6099318],[126.7858694,37.609713],[126.7860914,37.6096013],[126.7861516,37.6095524],[126.7862294,37.6094473],[126.7863948,37.6092197],[126.7864499,37.6091532],[126.7865554,37.609041],[126.7866887,37.6088897],[126.7867065,37.6088663],[126.7867046,37.6088412],[126.7866828,37.6088046],[126.7866488,37.6087815],[126.7866419,37.6087492],[126.7866563,37.6086621],[126.7866795,37.6086321],[126.7867476,37.6085829],[126.7867945,37.608546],[126.7868143,37.6085065],[126.7868442,37.6084235],[126.7868943,37.6083399],[126.7869849,37.6082555],[126.7871457,37.6081376],[126.7880868,37.6075573],[126.7885619,37.6073153],[126.7888677,37.607192],[126.7891332,37.6070837],[126.7894846,37.6069625],[126.7895736,37.6069396],[126.7896891,37.6069145],[126.7898121,37.6069018],[126.7899044,37.6069004],[126.7899974,37.6069179],[126.7902011,37.6070193],[126.7904447,37.6071455],[126.7906668,37.6072829],[126.7908337,37.6073766],[126.790947,37.6074267],[126.7910648,37.6074598],[126.7911786,37.6074754],[126.7912642,37.6074803],[126.7913558,37.6074752],[126.791476,37.6074628],[126.7915825,37.6074436],[126.791759,37.607413],[126.7920097,37.6073595],[126.7920804,37.6073285],[126.7921747,37.6072704],[126.7922391,37.6072343],[126.7923485,37.6072245],[126.7923755,37.6072481],[126.7924111,37.6072679],[126.7924615,37.6072758],[126.7925163,37.6072687],[126.7926268,37.6072453],[126.7927151,37.6072329],[126.793065,37.6071647],[126.7936156,37.607048],[126.7942537,37.6068613],[126.7947239,37.606711],[126.7951387,37.6065801],[126.795435,37.6064761],[126.795691,37.6063835],[126.7960748,37.6062401],[126.7963095,37.6061604],[126.7965053,37.6060934],[126.7967199,37.6059989],[126.7969063,37.6058895],[126.7971128,37.6057683],[126.7973649,37.6056238],[126.7978504,37.605388],[126.7981321,37.6052265],[126.7983547,37.6050671],[126.7985478,37.6048907],[126.7986971,37.6047401],[126.7991318,37.6043916],[126.7994115,37.6041704],[126.7995241,37.6040769],[126.7996954,37.6039371],[126.7998433,37.603824],[126.799997,37.6037287],[126.800124,37.6036715],[126.8002719,37.6036181],[126.8003637,37.6035834],[126.8004131,37.6035476],[126.8004519,37.6034805],[126.8004995,37.6033995],[126.800587,37.6033],[126.8007875,37.6031519],[126.8009166,37.6030515],[126.8010539,37.6029208],[126.8011892,37.6028053],[126.8012706,37.602727],[126.8013036,37.6026598],[126.8013339,37.602595],[126.8013805,37.6025444],[126.801446,37.6024948],[126.8015072,37.6024368],[126.8016287,37.6023095],[126.8017574,37.6021498],[126.801799,37.6020811],[126.8018253,37.6020114],[126.8018705,37.6019122],[126.8019086,37.6018499],[126.8027375,37.6008851],[126.8030753,37.6005175],[126.8036252,37.600017],[126.8040034,37.5998566],[126.804285,37.5996738],[126.8045559,37.599423],[126.8048174,37.5991752],[126.8050334,37.5989682],[126.8052654,37.5989109],[126.8053579,37.5988697],[126.8056219,37.5986594],[126.8056932,37.5985709],[126.8057415,37.598454],[126.8058957,37.5982882],[126.8060379,37.598165],[126.8062538,37.5980407],[126.8063108,37.5979897],[126.8064804,37.5977566],[126.8066856,37.5975232],[126.8068171,37.5973765],[126.8069673,37.5971917],[126.8071255,37.5970068],[126.8075734,37.5965775],[126.8082888,37.5958816],[126.8103388,37.5939805],[126.81043,37.5938678],[126.8104595,37.5937934],[126.8104788,37.5937125],[126.8105024,37.5936447],[126.8105317,37.593601],[126.8106526,37.5934449],[126.8109101,37.5931686],[126.8115994,37.5924673],[126.811924,37.592123],[126.8123022,37.5916936],[126.8124007,37.5915993],[126.8125463,37.5914599],[126.8131927,37.5909498],[126.8143165,37.5901762],[126.8147242,37.5899084],[126.8152231,37.589547],[126.8158024,37.589071],[126.8161405,37.5888367],[126.8165106,37.5885949],[126.8171006,37.5882123],[126.817416,37.5879871],[126.8177372,37.5877493],[126.8178812,37.5876427],[126.818144,37.5874748],[126.8187958,37.5871092],[126.8190184,37.5870029],[126.8195093,37.586835],[126.8197507,37.5867521],[126.8199411,37.5866628],[126.820153,37.5865077],[126.820786,37.5859827],[126.8213761,37.5855767],[126.8216577,37.5854067],[126.8220842,37.5851941],[126.8222183,37.5851389],[126.8222438,37.5851304],[126.8227333,37.5849391],[126.8229532,37.5848583],[126.8238383,37.584497],[126.8247718,37.5840548],[126.8263221,37.5832705],[126.8270355,37.5828093],[126.827403,37.5825202],[126.8277651,37.5821843],[126.828205,37.5818379],[126.8291548,37.581219],[126.830492,37.5806135],[126.8316098,37.5801335],[126.8333385,37.5794754],[126.8367128,37.578193],[126.8384772,37.5775357],[126.8394804,37.5771226],[126.840514,37.5766174],[126.8412417,37.5762629],[126.8420711,37.5757893],[126.8443682,37.5744591],[126.8449487,37.5741088],[126.8455629,37.5737474],[126.8463944,37.5732616],[126.8468598,37.5729789],[126.8472929,37.5727046],[126.8476738,37.5725059],[126.8489479,37.5717554],[126.8494454,37.571494],[126.849613,37.5713972],[126.8499175,37.5711931],[126.8502112,37.5710135],[126.8503842,37.5709178],[126.8507798,37.5707286],[126.8509327,37.5706447],[126.8524897,37.5697401],[126.8534768,37.5691299],[126.8556011,37.567916],[126.8567571,37.5672399],[126.8578461,37.5665936],[126.8594794,37.5656461],[126.8617623,37.5643247],[126.8650666,37.5624318],[126.865827,37.5619863],[126.866861,37.5613995],[126.8674055,37.5610784],[126.8688405,37.5601344],[126.8695083,37.5596145],[126.8708387,37.5585822],[126.8723622,37.5572831],[126.8730201,37.556762],[126.8732676,37.5565712],[126.8734677,37.5564375],[126.8740445,37.556042],[126.8745555,37.5556353],[126.874719,37.5555763],[126.8749401,37.5553664],[126.875518,37.5548018],[126.8768736,37.5543986],[126.8781068,37.5540319],[126.8781759,37.5540074],[126.8782376,37.553983],[126.878707,37.553731],[126.8788719,37.553647],[126.8790597,37.553546],[126.8791723,37.5534907],[126.8792327,37.553461],[126.8792635,37.5534301],[126.8792756,37.5533918],[126.8793426,37.5533429],[126.8796149,37.5532037],[126.8805899,37.5527039],[126.8811263,37.5524339],[126.8812497,37.5523765],[126.8814656,37.5523095],[126.8819363,37.5521511],[126.8821093,37.5520883],[126.8822046,37.5520533],[126.8822931,37.5520128],[126.8823762,37.5519799],[126.8824218,37.5519554],[126.8824916,37.5519267],[126.8826257,37.5518736],[126.8827786,37.551814],[126.8828765,37.5517736],[126.8829274,37.5517555],[126.8831862,37.5516343],[126.8833686,37.5515493],[126.8834934,37.5514823],[126.884011,37.5511825],[126.8843544,37.5509783],[126.8847433,37.5507168],[126.8856914,37.5500841],[126.8868408,37.5493111],[126.8879257,37.5485881],[126.8881229,37.5484531],[126.8882087,37.5483914],[126.8882503,37.5483755],[126.8882918,37.5483765],[126.8883897,37.5484063],[126.8884461,37.5484435],[126.8884984,37.5484733],[126.8885601,37.5484722],[126.8885963,37.5484563],[126.8886043,37.5484233],[126.888603,37.548368],[126.888603,37.5483234],[126.8886057,37.5482798],[126.8886124,37.5482308],[126.8886338,37.5482011],[126.8890442,37.5478587],[126.8895096,37.5474865],[126.889938,37.5471984],[126.8902847,37.5469783],[126.8903129,37.5469794],[126.8903746,37.5469921],[126.8904644,37.5470091],[126.8905422,37.5470208],[126.8906026,37.5470059],[126.890675,37.5469623],[126.8907876,37.5468794],[126.8908225,37.546856],[126.890852,37.5468188],[126.8908641,37.5467784],[126.8908681,37.5467412],[126.8908681,37.5466901],[126.8908788,37.5466582],[126.8909164,37.5466253],[126.8910736,37.5465246],[126.8911164,37.546501],[126.8915024,37.5462935],[126.8925968,37.5455854],[126.8933424,37.5451047],[126.8938896,37.5447666],[126.8943188,37.5445475],[126.8945789,37.5444093],[126.8947694,37.5443009],[126.8948498,37.5442413],[126.894992,37.5441201],[126.8957752,37.5436054],[126.8966737,37.543044],[126.8973602,37.542605],[126.8986103,37.5418339],[126.9005281,37.5406471],[126.9016519,37.5398879],[126.902525,37.5393429],[126.903044,37.5390031],[126.903744,37.5385629],[126.9048491,37.5379099],[126.905297,37.5374378],[126.9053614,37.5373208],[126.9054446,37.5372527],[126.9055063,37.5372442],[126.9055894,37.5372463],[126.9056484,37.5372485],[126.9057314,37.5372328],[126.9057703,37.537222],[126.9057959,37.5372159],[126.9058077,37.5372077],[126.9058227,37.5371972],[126.9059971,37.5371187],[126.9061473,37.5370156],[126.9062586,37.5369103],[126.9063793,37.5367359],[126.9065456,37.5364626],[126.9066328,37.5362616],[126.9067226,37.5360393],[126.906783,37.5359128],[126.9068983,37.5357873],[126.907066,37.5356469],[126.9078988,37.5350684],[126.9080999,37.5349301],[126.9081455,37.5348727],[126.9081831,37.5348557],[126.9082448,37.5348451],[126.9083092,37.5348472],[126.9083843,37.5348663],[126.908513,37.5348621],[126.908682,37.534794],[126.9095188,37.5343133],[126.9096524,37.5344277],[126.9097777,37.5345813],[126.9098239,37.5345951],[126.9098266,37.534643],[126.9098689,37.5346781],[126.9099654,37.5346776],[126.910003,37.5346733],[126.9100486,37.5346573],[126.9100714,37.5346355],[126.9100901,37.5346148],[126.9101344,37.5346143],[126.9111181,37.5346191],[126.9113615,37.5346281],[126.9120811,37.5347195],[126.9122366,37.5347456],[126.9123466,37.5347818],[126.9124264,37.5348477],[126.9124492,37.5348902],[126.9124773,37.5349525],[126.9126517,37.5349536],[126.9126503,37.5350519],[126.9124679,37.535054],[126.9124384,37.5351242],[126.9123942,37.5351758],[126.9122815,37.5352433],[126.912201,37.5352609],[126.9116995,37.5353768],[126.9115721,37.5353975],[126.9114735,37.5353975],[126.9113689,37.5353853],[126.911271,37.535355],[126.9111389,37.5352949],[126.9110631,37.5352306],[126.9109411,37.5351136],[126.9108687,37.5350636],[126.9107862,37.535054],[126.9106621,37.5350647],[126.9105575,37.5350753],[126.9104335,37.5350982],[126.9103725,37.5351237],[126.9103393,37.5351455],[126.9102714,37.5352309],[126.9102375,37.5353195],[126.9102228,37.535382],[126.910243,37.5354354],[126.910353,37.5355352],[126.9105263,37.5356733],[126.9106863,37.5357714],[126.9108412,37.5358439],[126.910983,37.535902],[126.9111704,37.5359596],[126.9114058,37.5359923],[126.9116245,37.536001],[126.9118737,37.5359827],[126.9122494,37.5359185],[126.9129435,37.5357942],[126.9132932,37.5357196],[126.9135292,37.5356626],[126.9139396,37.5355781],[126.9150253,37.5353812],[126.9154017,37.5353204],[126.9157795,37.5352647],[126.9161938,37.5352007],[126.9166411,37.5351085],[126.9168781,37.5350516],[126.9170224,37.535029],[126.917217,37.5350375],[126.9173562,37.5350097],[126.9174136,37.5349605],[126.9178875,37.5348758],[126.9182266,37.5348365],[126.9187196,37.5347376],[126.91941,37.5346003],[126.9197045,37.5345137],[126.9201876,37.534418],[126.9204262,37.5344039],[126.9208669,37.5343104],[126.9221416,37.5340542],[126.9226567,37.5339332],[126.9231857,37.5337881],[126.9235652,37.5336865],[126.9238398,37.5336114],[126.924142,37.533522],[126.9244032,37.5334441],[126.9246851,37.5333555],[126.9253458,37.5331429],[126.9254724,37.5330997],[126.9260357,37.5328966],[126.9266031,37.5326771],[126.9284796,37.5319371],[126.9293405,37.5315863],[126.9296092,37.5314792],[126.9300999,37.5312557],[126.9303186,37.5311504],[126.9312412,37.530681],[126.9319007,37.5303241],[126.9321499,37.5301793],[126.9324232,37.5300026],[126.9328483,37.5297264],[126.9331647,37.5295088],[126.9334692,37.5292883],[126.9339267,37.5289335],[126.9340066,37.5288675],[126.9345328,37.5284446],[126.934699,37.5283015],[126.934875,37.5281489],[126.9351777,37.5278925],[126.9352511,37.5278287],[126.93565,37.5274886],[126.9357688,37.5273987],[126.9374926,37.5259328],[126.9376153,37.5258285],[126.9379771,37.5255177],[126.9380156,37.5254846],[126.9380569,37.5254499],[126.93846,37.5251115],[126.9387735,37.5248452],[126.9388181,37.5248094],[126.9389877,37.5246682],[126.9393408,37.5243968],[126.9400272,37.5238609],[126.9405304,37.5234164],[126.9405405,37.5234078],[126.9405485,37.523401],[126.9408825,37.5231179],[126.9411281,37.5229011],[126.94136,37.5227079],[126.9413353,37.522681],[126.9414837,37.5225565],[126.9415135,37.5225713],[126.9423179,37.5218989],[126.9429058,37.5213968],[126.9432622,37.5210959],[126.9435491,37.5208434],[126.9435689,37.520826],[126.943784,37.5205348],[126.9439602,37.5202681],[126.9440758,37.5200742],[126.9441979,37.5198313],[126.9443011,37.5196055],[126.9443232,37.5195425],[126.9443129,37.5194621],[126.9443655,37.5193849],[126.9447117,37.5190032],[126.9455087,37.5183849],[126.9456589,37.51827],[126.9458789,37.5181935],[126.9461846,37.5181169],[126.9466299,37.5180445],[126.9471019,37.5179297],[126.9479227,37.5175978],[126.9489246,37.5171305],[126.9500041,37.5165947],[126.9505942,37.5163596],[126.9512325,37.5160915],[126.9525871,37.5156831],[126.9530176,37.5155456],[126.9531423,37.5154788],[126.9532576,37.5153703],[126.9534615,37.5152491],[126.95355,37.515198],[126.9553632,37.514681],[126.9562429,37.5144108],[126.9574258,37.5139853],[126.9583109,37.5136087],[126.9594777,37.513113],[126.9606096,37.512562],[126.9616958,37.5120003],[126.9622426,37.5116534],[126.9627935,37.5113451],[126.963464,37.51098],[126.9647675,37.5102358],[126.9649166,37.5100987],[126.9650134,37.5098636],[126.9651398,37.5095982],[126.9652354,37.5094683],[126.9654545,37.5093261],[126.9685328,37.5083429],[126.9698873,37.5078896],[126.9701636,37.507762],[126.9703647,37.5076343],[126.9706812,37.5074152],[126.970979,37.5072513],[126.9712204,37.5071471],[126.9717514,37.5069896],[126.9724408,37.506813],[126.9731542,37.5066768],[126.9738677,37.5065619],[126.9748038,37.5064832],[126.9760403,37.5064577],[126.9765285,37.50643],[126.9779757,37.5063478],[126.9793998,37.5062502],[126.9794366,37.5062528],[126.9797203,37.5062726],[126.9798306,37.5062788],[126.9798639,37.5062837],[126.9813618,37.5063173],[126.9816729,37.5063087],[126.9821423,37.5062555],[126.9825634,37.5062343],[126.9829953,37.5062853],[126.9834727,37.5063875],[126.9838455,37.5065598],[126.9842452,37.5067407],[126.9844966,37.5067944],[126.9845369,37.5068018],[126.9848579,37.5068566],[126.9849061,37.5068648],[126.9850016,37.5068811],[126.9851679,37.5068939],[126.9854414,37.506879],[126.985707,37.5068556],[126.9877964,37.5065534],[126.9880941,37.506547],[126.9884106,37.5065896],[126.989851,37.5069343],[126.9910354,37.5073235],[126.991201,37.5073948],[126.9913621,37.5075179],[126.9915773,37.5077649],[126.9918348,37.5081223],[126.9922264,37.50845],[126.9933692,37.5093772],[126.9934008,37.5094029],[126.9936388,37.509596],[126.9936716,37.5096226],[126.9945475,37.5103609],[126.9946151,37.5104104],[126.9946367,37.5104259],[126.9946522,37.5104378],[126.9948567,37.5105955],[126.99487,37.5106074],[126.9948889,37.5106237],[126.9955156,37.5110658],[126.9955552,37.5110938],[126.9955933,37.5111214],[126.995658,37.5111684],[126.9961622,37.5115599],[126.9966799,37.5120152],[126.9968998,37.5121811],[126.9969451,37.5122122],[126.996985,37.5122364],[126.9973223,37.5124301],[126.9978105,37.5126237],[126.9980746,37.5127205],[126.9985105,37.5128364],[126.9995995,37.5130853],[127.0000045,37.5132066],[127.0003223,37.5132949],[127.0007381,37.5134321],[127.0010439,37.5135726],[127.0013416,37.5137896],[127.0027792,37.5149767],[127.0030045,37.5151278],[127.0031762,37.515198],[127.0034015,37.5152448],[127.0036308,37.5152512],[127.0037878,37.5152682],[127.0039447,37.5153203],[127.0041847,37.5155001],[127.0045388,37.5159639],[127.0046192,37.5161277],[127.0046836,37.5163553],[127.0047587,37.5170574],[127.0047989,37.5171787],[127.0048875,37.5172893],[127.0050806,37.5174169],[127.0052817,37.5174999],[127.0054749,37.517551],[127.0056948,37.5175786],[127.0060998,37.5176105],[127.0062903,37.5176382],[127.0064056,37.5176808],[127.0064761,37.5177131],[127.0065793,37.5177842],[127.0070962,37.5181914],[127.0074187,37.5184625],[127.0074597,37.5184987],[127.0079366,37.5189182],[127.008111,37.5190753],[127.0084734,37.5194097],[127.0097937,37.5205482],[127.0098113,37.5205674],[127.0115182,37.522129],[127.0125178,37.5229903],[127.0140821,37.5243627],[127.0156453,37.525626],[127.0156685,37.5256441],[127.0172417,37.5269834],[127.0178873,37.5274799],[127.0179087,37.5274994],[127.0190741,37.528472],[127.0192772,37.5286333],[127.0194347,37.5287925],[127.0194949,37.528851],[127.0197231,37.5291016],[127.0199635,37.5293345],[127.0202289,37.5296454],[127.0205198,37.5299273],[127.0207357,37.5302103],[127.0209405,37.5305809],[127.0212815,37.5310044],[127.0219344,37.531689],[127.0221966,37.5318728],[127.0223233,37.5319197],[127.0224593,37.5318836],[127.0225829,37.5318866],[127.0231514,37.5322845],[127.0239525,37.5330192],[127.0244484,37.5333958],[127.0249717,37.5338112],[127.0257014,37.5340453],[127.0262968,37.5343006],[127.0268816,37.5345175],[127.0275199,37.5346834],[127.0282817,37.5348025],[127.0289522,37.5348323],[127.0296818,37.5348025],[127.0301968,37.5347855],[127.0309827,37.5348265],[127.0313716,37.5348451],[127.0317586,37.5347872],[127.0328221,37.5345448],[127.033973,37.5342975],[127.0341093,37.5342622],[127.0342861,37.5341937],[127.0343706,37.5341212],[127.0345267,37.5339755],[127.0346995,37.5338426],[127.0349228,37.5336554],[127.0352313,37.5334094],[127.0353413,37.5333498],[127.0355424,37.5332818],[127.0361406,37.5330978],[127.0363618,37.5330052],[127.036905,37.532834],[127.0376278,37.5326261],[127.0379215,37.5325245],[127.0385705,37.5323697],[127.0396181,37.5321282],[127.0406738,37.5318952],[127.040946,37.531799],[127.0417225,37.5316006],[127.0427498,37.5313188],[127.0427925,37.5313055],[127.042811,37.5312998],[127.0428298,37.5312939],[127.0444983,37.5307633],[127.0455017,37.5304638],[127.0460005,37.5303052],[127.0467138,37.5301295],[127.0482269,37.5297746],[127.0493334,37.5294873],[127.0504501,37.5292467],[127.0507584,37.5291885],[127.0508686,37.5292021],[127.0509375,37.5292343],[127.0509852,37.5292738],[127.0510051,37.5293274],[127.0510206,37.5293397],[127.0510594,37.5293397],[127.0511269,37.529323],[127.05155,37.5292273],[127.0518745,37.529157],[127.0520517,37.5291193],[127.0521547,37.5290947],[127.0522233,37.5290771],[127.0522444,37.5290674],[127.0522532,37.5290428],[127.0522577,37.5290103],[127.0522621,37.5289787],[127.0522776,37.5289647],[127.0523363,37.528948],[127.0523529,37.5289322],[127.0523595,37.528912],[127.0523562,37.5288839],[127.0523518,37.5288637],[127.0523564,37.5288393],[127.0524102,37.5287946],[127.052967,37.5286282],[127.0533351,37.5284956],[127.0538179,37.5282783],[127.0541263,37.5281067],[127.0544464,37.5278963],[127.0546845,37.5277209],[127.0549002,37.5275368],[127.0556351,37.52685],[127.0560788,37.5264503],[127.0567563,37.5258537],[127.0571794,37.5255147],[127.0574385,37.5253355],[127.0578394,37.525079],[127.0580976,37.524914],[127.0583478,37.5247748],[127.0588805,37.5245239],[127.0593505,37.5242838],[127.0598307,37.5240476],[127.0604035,37.5237618],[127.0609783,37.5234768],[127.0616664,37.5231375],[127.0619383,37.5229831],[127.0620632,37.5229076],[127.0621068,37.522858],[127.0623057,37.5227473],[127.0625908,37.5225924],[127.0628221,37.5224375],[127.0632699,37.5220513],[127.0634404,37.5218569],[127.0635036,37.5217462],[127.063609,37.5216392],[127.0638247,37.5215317],[127.0640069,37.5215379],[127.0643078,37.5214767],[127.0645486,37.521365],[127.0647066,37.5212843],[127.0649283,37.5211363],[127.065913,37.5205484],[127.0671425,37.5204265],[127.0681297,37.5203197],[127.0682027,37.5203189],[127.0690365,37.5201824],[127.0700947,37.5200096],[127.0710602,37.5198635],[127.0727098,37.5196614],[127.0741636,37.5194167],[127.076384,37.5190568],[127.0764385,37.5190483],[127.076521,37.5190355],[127.0774573,37.5188838],[127.078317,37.5187402],[127.0798525,37.5185679],[127.080723,37.5184845],[127.0810297,37.5184684],[127.0812799,37.5184553],[127.0816286,37.5184557],[127.0819206,37.5184507],[127.0826042,37.5184308],[127.0826398,37.5184287],[127.0830703,37.518442],[127.0838943,37.5184719],[127.0848224,37.5185404],[127.0855046,37.5186265],[127.0862378,37.5187266],[127.0872478,37.5188513],[127.0880142,37.518948],[127.0888448,37.5190604],[127.0896665,37.5192027],[127.0903,37.5193274],[127.0909092,37.5194785],[127.0916135,37.5196858],[127.0893881,37.5238232],[127.0876966,37.526885],[127.0875344,37.5268691],[127.0873924,37.5268572],[127.0872921,37.5268651],[127.0872186,37.5268691],[127.0871684,37.5268837],[127.0870849,37.5269208],[127.0870247,37.5269327],[127.0869562,37.5269195],[127.0868726,37.5269009],[127.0867841,37.5268797],[127.0867272,37.5268691],[127.0866086,37.5268532],[127.086388,37.526824],[127.0861574,37.5268015],[127.0858515,37.5267896],[127.0855139,37.5267684],[127.0850794,37.5267511],[127.0845313,37.5267299],[127.0839564,37.5267034],[127.0832812,37.5266862],[127.0826996,37.5266597],[127.0823881,37.5266477],[127.0819695,37.5266433],[127.081413,37.5266255],[127.0813886,37.5266236],[127.0810996,37.5265679],[127.0810643,37.5265652],[127.0808776,37.5265475],[127.080842,37.5265447],[127.0805813,37.5265205],[127.0805434,37.5265175],[127.0802372,37.5264911],[127.080218,37.5264896],[127.0800192,37.5264931],[127.0799955,37.5264945],[127.0798894,37.5265049],[127.0798686,37.5265054],[127.0796471,37.5265239],[127.079605,37.5265256],[127.0793752,37.526528],[127.0793558,37.5265291],[127.079198,37.5265265],[127.078946,37.5265406],[127.0787644,37.5265429],[127.0787367,37.5265433],[127.0786116,37.5265449],[127.0783801,37.5265691],[127.0783557,37.52657],[127.0782383,37.5265827],[127.0781647,37.5265882],[127.0781454,37.5265897],[127.0780512,37.5265968],[127.0777449,37.5266279],[127.0777195,37.5266293],[127.0776026,37.5266475],[127.0775739,37.5266513],[127.0774496,37.5266677],[127.0774343,37.5266697],[127.0773047,37.526685],[127.0772847,37.5266865],[127.0772239,37.5266934],[127.0770356,37.5267171],[127.0768819,37.5267402],[127.0768514,37.5267441],[127.0767476,37.5267593],[127.0766972,37.5267656],[127.076666,37.5267696],[127.0765793,37.5267803],[127.076535,37.526783],[127.0764475,37.5267953],[127.076401,37.526804],[127.0763002,37.5268225],[127.0762349,37.5268392],[127.0751878,37.5270609],[127.0742092,37.5272461],[127.0735195,37.5273756],[127.0734832,37.5273798],[127.0734534,37.5273865],[127.0734049,37.5273955],[127.072982,37.5274748],[127.072054,37.5276354],[127.0709597,37.5278556],[127.0701081,37.52803],[127.0697661,37.5281045],[127.0692618,37.5282278],[127.0688286,37.5283352],[127.0680964,37.528549],[127.0680248,37.5285694],[127.0679911,37.5285791],[127.0679612,37.5285876],[127.0679177,37.5286],[127.0678565,37.5286191],[127.0678276,37.5286281],[127.067789,37.5286401],[127.0677571,37.5286501],[127.0675707,37.528699],[127.0668622,37.5289058],[127.0665565,37.5290016],[127.0660016,37.5291641],[127.0659463,37.5291816],[127.0656583,37.5293072],[127.0655738,37.5293478],[127.0654947,37.5293765],[127.065243,37.5294697],[127.065044,37.5295339],[127.0649773,37.5295548],[127.0649562,37.5295622],[127.0645752,37.5296831],[127.0639594,37.5299211],[127.0638755,37.529958],[127.0638461,37.5299711],[127.0629992,37.5303445],[127.0624986,37.5305847],[127.0623592,37.5306527],[127.0621925,37.5307208],[127.0621575,37.530739],[127.062028,37.5308033],[127.0619327,37.5308484],[127.0617135,37.5309351],[127.0616767,37.5309441],[127.0611265,37.5312236],[127.0608202,37.5313843],[127.0607956,37.5313971],[127.06067,37.5314631],[127.0606447,37.5314764],[127.0599846,37.5318226],[127.0591374,37.532274],[127.0577055,37.5330307],[127.0573388,37.5332383],[127.0571975,37.533308],[127.0571698,37.5333216],[127.0568687,37.53347],[127.0566433,37.5335949],[127.0564551,37.5336669],[127.0554738,37.5339866],[127.0552767,37.5340393],[127.0551438,37.534092],[127.0549001,37.534178],[127.0547096,37.5342536],[127.0544948,37.534315],[127.0542888,37.534359],[127.0541271,37.5344029],[127.0539809,37.534438],[127.0538214,37.5344802],[127.0535512,37.5345697],[127.0533807,37.5346075],[127.0531935,37.5346444],[127.0529847,37.534683],[127.0529692,37.5346848],[127.0529421,37.5346782],[127.0529255,37.5346637],[127.0528917,37.5346312],[127.0528585,37.5346088],[127.0528286,37.5345886],[127.0528131,37.5345772],[127.0527666,37.5345469],[127.05274,37.5345333],[127.0527223,37.534532],[127.0526575,37.5345517],[127.0523551,37.5346347],[127.0523252,37.5346496],[127.0523164,37.5347015],[127.0523141,37.5347893],[127.0522853,37.5348894],[127.0522853,37.5349131],[127.0522709,37.534928],[127.0522023,37.5349553],[127.0521081,37.5349755],[127.051684,37.5351003],[127.0501927,37.5355193],[127.045429,37.5368167],[127.0451286,37.5369167],[127.0448658,37.536989],[127.0445707,37.5370485],[127.0433852,37.5372846],[127.0421433,37.5375973],[127.0420895,37.537579],[127.0416055,37.5377265],[127.0412046,37.537903],[127.0411774,37.5379147],[127.0410155,37.5379732],[127.0400257,37.5383332],[127.0388107,37.5387617],[127.0372416,37.5393051],[127.035867,37.5397284],[127.034542,37.5401027],[127.0334315,37.5404685],[127.0325235,37.5407005],[127.032503,37.5407057],[127.0323513,37.5407445],[127.0323077,37.5407556],[127.0321334,37.5407931],[127.032115,37.540797],[127.0313287,37.5409662],[127.0302236,37.5411235],[127.0293304,37.5411895],[127.0282066,37.5412979],[127.028098,37.5413171],[127.0279571,37.541367],[127.0251649,37.5414681],[127.0208068,37.5410935],[127.0183468,37.5395072],[127.0180383,37.5392541],[127.0175019,37.5386628],[127.0173208,37.5384134],[127.0171559,37.538163],[127.0167589,37.5375303],[127.0134276,37.5323926],[127.0132586,37.5320672],[127.0130655,37.5317099],[127.0128161,37.5313036],[127.0125318,37.5309463],[127.0122179,37.5306102],[127.0120409,37.5304655],[127.0115688,37.5301337],[127.0109305,37.5297083],[127.0102841,37.5293318],[127.0099676,37.5291574],[127.0087445,37.5285341],[127.0079184,37.5281002],[127.0071886,37.5277761],[127.0065425,37.5274456],[127.0060569,37.5271706],[127.0057699,37.5269537],[127.0041257,37.5258816],[127.0038736,37.525671],[127.0036215,37.5254178],[127.0034471,37.5252062],[127.0032299,37.5249116],[127.0030126,37.5246074],[127.0025673,37.5238437],[127.0021543,37.5231459],[127.0020041,37.5229141],[127.0017546,37.522612],[127.0013899,37.5222525],[127.0009634,37.5219164],[127.0003062,37.5215462],[126.9994828,37.5211526],[126.998595,37.5207484],[126.9976884,37.5203485],[126.9965245,37.5197697],[126.995796,37.5193989],[126.9957736,37.5193888],[126.9956432,37.5193103],[126.9951457,37.5190636],[126.9947272,37.5189232],[126.9944979,37.5188625],[126.9943142,37.5187062],[126.9942659,37.5185307],[126.9941358,37.5184051],[126.9941385,37.5178158],[126.9941372,37.5177648],[126.9940875,37.5177339],[126.9929994,37.5173365],[126.9927518,37.5172503],[126.9927446,37.5172103],[126.9927453,37.5171623],[126.9927586,37.5171098],[126.9927749,37.5170714],[126.9928172,37.5170417],[126.9928696,37.517039],[126.9940344,37.5174559],[126.9941106,37.5174538],[126.9941581,37.5174139],[126.9941622,37.5173759],[126.9941134,37.5173316],[126.9926734,37.5168189],[126.9922913,37.5166875],[126.9922343,37.5167147],[126.9922049,37.516752],[126.9922328,37.5168031],[126.9924849,37.5168989],[126.9924795,37.5169787],[126.9924621,37.5170298],[126.9923924,37.5171065],[126.9922864,37.5171045],[126.9922167,37.5171627],[126.9920129,37.5173084],[126.9919512,37.517334],[126.9919002,37.5173489],[126.9918345,37.5173457],[126.991758,37.5173095],[126.9916092,37.5171968],[126.9912189,37.5169213],[126.9904384,37.5164436],[126.9898684,37.5161671],[126.9889565,37.515749],[126.9882175,37.5154767],[126.987429,37.5152214],[126.9867463,37.5150427],[126.9852442,37.514804],[126.9846797,37.5147278],[126.9833305,37.5146023],[126.9820163,37.5145321],[126.9814369,37.5145236],[126.9797793,37.5145576],[126.9789505,37.5145895],[126.9776174,37.5147002],[126.9766706,37.5148193],[126.9761288,37.5149001],[126.9749218,37.5151363],[126.9739482,37.5153554],[126.9733337,37.5154796],[126.9727369,37.5156543],[126.9712216,37.5162209],[126.970126,37.5166383],[126.9690035,37.5170724],[126.9689535,37.5170918],[126.9687179,37.5171829],[126.9676557,37.5176425],[126.9646516,37.518887],[126.9625241,37.5197239],[126.9624867,37.519737],[126.9623128,37.5198443],[126.9619736,37.5199866],[126.9619265,37.5200055],[126.9613995,37.5202007],[126.9610508,37.5203496],[126.9600892,37.5207421],[126.9597821,37.5208708],[126.9596849,37.5209107],[126.9596419,37.520925],[126.9595876,37.5209335],[126.9595092,37.5209474],[126.9593744,37.5209846],[126.9586636,37.5212069],[126.9582278,37.5213164],[126.9576377,37.5214441],[126.9571575,37.5215313],[126.9567499,37.5215845],[126.9561987,37.5216558],[126.9558486,37.5217302],[126.9556461,37.521794],[126.9552197,37.5219642],[126.955056,37.5220482],[126.9543587,37.5224907],[126.9542058,37.5226099],[126.9540207,37.5227471],[126.9538383,37.5229321],[126.9537015,37.5231161],[126.9535755,37.523297],[126.9531289,37.5240649],[126.9528231,37.5247158],[126.9526434,37.5251562],[126.9524744,37.5256008],[126.9523671,37.5261007],[126.9522652,37.5264963],[126.9521955,37.5268473],[126.9521445,37.5275493],[126.9520748,37.5284937],[126.9520614,37.5287532],[126.9520292,37.5289191],[126.9519675,37.529034],[126.9518307,37.5291829],[126.9515732,37.5294254],[126.9513103,37.5296658],[126.9515892,37.5297508],[126.9506331,37.5306166],[126.9499558,37.5312355],[126.9492987,37.5318013],[126.9490103,37.5320608],[126.9485839,37.5324182],[126.9482553,37.5327308],[126.9479817,37.5329563],[126.9474828,37.5334136],[126.9473299,37.5335348],[126.9471931,37.5336306],[126.9470429,37.5337369],[126.9468391,37.5338433],[126.9466165,37.5339177],[126.946485,37.5339411],[126.9461659,37.5340155],[126.9458842,37.5340474],[126.9454792,37.5340496],[126.9450125,37.5340474],[126.9447711,37.5340687],[126.9445726,37.534107],[126.9438833,37.534358],[126.9432637,37.5346749],[126.9431055,37.5348089],[126.942974,37.5349493],[126.9428614,37.5351045],[126.9427085,37.5353683],[126.9425207,37.5356363],[126.9423893,37.5358447],[126.9422901,37.5359766],[126.9419521,37.536285],[126.9416168,37.5366827],[126.9414894,37.5369645],[126.9412976,37.5372814],[126.9411327,37.5375505],[126.9409181,37.5378387],[126.9406646,37.5382523],[126.9404742,37.5385256],[126.9402717,37.5387809],[126.9399606,37.5391594],[126.939691,37.5394508],[126.9393973,37.5398028],[126.9392297,37.540008],[126.93905,37.5401633],[126.9388944,37.5403037],[126.9386396,37.540477],[126.938307,37.5406418],[126.9380012,37.5408066],[126.9377786,37.5409598],[126.9375908,37.5410704],[126.9374192,37.5411895],[126.9371308,37.541349],[126.9368693,37.5414649],[126.9367513,37.5414893],[126.9364656,37.5415563],[126.9358541,37.5415861],[126.9353056,37.5415967],[126.9347598,37.541534],[126.9342408,37.5414425],[126.9338501,37.541386],[126.9336125,37.5414168],[126.9326444,37.5418082],[126.9321388,37.541985],[126.9317184,37.5420761],[126.9299667,37.5427629],[126.929764,37.5427294],[126.9297194,37.5427495],[126.9296654,37.5428373],[126.9286662,37.5432123],[126.9279463,37.5434979],[126.9273156,37.5437797],[126.9267672,37.5439843],[126.9258542,37.5441435],[126.9248785,37.5441356],[126.924492,37.544173],[126.9240613,37.5441116],[126.9230927,37.5439347],[126.9220855,37.5436603],[126.9215204,37.5434099],[126.9211695,37.5431979],[126.9210191,37.5432645],[126.9206187,37.5437268],[126.9199357,37.5433807],[126.9203126,37.542949],[126.9201541,37.5427913],[126.9194041,37.5425916],[126.9189395,37.5425526],[126.9174995,37.5425266],[126.9166334,37.5425392],[126.9160624,37.5426178],[126.9143394,37.5429416],[126.9125173,37.5432555],[126.9115287,37.5435778],[126.9110775,37.5437217],[126.9107255,37.5439296],[126.909889,37.5442541],[126.9095269,37.5444604],[126.908973,37.5448155],[126.9084531,37.5451901],[126.9084196,37.5452135],[126.907585,37.545781],[126.9070351,37.5461638],[126.9066006,37.546436],[126.9058415,37.5469996],[126.9050181,37.5475716],[126.9045863,37.5478906],[126.902466,37.5493505],[126.9021964,37.5495461],[126.9021213,37.5495855],[126.9020382,37.5496354],[126.9018812,37.5497811],[126.9017927,37.5498592],[126.9017753,37.5498933],[126.9017491,37.5499326],[126.9017163,37.5499619],[126.9016834,37.5499799],[126.901662,37.5499821],[126.9016325,37.5499682],[126.901609,37.5499549],[126.9015949,37.549948],[126.9015513,37.5499608],[126.9015118,37.5499969],[126.9015004,37.550014],[126.9014561,37.5500661],[126.9014266,37.550115],[126.9013998,37.5501479],[126.9013529,37.5501671],[126.9013126,37.5501788],[126.9012791,37.550183],[126.901259,37.5502075],[126.901207,37.5502893],[126.9011803,37.5503076],[126.9007882,37.5506158],[126.8997864,37.5513122],[126.899348,37.5515948],[126.8993209,37.5516172],[126.8986371,37.5521202],[126.8981825,37.5524403],[126.8976206,37.5528368],[126.8971498,37.5531696],[126.8967743,37.5534259],[126.8963009,37.5537672],[126.8958127,37.5541084],[126.8957792,37.5541233],[126.8957578,37.5541201],[126.8957242,37.5541191],[126.8956532,37.5540967],[126.8956223,37.5541053],[126.8955606,37.5541499],[126.8953916,37.5542732],[126.8953702,37.5542977],[126.8953702,37.5543211],[126.8953863,37.5543551],[126.8953809,37.5543881],[126.8953702,37.5544136],[126.8953541,37.5544306],[126.8952884,37.5544784],[126.8952388,37.5545114],[126.8948069,37.5548176],[126.8938105,37.555515],[126.8923232,37.5565729],[126.8922293,37.556659],[126.8921395,37.55676],[126.8920107,37.5569482],[126.8909414,37.5577024],[126.8898971,37.5584706],[126.8897161,37.5585323],[126.8893459,37.5587013],[126.8889275,37.5589501],[126.8888062,37.5590232],[126.8887745,37.5590392],[126.8885735,37.5591531],[126.8876722,37.5596783],[126.8871103,37.5599877],[126.8870741,37.560009],[126.8870231,37.5600228],[126.8870044,37.5600249],[126.8869507,37.5600483],[126.8869266,37.5600717],[126.8869038,37.560102],[126.8868736,37.5601238],[126.8867952,37.5601567],[126.8859863,37.5606522],[126.885948,37.5606745],[126.8854383,37.5609567],[126.8854096,37.5609725],[126.8850913,37.5611486],[126.8850598,37.5611683],[126.8850464,37.5611911],[126.8850497,37.5612161],[126.8850464,37.5612459],[126.8850437,37.5612634],[126.8850256,37.5612815],[126.8849988,37.5612964],[126.8849719,37.5613065],[126.8849605,37.5613033],[126.8849351,37.5612863],[126.8849089,37.5612539],[126.8848915,37.561256],[126.8848646,37.5612725],[126.8848412,37.5612857],[126.884809,37.561307],[126.884805,37.561324],[126.8848164,37.5613458],[126.8848532,37.561391],[126.8850732,37.5616355],[126.8850812,37.5616653],[126.8850759,37.5616876],[126.8850584,37.561711],[126.8850249,37.5617514],[126.8849082,37.5618407],[126.8848532,37.5618821],[126.8847929,37.5619172],[126.8845971,37.5619863],[126.8844992,37.5620118],[126.8842967,37.562048],[126.8842189,37.5620544],[126.8840969,37.5620565],[126.8839936,37.5620501],[126.8838742,37.5620352],[126.8836838,37.5619768],[126.8836516,37.5619704],[126.8836275,37.561981],[126.8835443,37.562032],[126.8834236,37.5621033],[126.8831742,37.5622468],[126.8822328,37.5628049],[126.8822049,37.5628277],[126.8818331,37.563025],[126.8814723,37.5631972],[126.88118,37.5633301],[126.8807615,37.563481],[126.8802989,37.5636107],[126.8800419,37.5636606],[126.8799168,37.5636973],[126.8797396,37.5637436],[126.8788531,37.56402],[126.8786131,37.5640933],[126.8784914,37.5641391],[126.8783757,37.5641826],[126.8782067,37.56424],[126.8780699,37.5642911],[126.8778889,37.5643442],[126.8764231,37.5647652],[126.8759242,37.5649799],[126.8753421,37.5653286],[126.8746957,37.5657517],[126.8741351,37.5661748],[126.873529,37.5667169],[126.8731213,37.5670836],[126.8728048,37.5673909],[126.8724051,37.5678671],[126.8721718,37.5681413],[126.8718982,37.568388],[126.8713134,37.5688004],[126.8695861,37.5701397],[126.8687466,37.5706308],[126.8684408,37.5707265],[126.868194,37.5707626],[126.8677354,37.5707499],[126.867561,37.5707478],[126.8674511,37.570786],[126.8673465,37.5708817],[126.8672606,37.5710603],[126.8670729,37.5712814],[126.8668342,37.571477],[126.8663567,37.5717746],[126.8661126,37.5719404],[126.8658445,37.5721753],[126.8656659,37.5722779],[126.8654636,37.57239],[126.8652087,37.5725548],[126.8649164,37.5727185],[126.8645892,37.5728758],[126.8643665,37.5729863],[126.864168,37.5730884],[126.8638452,37.5732649],[126.8636772,37.5733796],[126.863071,37.5736071],[126.8625855,37.5737282],[126.8625051,37.5737644],[126.8624488,37.5738377],[126.862438,37.5739089],[126.8627975,37.5743158],[126.8629578,37.5744926],[126.8627867,37.5745935],[126.8627438,37.5746094],[126.8627049,37.5745988],[126.862607,37.5745137],[126.8625748,37.5744904],[126.862532,37.5744746],[126.8624876,37.5744489],[126.8621604,37.5741109],[126.8621095,37.5740854],[126.8620558,37.5740886],[126.8620115,37.5740981],[126.8618453,37.5741981],[126.8618171,37.5742427],[126.8618198,37.5742842],[126.8617916,37.5744829],[126.8617675,37.5745552],[126.8617192,37.574619],[126.8610067,37.5750546],[126.8607831,37.5752036],[126.8603486,37.5753864],[126.8597263,37.5755735],[126.8595219,37.5756487],[126.8592757,37.5757393],[126.8589108,37.5759082],[126.8579078,37.5763727],[126.8573949,37.5766388],[126.8568671,37.5769127],[126.8562019,37.5772485],[126.8558854,37.5774569],[126.8555582,37.5777077],[126.8554079,37.5778055],[126.8551049,37.5779458],[126.8546408,37.5781243],[126.8542922,37.5782646],[126.8539059,37.5784517],[126.8536055,37.5786218],[126.8533614,37.5787982],[126.8531388,37.5789874],[126.8529873,37.5791415],[126.8528813,37.5792573],[126.8527874,37.5793636],[126.8526909,37.5794933],[126.8525782,37.5796846],[126.8524066,37.5800438],[126.8523288,37.580165],[126.8522161,37.5802585],[126.8520364,37.5803584],[126.8518299,37.580469],[126.8516314,37.5806071],[126.8515134,37.5807368],[126.8512988,37.5810599],[126.8511191,37.581298],[126.8509287,37.5814765],[126.8506631,37.5816614],[126.8503252,37.5818315],[126.8499845,37.5820164],[126.8497887,37.5821333],[126.8493462,37.5823799],[126.8491343,37.582525],[126.8487534,37.582686],[126.8483725,37.5828964],[126.8477797,37.5832408],[126.8475437,37.5833917],[126.8465808,37.5840038],[126.8463823,37.5840676],[126.846208,37.584091],[126.8460014,37.5840718],[126.8457842,37.5840251],[126.8452719,37.5838912],[126.8451244,37.5838827],[126.8449232,37.5839294],[126.8444967,37.5841144],[126.8442902,37.5842802],[126.844207,37.5844013],[126.8441775,37.584497],[126.84414,37.5848881],[126.844081,37.5850071],[126.8438825,37.5852111],[126.8435955,37.5853833],[126.843397,37.5854407],[126.8431073,37.5854832],[126.8428391,37.5855172],[126.8424636,37.5855427],[126.8423134,37.5855852],[126.842013,37.5857255],[126.8413585,37.5861038],[126.8409133,37.5864779],[126.8406182,37.5867457],[126.8400389,37.5871326],[126.839363,37.5875066],[126.8389016,37.5877787],[126.8384993,37.588004],[126.8382418,37.5881315],[126.837995,37.5882718],[126.8373969,37.5886246],[126.8367934,37.5889689],[126.8362141,37.589292],[126.8358546,37.5894748],[126.8355167,37.5896278],[126.8349481,37.5898488],[126.8344814,37.589987],[126.8339717,37.5901081],[126.8332529,37.5903186],[126.8330008,37.5903993],[126.8326575,37.5905417],[126.8321639,37.5908074],[126.8316972,37.591039],[126.8311822,37.5912845],[126.8310723,37.5913632],[126.8309918,37.5914832],[126.8309167,37.5916766],[126.8307611,37.5919784],[126.8306619,37.592089],[126.830281,37.5922696],[126.8299913,37.5923408],[126.8295287,37.5924758],[126.8293758,37.5925108],[126.8292256,37.5925215],[126.828893,37.5925321],[126.8287428,37.5925501],[126.8285336,37.5926107],[126.8283606,37.5926681],[126.8281098,37.5927754],[126.8279998,37.5928307],[126.8276887,37.5930145],[126.8274942,37.5931197],[126.8271106,37.5933068],[126.8270436,37.5933301],[126.8269363,37.5933503],[126.826774,37.5933737],[126.8266962,37.593396],[126.8262872,37.5936022],[126.8260968,37.5936765],[126.8256569,37.5938104],[126.8255362,37.5938519],[126.8253484,37.593921],[126.82482,37.5941632],[126.8246296,37.5942376],[126.8243775,37.5943205],[126.824246,37.5943811],[126.8240811,37.5944799],[126.8238585,37.5945989],[126.8235017,37.5947562],[126.8232054,37.5948454],[126.8225737,37.5950654],[126.822457,37.595127],[126.8223846,37.5951717],[126.8222478,37.5952662],[126.8220855,37.5953364],[126.821871,37.5953948],[126.8216644,37.5954331],[126.8214834,37.5954639],[126.8213493,37.5954947],[126.8212366,37.5955276],[126.8211158,37.5955733],[126.8209831,37.5957083],[126.8208329,37.5958209],[126.8207297,37.5958677],[126.8205996,37.5959155],[126.8203387,37.5960299],[126.8201905,37.5960961],[126.8200243,37.5961822],[126.8197198,37.5963384],[126.8195938,37.5964043],[126.8194784,37.5964638],[126.8193872,37.5965169],[126.8192866,37.5965509],[126.8191887,37.5965892],[126.8191096,37.5966359],[126.8190479,37.5966837],[126.8189594,37.5967666],[126.8188092,37.5969536],[126.8186295,37.5970811],[126.818482,37.5971577],[126.8183157,37.597249],[126.8182003,37.5973213],[126.8180153,37.5974573],[126.8178275,37.5976082],[126.8176317,37.5977208],[126.8174466,37.5978271],[126.8172723,37.5979546],[126.8170255,37.5981182],[126.8168351,37.598267],[126.8165562,37.5984582],[126.8163496,37.5986176],[126.8160358,37.5988386],[126.8158132,37.5989959],[126.8156281,37.5991277],[126.8152848,37.599338],[126.8150461,37.5994571],[126.8132624,37.601375],[126.8132544,37.6014886],[126.8131337,37.6016331],[126.8128457,37.6019551],[126.812683,37.6020709],[126.8125302,37.6021878],[126.812396,37.6023471],[126.8122727,37.6024853],[126.8121037,37.6026723],[126.8119293,37.6028465],[126.8117255,37.603127],[126.8114653,37.6035626],[126.8112051,37.603909],[126.8109906,37.6042256],[126.8106741,37.6046442],[126.8105373,37.6048227],[126.8102878,37.6051585],[126.8100518,37.6054475],[126.8095079,37.6060197],[126.8093383,37.6061848],[126.8090079,37.6065196],[126.8088797,37.6066544],[126.8087456,37.6067755],[126.808641,37.6068754],[126.8084747,37.607039],[126.8082842,37.6072473],[126.8079704,37.6075384],[126.8076779,37.6077797],[126.8072972,37.6080993],[126.8069914,37.6083373],[126.8065676,37.6086582],[126.8063155,37.6088898],[126.8060607,37.609098],[126.8057898,37.6093126],[126.805543,37.6095294],[126.8053097,37.6097227],[126.8050924,37.6098884],[126.8048912,37.6100329],[126.8047249,37.6101732],[126.8044218,37.6104281],[126.8040597,37.6107129],[126.8038613,37.610953],[126.8036386,37.6112441],[126.8035018,37.6115054],[126.8033811,37.6116478],[126.8031451,37.6118262],[126.8026569,37.6122023],[126.8023217,37.6124892],[126.8018416,37.6129693],[126.8014231,37.6134835],[126.8007714,37.6142484],[126.8005246,37.6145267],[126.8003851,37.6146521],[126.8000042,37.6148816],[126.7995188,37.6151748],[126.7991218,37.6154064],[126.798993,37.6155296],[126.7988884,37.6156656],[126.7987758,37.61581],[126.798694,37.6158865],[126.7985424,37.6159811],[126.7983815,37.6160735],[126.798287,37.6161352],[126.7982179,37.6161776],[126.7980878,37.6162849],[126.7979148,37.6164283],[126.7975098,37.616679],[126.7971557,37.6168808],[126.7959116,37.6176881],[126.795584,37.6179006],[126.7947927,37.6183596],[126.7942724,37.6186485],[126.7939988,37.6187781],[126.7937587,37.6189003],[126.7934811,37.6190575],[126.7931606,37.6192338],[126.7929152,37.619374],[126.7928267,37.6194346],[126.7927295,37.6194997],[126.7926079,37.6195793],[126.7924052,37.6197142],[126.7923371,37.6197596],[126.7921574,37.6198913],[126.7921078,37.61992],[126.7919308,37.6200401],[126.7917927,37.6201176],[126.7915875,37.6202408],[126.7913876,37.6203417],[126.7911758,37.620449],[126.7910242,37.6205351],[126.7907748,37.6206477],[126.7906702,37.6206944],[126.7905575,37.620722],[126.7904234,37.6207539],[126.7902061,37.6208198],[126.7901391,37.620858],[126.7900546,37.6209207],[126.7899567,37.6210067],[126.7897823,37.6211491],[126.7896241,37.6212999],[126.7894565,37.6214359],[126.7893223,37.6215591],[126.7891963,37.6216515],[126.7890501,37.6217354],[126.7888865,37.6218331],[126.7885807,37.6219882],[126.7883876,37.6220817],[126.7881033,37.6222262],[126.7878512,37.6223483],[126.7876124,37.6224492],[126.7873925,37.6225459],[126.7871283,37.6226574],[126.7869687,37.6227254],[126.7867823,37.6228189],[126.7865369,37.6229453],[126.786392,37.6230303],[126.7862485,37.6231036],[126.7861171,37.6231875],[126.7860112,37.6232841],[126.7859039,37.6233925],[126.7857698,37.6234934],[126.7855659,37.6236495],[126.7854197,37.6237462],[126.7852803,37.623828],[126.7852011,37.6238747],[126.785126,37.6239023],[126.7850415,37.6239236],[126.784897,37.6239957],[126.7847411,37.6240935],[126.784491,37.6242673],[126.7842691,37.6244005],[126.783919,37.6245821],[126.783624,37.624716],[126.7832646,37.6248753],[126.7829052,37.6250346],[126.7824116,37.6252577],[126.7820603,37.6254128],[126.7817759,37.6255466],[126.7814702,37.6256826],[126.7809257,37.6259524],[126.7806038,37.6261393],[126.7803222,37.6263539],[126.7800808,37.6264983],[126.7797965,37.6266406],[126.7794907,37.6267469],[126.7791662,37.6268881],[126.778859,37.6270156],[126.778564,37.6271441],[126.77834,37.6272386],[126.7780611,37.627331],[126.7777205,37.6274288],[126.7773543,37.6275201],[126.7769828,37.6275955],[126.7767186,37.6276507],[126.7764585,37.6276975],[126.7762332,37.6277378],[126.7760146,37.6277665],[126.7758349,37.6277517],[126.7756847,37.6277198],[126.7755318,37.6276943],[126.7752796,37.6276985],[126.7750436,37.6277304],[126.7745957,37.6278621],[126.7742738,37.6279705],[126.7740512,37.6280533],[126.773732,37.6281425],[126.7731929,37.6282721],[126.7728361,37.6283656],[126.7723373,37.6284782],[126.7716694,37.6286375],[126.7712617,37.6287373],[126.7709506,37.6288563],[126.7705563,37.6290198],[126.7701808,37.6291749],[126.7697543,37.62933],[126.7691883,37.6295467],[126.768432,37.6298377],[126.7680404,37.6299715],[126.7677131,37.6300735],[126.7672813,37.6302115],[126.7668548,37.6303178],[126.7664364,37.6304516],[126.766077,37.630545],[126.7655647,37.6307065],[126.765165,37.6308212],[126.7646232,37.6310294]],[[126.9067704,37.5362681],[126.9067525,37.5362817],[126.9066921,37.5363216],[126.9066749,37.5363603],[126.9066738,37.5363815],[126.906709,37.5364115],[126.9067274,37.5364575],[126.9067653,37.5364721],[126.9068039,37.5364627],[126.9068275,37.5364462],[126.9068299,37.5364275],[126.9068577,37.5363944],[126.9068899,37.5363859],[126.9068996,37.5363567],[126.9069264,37.536347],[126.9069487,37.5363151],[126.906925,37.5362731],[126.9068875,37.5362626],[126.9068483,37.5362466],[126.9067961,37.536251],[126.9067704,37.5362681]],[[126.7664176,37.6278472],[126.7661628,37.6279566],[126.7660461,37.6280958],[126.7660394,37.628219],[126.7660555,37.6283295],[126.7661414,37.6284442],[126.7662647,37.6285461],[126.7663586,37.6285801],[126.7667019,37.6286226],[126.7671606,37.6286481],[126.7674798,37.6286311],[126.768102,37.6285568],[126.7686787,37.6284484],[126.7692661,37.6283273],[126.7697945,37.6282147],[126.7708379,37.6279258],[126.7721522,37.6275775],[126.7741102,37.6271144],[126.7750382,37.6269232],[126.7765671,37.6265833],[126.7771625,37.6264218],[126.7777526,37.6262476],[126.7778948,37.6261924],[126.778053,37.6260649],[126.7781147,37.6260033],[126.7781442,37.6258865],[126.7781147,37.6257856],[126.7780584,37.6256953],[126.7779471,37.6256411],[126.7778063,37.6255933],[126.7774093,37.6254659],[126.7769909,37.6253979],[126.7764813,37.6253597],[126.7759931,37.6253894],[126.7755049,37.6254446],[126.774947,37.6255296],[126.7743301,37.6257081],[126.7737454,37.6259162],[126.7731285,37.6260564],[126.7720127,37.6262731],[126.7711598,37.6264558],[126.7707092,37.6265748],[126.770339,37.6267277],[126.7701003,37.6268807],[126.7699528,37.6270421],[126.7698348,37.6271356],[126.7696685,37.6272439],[126.7694861,37.627314],[126.7690945,37.627467],[126.7688048,37.6275201],[126.7684293,37.6275392],[126.7677882,37.6275966],[126.7673081,37.6276497],[126.7668119,37.6277177],[126.7664176,37.6278472]],[[126.9944755,37.5105395],[126.9944667,37.5105339],[126.9942893,37.5107109],[126.9945902,37.5109006],[126.9947676,37.5107236],[126.9947503,37.5107127],[126.9947363,37.5107039],[126.9945137,37.5105636],[126.9944938,37.510551],[126.9944755,37.5105395]],[[126.847128,37.5826477],[126.8472728,37.582686],[126.8474042,37.5826562],[126.8482357,37.5823289],[126.8486971,37.5821248],[126.8490672,37.5819186],[126.8494347,37.581704],[126.8497565,37.5815212],[126.850065,37.5813957],[126.8503574,37.5812725],[126.8505183,37.5812023],[126.8506417,37.5811322],[126.8508348,37.5810046],[126.8509367,37.5808473],[126.8509608,37.5807155],[126.850926,37.580554],[126.8508321,37.5804711],[126.8506926,37.5804307],[126.8505263,37.5804222],[126.8503466,37.5804626],[126.8499443,37.5806348],[126.8493783,37.5809324],[126.8491665,37.5810599],[126.848941,37.5811843],[126.8485951,37.5813894],[126.8477324,37.5818331],[126.8474914,37.5819617],[126.8471467,37.5821503],[126.8470475,37.5822109],[126.8469925,37.5822896],[126.8469563,37.582381],[126.8469697,37.5824692],[126.8470395,37.5825712],[126.847128,37.5826477]],[[126.9293702,37.5399862],[126.9294242,37.5399751],[126.9305474,37.5394919],[126.9311621,37.5392992],[126.9312573,37.53928],[126.9313539,37.5392556],[126.9314504,37.5392258],[126.9315376,37.5391918],[126.9316248,37.5391546],[126.9317079,37.5391131],[126.9317938,37.5390674],[126.9324388,37.538684],[126.9324938,37.5387143],[126.9325662,37.5387281],[126.9326387,37.5387239],[126.9327218,37.5387047],[126.9333334,37.5384995],[126.9334085,37.5384633],[126.9334769,37.5384134],[126.9335144,37.5383581],[126.9335318,37.5382943],[126.9335173,37.5380822],[126.9342668,37.5373903],[126.9343499,37.5373531],[126.934429,37.5373042],[126.9345444,37.5371787],[126.9345819,37.5371117],[126.9345927,37.5370575],[126.9345913,37.5370001],[126.9345792,37.5369554],[126.9345605,37.5369171],[126.9345967,37.5367799],[126.9346459,37.5365925],[126.9348036,37.5363324],[126.9346081,37.5361334],[126.9342784,37.5359606],[126.9342066,37.5358809],[126.9341756,37.5358388],[126.9341434,37.5357994],[126.9340978,37.5357696],[126.9340415,37.5357484],[126.9339757,37.5357409],[126.9339127,37.5357462],[126.9337907,37.5357665],[126.9335788,37.5358292],[126.9333562,37.5359047],[126.9328841,37.5360089],[126.9328063,37.5360196],[126.9327178,37.5360174],[126.9326333,37.5360055],[126.9325897,37.5360065],[126.9325448,37.5360172],[126.9325079,37.5360321],[126.9323269,37.5361304],[126.9322102,37.5361676],[126.9321699,37.5361698],[126.932129,37.536165],[126.9320922,37.5361543],[126.932056,37.5361506],[126.9320197,37.5361543],[126.9319842,37.5361623],[126.9319487,37.5361751],[126.9317146,37.5362899],[126.9316784,37.5363101],[126.9316516,37.5363319],[126.9315443,37.5364431],[126.9315195,37.5364628],[126.9314913,37.5364803],[126.9311956,37.5366247],[126.9311474,37.5366406],[126.9310977,37.5366523],[126.930749,37.5367153],[126.9307308,37.5367151],[126.9307135,37.5367164],[126.9306966,37.536719],[126.930682,37.5367239],[126.9306696,37.5367325],[126.9306605,37.5367424],[126.9306545,37.5367543],[126.930651,37.536766],[126.9306456,37.5367763],[126.9306381,37.5367856],[126.930627,37.5367937],[126.9306143,37.5368001],[126.9303665,37.5368819],[126.9302612,37.5368904],[126.9293836,37.5371774],[126.9293684,37.5371812],[126.9293535,37.5371836],[126.9293394,37.5371841],[126.9293236,37.5371833],[126.9293084,37.5371839],[126.9292926,37.5371869],[126.9292782,37.5371919],[126.9289697,37.5373355],[126.9288383,37.5374473],[126.9288321,37.5374581],[126.9288289,37.5374694],[126.9288289,37.5374807],[126.9288308,37.5374917],[126.9288346,37.5375032],[126.9288402,37.5375129],[126.9288557,37.5375276],[126.9288621,37.5376847],[126.9286407,37.5378446],[126.9284469,37.5381018],[126.9283579,37.5381315],[126.9282729,37.5380547],[126.9281916,37.5380936],[126.9281607,37.5381276],[126.9281185,37.5381789],[126.9281399,37.5382036],[126.9281554,37.5382329],[126.9281621,37.5382658],[126.92816,37.5382961],[126.9281165,37.53842],[126.9280903,37.5384721],[126.9280595,37.5385243],[126.9280199,37.5385758],[126.9279797,37.5386174],[126.9279596,37.5386249],[126.9279425,37.5386326],[126.9279284,37.5386416],[126.9279186,37.5386517],[126.9279153,37.5386637],[126.927918,37.538677],[126.9279227,37.5386884],[126.9279294,37.5387002],[126.9279675,37.5387973],[126.9280029,37.5388289],[126.9280285,37.5388377],[126.9280572,37.5388405],[126.9281036,37.5388222],[126.9283178,37.5387632],[126.9284752,37.5387894],[126.928503,37.5387915],[126.9285349,37.5387886],[126.9286759,37.5387539],[126.9286985,37.5387473],[126.9287201,37.5387392],[126.9287391,37.5387263],[126.928755,37.5387113],[126.928785,37.5386784],[126.9289379,37.5386486],[126.9291927,37.5387709],[126.9292118,37.5387984],[126.9292286,37.5388319],[126.9292514,37.538859],[126.9292846,37.5388834],[126.9293164,37.5389],[126.929354,37.5389101],[126.9293935,37.5389122],[126.9294341,37.5389068],[126.9294673,37.5388931],[126.9294968,37.5388718],[126.9295136,37.5388479],[126.9295229,37.5388192],[126.9295176,37.5387846],[126.9295048,37.5387559],[126.9294894,37.538732],[126.9294666,37.5387107],[126.9294391,37.5386937],[126.9288725,37.5383781],[126.9288626,37.5383709],[126.9288547,37.5383625],[126.928849,37.5383534],[126.9288452,37.5383431],[126.9288443,37.5383334],[126.9288484,37.5383234],[126.9288583,37.5383158],[126.9288832,37.5383021],[126.9292696,37.5380732],[126.9299093,37.5379822],[126.9299482,37.5379809],[126.9299885,37.5379822],[126.930028,37.5379884],[126.9300649,37.5379982],[126.9300944,37.5380139],[126.9301159,37.5380343],[126.9301279,37.5380649],[126.9301333,37.538095],[126.9301615,37.5385469],[126.9301682,37.5385815],[126.9301823,37.5386134],[126.9301997,37.5386432],[126.9302218,37.5386697],[126.930307,37.5387431],[126.9303251,37.5387654],[126.9303365,37.5387936],[126.9303365,37.5388229],[126.9303258,37.53885],[126.9303063,37.5388702],[126.9301883,37.5389396],[126.9294775,37.5390395],[126.9293756,37.5390449],[126.9292804,37.5390385],[126.9283854,37.5388624],[126.9283238,37.5388551],[126.9282613,37.5388608],[126.928203,37.5388751],[126.9280943,37.5389172],[126.9280414,37.5389464],[126.9280011,37.5389794],[126.927983,37.5390129],[126.9279797,37.5390474],[126.9279803,37.5390873],[126.9279877,37.539125],[126.9280058,37.5391676],[126.9280313,37.5392027],[126.9280648,37.5392319],[126.9281046,37.5392568],[126.9281609,37.5393408],[126.9284613,37.5395205],[126.9287684,37.5396715],[126.9290152,37.5399395],[126.9290537,37.5399676],[126.9290973,37.5399831],[126.9291516,37.5399926],[126.9292053,37.5399966],[126.9292582,37.5399974],[126.9293166,37.5399937],[126.9293702,37.5399862]],[[126.9283017,37.5406126],[126.9286759,37.5402197],[126.928751,37.5399815],[126.9286692,37.5398549],[126.9286209,37.5398305],[126.9285646,37.5398177],[126.9282641,37.5396199],[126.9282065,37.5396104],[126.9281622,37.5395859],[126.9278806,37.5392818],[126.927886,37.5392541],[126.9278109,37.5391627],[126.9277827,37.5391021],[126.927772,37.5390393],[126.9279046,37.5388024],[126.9278754,37.5386675],[126.927837,37.5385229],[126.9275864,37.5384906],[126.9274272,37.5385279],[126.9271947,37.5385354],[126.9269786,37.5385632],[126.9267638,37.5385941],[126.9265327,37.5386592],[126.9263095,37.538699],[126.9256872,37.5389074],[126.9240296,37.5394476],[126.922868,37.5398389],[126.9226466,37.5399079],[126.9225114,37.5399541],[126.9224124,37.5399942],[126.9223224,37.5400155],[126.9222566,37.540041],[126.9221091,37.5400825],[126.9217846,37.5401601],[126.921735,37.5401941],[126.9217309,37.5402803],[126.9217551,37.5403239],[126.9217859,37.5403632],[126.9218288,37.5403887],[126.9220813,37.5406293],[126.9225329,37.5408045],[126.923418,37.5411618],[126.9240402,37.5412596],[126.9242972,37.5412693],[126.9245332,37.5412969],[126.9247759,37.5413118],[126.92502,37.5413139],[126.9252359,37.5413012],[126.9254747,37.5412703],[126.925708,37.5412427],[126.9259481,37.5412288],[126.9267648,37.541332],[126.9268493,37.5413844],[126.9269056,37.5413934],[126.9269606,37.5413876],[126.9270102,37.5413737],[126.9270551,37.5413498],[126.927094,37.5413168],[126.9271188,37.5412791],[126.9271309,37.5412355],[126.9271363,37.5411935],[126.927778,37.5409138],[126.9281542,37.5408221],[126.9282346,37.5407881],[126.9282937,37.5407328],[126.9283084,37.5406764],[126.9283017,37.5406126]],[[126.902291,37.5434897],[126.9024795,37.5433419],[126.9033391,37.5424572],[126.9033894,37.5424077],[126.9034099,37.5423813],[126.9034276,37.5423535],[126.9034395,37.5423259],[126.9034491,37.5422977],[126.9034545,37.5422677],[126.9034565,37.5422376],[126.9034355,37.5419798],[126.9034295,37.5419513],[126.9034216,37.5419234],[126.9034112,37.5418951],[126.9033995,37.5418681],[126.9032848,37.5416748],[126.9032545,37.5416396],[126.9032191,37.541607],[126.9031748,37.5415816],[126.9031292,37.5415589],[126.9030808,37.5415414],[126.9030313,37.5415259],[126.9029819,37.5415128],[126.9029321,37.5415015],[126.90288,37.5414936],[126.9028303,37.5414876],[126.9027779,37.5414828],[126.9027262,37.5414794],[126.9026759,37.5414778],[126.9026277,37.5414802],[126.9025767,37.5414868],[126.9025311,37.5414951],[126.9016956,37.5417248],[126.9009278,37.5420361],[126.8967744,37.5441745],[126.8965397,37.5443244],[126.8963359,37.5444871],[126.8959677,37.5448739],[126.8959473,37.5449046],[126.8959335,37.5449345],[126.8959258,37.5449649],[126.8959221,37.5449951],[126.8959215,37.5450282],[126.8959242,37.5450605],[126.8959349,37.5451206],[126.895949,37.5451807],[126.89596,37.5452108],[126.8959744,37.5452386],[126.8960147,37.5452918],[126.8960368,37.5453158],[126.896063,37.5453386],[126.896126,37.5453763],[126.896193,37.5454077],[126.8962648,37.5454311],[126.8963027,37.5454387],[126.8963432,37.5454422],[126.8964217,37.5454407],[126.8965028,37.5454343],[126.8965793,37.5454242],[126.8966618,37.5454101],[126.8982171,37.5449342],[126.8989356,37.5447144],[126.898954,37.5447115],[126.8989732,37.5447099],[126.8989933,37.5447094],[126.8990141,37.5447109],[126.8990551,37.5447157],[126.8990965,37.5447221],[126.899175,37.5447444],[126.8991946,37.5447493],[126.8992152,37.5447519],[126.8992375,37.5447519],[126.8992601,37.5447484],[126.8992777,37.5447429],[126.8992957,37.5447343],[126.8993135,37.5447206],[126.8993292,37.5447051],[126.8993621,37.5446855],[126.8994003,37.54467],[126.8994836,37.544654],[126.8995088,37.5446535],[126.8995341,37.5446553],[126.8995609,37.5446531],[126.899588,37.5446466],[126.8996142,37.5446363],[126.8996404,37.5446237],[126.8999393,37.5443912],[126.90006,37.5443083],[126.9005965,37.5441254],[126.9006689,37.5440924],[126.90074,37.5440807],[126.9008017,37.5440924],[126.9008647,37.5441509],[126.9008982,37.5442036],[126.900919,37.5442073],[126.9009438,37.5441988],[126.9010082,37.5441724],[126.9010431,37.5441594],[126.9012011,37.5440952],[126.9012094,37.544092],[126.9012175,37.544089],[126.9013381,37.5440403],[126.9014052,37.5440111],[126.9014025,37.5439957],[126.9013602,37.5439202],[126.9013461,37.5438776],[126.9013475,37.5438489],[126.9013622,37.5438383],[126.9017042,37.5436809],[126.9017431,37.5436884],[126.9018611,37.5436884],[126.9019349,37.5436714],[126.9021066,37.5435959],[126.902291,37.5434897]],[[126.9625193,37.5163745],[126.9624844,37.5162979],[126.9624375,37.5162351],[126.9623141,37.5161447],[126.9622162,37.5160905],[126.9620834,37.5160628],[126.9614169,37.516049],[126.9607933,37.516032],[126.9606632,37.5160447],[126.9604594,37.5160766],[126.9598585,37.5162362],[126.9583817,37.5166028],[126.955343,37.5178786],[126.9552177,37.5179499],[126.9551107,37.51802],[126.9549938,37.51813],[126.9549371,37.5182148],[126.9548995,37.5183084],[126.954869,37.5184179],[126.9548512,37.5185254],[126.9548503,37.5185988],[126.9548597,37.5186669],[126.9548972,37.5187658],[126.9549468,37.5188594],[126.9550166,37.5189296],[126.9550957,37.5189838],[126.9552863,37.5190833],[126.9554232,37.5191313],[126.9555513,37.519153],[126.9557095,37.5191678],[126.9558598,37.5191636],[126.9573709,37.5188938],[126.9594927,37.5182191],[126.9604766,37.5178153],[126.9615859,37.5173042],[126.9619802,37.5170978],[126.9621599,37.5169787],[126.9623584,37.5167979],[126.9624695,37.5166706],[126.9625331,37.5165617],[126.9625421,37.5164766],[126.9625193,37.5163745]],[[126.9953093,37.5117763],[126.9952778,37.5116939],[126.9952544,37.5116524],[126.9952208,37.5116045],[126.9951865,37.5115679],[126.9950505,37.5114226],[126.9948332,37.5113131],[126.9947246,37.5112833],[126.9946052,37.5112822],[126.9945462,37.511312],[126.9944818,37.5113641],[126.994451,37.5114439],[126.9944577,37.5115322],[126.9944812,37.5116322],[126.9944912,37.5116785],[126.9945482,37.5117625],[126.994577,37.5118035],[126.9946374,37.5118801],[126.994734,37.5119673],[126.9948345,37.5120301],[126.9949217,37.5120793],[126.9949619,37.5121035],[126.994991,37.5121053],[126.9950826,37.5121109],[126.9951577,37.5121045],[126.9952693,37.512042],[126.9953066,37.511996],[126.9953186,37.511958],[126.9953321,37.5119154],[126.9953187,37.5118365],[126.9953093,37.5117763]],[[126.994876,37.512406],[126.9948395,37.5123929],[126.9948011,37.51239],[126.9947209,37.512384],[126.9945918,37.5123988],[126.9945396,37.5124196],[126.99451,37.5124577],[126.99451,37.5125024],[126.9945489,37.5125769],[126.9946039,37.5126279],[126.9947196,37.5126779],[126.9948169,37.512695],[126.99496,37.5126799],[126.9950633,37.5126365],[126.9950909,37.5125965],[126.9950937,37.5125802],[126.995092,37.5125577],[126.9950433,37.5124943],[126.9949677,37.5124387],[126.994876,37.512406]],[[126.9955134,37.5123675],[126.9955241,37.5123982],[126.9955376,37.5124264],[126.9955544,37.5124551],[126.9955731,37.5124823],[126.9955817,37.5124939],[126.9955933,37.5125094],[126.9956085,37.5125272],[126.9956271,37.5125513],[126.995641,37.5125599],[126.9956933,37.5125974],[126.9957492,37.5126331],[126.9958076,37.5126645],[126.995918,37.5127169],[126.995946,37.512728],[126.9959748,37.5127376],[126.996009,37.5127456],[126.9960446,37.5127521],[126.9960767,37.5127573],[126.9961103,37.512761],[126.9961478,37.512761],[126.9961854,37.512759],[126.9962216,37.5127541],[126.9962581,37.5127446],[126.9962926,37.512728],[126.9963235,37.5127053],[126.996346,37.5126796],[126.9963638,37.5126501],[126.9963681,37.5126184],[126.9963658,37.5125865],[126.9963574,37.5125541],[126.9963463,37.5125235],[126.9963322,37.512495],[126.9963142,37.512467],[126.996292,37.5124402],[126.9962702,37.5124167],[126.9962481,37.512388],[126.9962269,37.5123714],[126.996203,37.5123537],[126.9961654,37.5123273],[126.9960996,37.5122925],[126.9959638,37.5122249],[126.9959265,37.5122115],[126.9958898,37.5121998],[126.9958487,37.5121908],[126.9958105,37.5121833],[126.995773,37.5121791],[126.9957369,37.5121774],[126.9956992,37.5121786],[126.9956662,37.5121798],[126.9956241,37.5121934],[126.9955901,37.5122062],[126.9955597,37.512227],[126.995535,37.5122489],[126.9955188,37.512278],[126.9955107,37.5123061],[126.9955088,37.5123381],[126.9955134,37.5123675]],[[126.7892332,37.6087464],[126.7891692,37.6087844],[126.7890481,37.608827],[126.7889415,37.6088518],[126.7888382,37.6088647],[126.7886988,37.6088894],[126.7885229,37.608915],[126.7884086,37.6089475],[126.7883345,37.6089908],[126.7882546,37.6090767],[126.7881141,37.6092387],[126.7880243,37.6093058],[126.7879192,37.6093654],[126.7878312,37.6094003],[126.7877699,37.6094427],[126.7876811,37.6095592],[126.7875913,37.6097234],[126.7874894,37.6098521],[126.7874001,37.6099407],[126.7872324,37.6101776],[126.7869804,37.6104986],[126.7868227,37.6107046],[126.7867185,37.6108641],[126.7866514,37.6110652],[126.7866564,37.6112112],[126.7866812,37.6113013],[126.7867521,37.6114448],[126.7868351,37.6115763],[126.7869312,37.6116636],[126.7870739,37.6117647],[126.7871881,37.6118093],[126.787279,37.6118234],[126.7873662,37.6118294],[126.7875193,37.6118227],[126.7877116,37.611817],[126.7878597,37.6117988],[126.7882387,37.6116972],[126.7890662,37.611448],[126.7899704,37.6111645],[126.7901525,37.6111026],[126.7902034,37.6110845],[126.790307,37.6110439],[126.790497,37.6109367],[126.7907087,37.6108092],[126.7909073,37.6106973],[126.7909851,37.6106467],[126.7910711,37.6105789],[126.7912006,37.6104936],[126.7912807,37.61043],[126.7913371,37.6103648],[126.7913817,37.6103048],[126.7914158,37.610239],[126.7914523,37.6101355],[126.7914814,37.6100421],[126.7915575,37.6096905],[126.7915652,37.6094991],[126.7915644,37.6093529],[126.7915566,37.6092724],[126.7915306,37.6092036],[126.7914874,37.6091439],[126.791406,37.6090491],[126.7912577,37.6089216],[126.7910974,37.6088278],[126.7909065,37.608745],[126.7906313,37.6086756],[126.7902677,37.6086179],[126.7900131,37.608604],[126.7898726,37.6086229],[126.7897012,37.6086659],[126.7894803,37.6086891],[126.7893254,37.6087187],[126.7892332,37.6087464]],[[126.9868331,37.5072827],[126.9870939,37.5074101],[126.9881965,37.5077314],[126.9892743,37.5081035],[126.991577,37.5090439],[126.9924112,37.5094365],[126.9925662,37.5094974],[126.9926616,37.5095175],[126.9927297,37.5095109],[126.9927847,37.5094929],[126.9928075,37.5094716],[126.992845,37.5093913],[126.9928423,37.5093583],[126.9928309,37.5093274],[126.9927941,37.5092857],[126.9927273,37.5092223],[126.9922703,37.5088652],[126.9919339,37.5086165],[126.9918264,37.5085567],[126.9917151,37.5085194],[126.9915059,37.508478],[126.991404,37.5084343],[126.9912337,37.5083067],[126.9911237,37.5082067],[126.9910352,37.5081152],[126.9908743,37.5079801],[126.9907871,37.5079375],[126.9906288,37.5078992],[126.9904733,37.507879],[126.9902734,37.5078588],[126.9901501,37.5078333],[126.9900589,37.5077811],[126.9899918,37.5077088],[126.9899349,37.5076101],[126.9898308,37.5074001],[126.9896592,37.5072279],[126.9895452,37.507162],[126.989281,37.507063],[126.9892046,37.5070566],[126.9889017,37.5070603],[126.9887526,37.5070822],[126.9886816,37.5071077],[126.9886333,37.5071418],[126.9884361,37.5073088],[126.988349,37.5073598],[126.9882502,37.5073985],[126.9881928,37.5074014],[126.988138,37.5073894],[126.9880828,37.507363],[126.9880398,37.5072997],[126.9880271,37.507246],[126.9880237,37.5072093],[126.9880284,37.5071407],[126.9880325,37.5070566],[126.9880097,37.507013],[126.9879688,37.5069694],[126.9879135,37.5069235],[126.9878323,37.506881],[126.9877226,37.506845],[126.987601,37.5068464],[126.9874876,37.5068607],[126.9868932,37.5069825],[126.9868362,37.5070028],[126.9867819,37.507036],[126.9867537,37.5070874],[126.986745,37.507118],[126.986747,37.5071508],[126.9867578,37.507188],[126.9867766,37.507221],[126.9868331,37.5072827]]]}},{"type":"Feature","id":"relation/2073960","properties":{"osmType":"relation","osmId":2073960,"osmVersion":6,"osmTimestamp":"2019-04-16T14:14:28Z","sourceUrl":"https://www.openstreetmap.org/relation/2073960","name":"현충지","waterType":"pond","sourceTags":{"name":"현충지","name:en":"Hyunchungji Pond","name:ko":"현충지","natural":"water","water":"pond"},"sourceSurveyed":false},"geometry":{"type":"Polygon","coordinates":[[[126.9768265,37.5021981],[126.9767476,37.5021735],[126.9766658,37.5021123],[126.9765674,37.5019817],[126.9764395,37.501798],[126.9763872,37.5017108],[126.9763307,37.5016187],[126.9763464,37.5015583],[126.9764801,37.5015045],[126.9765432,37.5015095],[126.9766515,37.5015815],[126.9767623,37.5016688],[126.9768261,37.501712],[126.9769147,37.5017524],[126.9770403,37.5018024],[126.9771561,37.5018675],[126.977211,37.5019548],[126.9771646,37.5020353],[126.9768265,37.5021981]],[[126.9769809,37.5018226],[126.9769734,37.5018099],[126.9769611,37.5017998],[126.9769453,37.5017934],[126.9769277,37.5017915],[126.9769104,37.5017942],[126.9768951,37.5018013],[126.9768836,37.5018118],[126.976877,37.5018247],[126.9768761,37.5018386],[126.9768808,37.501852],[126.9768908,37.5018634],[126.9769049,37.5018717],[126.9769216,37.5018759],[126.9769391,37.5018757],[126.9769556,37.5018709],[126.9769692,37.5018622],[126.9769787,37.5018503],[126.9769827,37.5018366],[126.9769809,37.5018226]]]}},{"type":"Feature","id":"relation/3769500","properties":{"osmType":"relation","osmId":3769500,"osmVersion":28,"osmTimestamp":"2024-12-23T04:54:30Z","sourceUrl":"https://www.openstreetmap.org/relation/3769500","name":"한강","waterType":"river","sourceTags":{"name":"한강","name:en":"Han River","name:ko":"한강","natural":"water","water":"river"},"sourceSurveyed":false},"geometry":{"type":"Polygon","coordinates":[[[127.1531546,37.5771635],[127.1522174,37.5766879],[127.1513334,37.5762431],[127.1509954,37.5760837],[127.1505529,37.5758923],[127.1498475,37.5756224],[127.1493162,37.5754487],[127.1483072,37.575197],[127.1477539,37.5750715],[127.1472613,37.5749846],[127.1461085,37.574816],[127.1455698,37.5747459],[127.145346,37.5747295],[127.1451747,37.574715],[127.1446587,37.5746944],[127.144489,37.5746935],[127.1436582,37.5746667],[127.1429153,37.574687],[127.1417069,37.5747125],[127.1405107,37.5746827],[127.1400252,37.5746487],[127.1395531,37.574602],[127.1386734,37.5745084],[127.1380082,37.5744043],[127.1371016,37.5742172],[127.13649,37.574062],[127.1358597,37.5738941],[127.1350202,37.5735922],[127.1341109,37.5732584],[127.1320966,37.5724059],[127.1305624,37.5717618],[127.129063,37.5711198],[127.1281644,37.5707053],[127.127557,37.5704055],[127.1276341,37.570288],[127.127363,37.5701449],[127.1276119,37.5698386],[127.1274505,37.5697562],[127.1272015,37.5700624],[127.1271047,37.5700086],[127.1271763,37.5699227],[127.1267268,37.5696784],[127.1266555,37.5697606],[127.1263175,37.569581],[127.1262536,37.5695496],[127.1261878,37.5695374],[127.1261468,37.5695488],[127.1260892,37.5695825],[127.1260335,37.5695601],[127.1258399,37.5694594],[127.125731,37.5693993],[127.1254463,37.5692396],[127.1252964,37.5691456],[127.1251404,37.5690707],[127.1240797,37.5684002],[127.1239439,37.5685374],[127.1238444,37.568465],[127.123971,37.5683289],[127.1234862,37.5680003],[127.1230901,37.5677245],[127.1217686,37.5667498],[127.1201484,37.5655633],[127.1193761,37.564954],[127.1184145,37.564145],[127.1176289,37.5633926],[127.1171658,37.5629186],[127.1166105,37.5624222],[127.1161165,37.5618564],[127.1158346,37.5614968],[127.1155998,37.5612284],[127.1154277,37.560933],[127.1152097,37.5605636],[127.1150089,37.5601237],[127.1149213,37.5598594],[127.1148533,37.5595307],[127.1146224,37.5591045],[127.1144157,37.5586542],[127.1141381,37.5581202],[127.1140027,37.5578086],[127.1138275,37.5574337],[127.1136464,37.5567871],[127.1135216,37.5563999],[127.113424,37.5558914],[127.1133091,37.5554479],[127.1131956,37.5549932],[127.1130743,37.5546487],[127.1129475,37.5543379],[127.112701,37.5538557],[127.1124922,37.5533897],[127.1122462,37.5528839],[127.1118294,37.5520731],[127.111183,37.5507952],[127.1110095,37.5504521],[127.1107704,37.549951],[127.1106512,37.549596],[127.1105405,37.5492218],[127.1104531,37.548828],[127.1103343,37.5481284],[127.1103462,37.5478984],[127.1102749,37.5476223],[127.1101421,37.5472531],[127.1100287,37.546968],[127.1098584,37.5463446],[127.1098128,37.546217],[127.1097216,37.5460957],[127.1092334,37.545579],[127.1088204,37.5451186],[127.1087453,37.5450367],[127.1087212,37.5449793],[127.1087238,37.5449219],[127.1087158,37.544722],[127.108646,37.5446007],[127.1083671,37.5443391],[127.1082812,37.5442371],[127.1080345,37.5439032],[127.107895,37.5436416],[127.1077314,37.5434438],[127.1075839,37.5432588],[127.1060738,37.5420891],[127.1058217,37.5418339],[127.1056205,37.5415957],[127.1054944,37.5414681],[127.1053442,37.5413532],[127.1049902,37.5411363],[127.1047863,37.5409895],[127.1044671,37.5407322],[127.1040568,37.5403813],[127.1025333,37.5391201],[127.1019459,37.5386118],[127.1009293,37.5377313],[127.0992208,37.5363849],[127.0979601,37.5353172],[127.0966351,37.5341134],[127.0953396,37.5329988],[127.0946905,37.5324118],[127.0942745,37.5319346],[127.0936795,37.531484],[127.0929776,37.530877],[127.0920985,37.530217],[127.0919448,37.5300871],[127.0918579,37.5300009],[127.0918312,37.5299506],[127.0918111,37.5298883],[127.091756,37.5298459],[127.0917108,37.52983],[127.0916707,37.5298021],[127.0916507,37.5297849],[127.0916356,37.5297306],[127.0916172,37.5297094],[127.091512,37.5296312],[127.0911827,37.5294059],[127.0907632,37.529154],[127.0905727,37.5289884],[127.0904842,37.5288757],[127.0903789,37.5287352],[127.0902803,37.5285669],[127.0902268,37.5285218],[127.0898474,37.5282939],[127.0898157,37.5282634],[127.0896886,37.5280964],[127.0896185,37.5280434],[127.0894413,37.527936],[127.0893711,37.5278751],[127.0889533,37.5274456],[127.0888062,37.5273489],[127.0882598,37.5270878],[127.0880124,37.5269579],[127.0876966,37.526885],[127.0893881,37.5238232],[127.0916135,37.5196858],[127.0924361,37.5199847],[127.0927938,37.5201358],[127.0928423,37.5201559],[127.0934957,37.5204274],[127.0939102,37.5206315],[127.0940305,37.5206899],[127.0946254,37.5211008],[127.0956315,37.5216098],[127.0961162,37.5218775],[127.0979574,37.5228928],[127.0981881,37.5230162],[127.0984054,37.5231204],[127.0986977,37.5232459],[127.0992181,37.5234267],[127.0994863,37.5235054],[127.0996875,37.5235608],[127.0998538,37.523599],[127.0999879,37.5236246],[127.1001273,37.5238671],[127.1002896,37.5241617],[127.1004224,37.5242393],[127.1004908,37.5242808],[127.1006115,37.5243446],[127.1009776,37.524484],[127.1011975,37.5245691],[127.1013612,37.5246244],[127.1016481,37.5247775],[127.1018225,37.5249371],[127.1028739,37.5259241],[127.1033648,37.5264027],[127.1046522,37.5276195],[127.105532,37.5284427],[127.1066692,37.5296232],[127.1069403,37.5299042],[127.1073854,37.5303656],[127.1075249,37.5305676],[127.1075758,37.5306665],[127.1076107,37.5308006],[127.1076268,37.5309378],[127.1076523,37.531026],[127.1076992,37.5311079],[127.1081632,37.5318035],[127.1083537,37.5321459],[127.108453,37.532342],[127.1092656,37.5339475],[127.109727,37.5348174],[127.1099308,37.5351258],[127.1104431,37.5358319],[127.1130019,37.5390733],[127.1165193,37.5436107],[127.1171374,37.5445141],[127.1173454,37.5448017],[127.117876,37.5457519],[127.1181474,37.5463996],[127.1183026,37.5468015],[127.1189842,37.5483787],[127.1191396,37.5488723],[127.1194849,37.5496616],[127.1197034,37.5504882],[127.1199696,37.5514527],[127.120688,37.5531749],[127.1212415,37.5545544],[127.1218669,37.5556658],[127.1225216,37.5569214],[127.1231407,37.5576807],[127.1245949,37.5595039],[127.1253771,37.5603703],[127.126354,37.561223],[127.1273774,37.5621567],[127.1287507,37.5632427],[127.1296142,37.5638934],[127.1306443,37.5645837],[127.1316102,37.5651249],[127.1323564,37.5655246],[127.1327528,37.5656898],[127.1335843,37.5660618],[127.1340247,37.5662209],[127.1347364,37.5665295],[127.1355122,37.566865],[127.1359127,37.5670296],[127.1366992,37.5673259],[127.1382396,37.5678611],[127.1387197,37.5679968],[127.1391624,37.5680635],[127.1395265,37.5680554],[127.1402978,37.5680419],[127.1411144,37.5680095],[127.1418577,37.5679526],[127.1435702,37.5677977],[127.1445601,37.5677159],[127.145882,37.5676747],[127.1469544,37.5677188],[127.1475246,37.5678595],[127.1498012,37.5684931],[127.1505006,37.5687859],[127.1508696,37.5688191],[127.1511554,37.568821],[127.1513687,37.5688226],[127.1514911,37.5687917],[127.151594,37.5687195],[127.1515838,37.5686236],[127.151441,37.5685053],[127.1512186,37.5683948],[127.1504651,37.5682123],[127.1502786,37.5681321],[127.1501828,37.5680219],[127.1501687,37.5679408],[127.1502411,37.5678436],[127.1503244,37.5678058],[127.1504885,37.5678232],[127.1507034,37.5678372],[127.1511129,37.5679716],[127.1512897,37.5680688],[127.1516161,37.5682935],[127.1518644,37.5685171],[127.152083,37.5687985],[127.1522121,37.5690993],[127.1522629,37.569173],[127.1523124,37.5692447],[127.152409,37.5693616],[127.1524003,37.5696196],[127.1530104,37.5700533],[127.1532507,37.5701517],[127.1533936,37.5701723],[127.1554064,37.5713906],[127.1553601,37.5714944],[127.1554951,37.5716492],[127.1556318,37.571659],[127.1557506,37.5716046],[127.1567112,37.5719681],[127.1638566,37.5757265],[127.1648598,37.5764068],[127.1650368,37.5765981],[127.1652728,37.5769042],[127.1654767,37.5770912],[127.167381,37.5783072],[127.1677995,37.5785155],[127.1689743,37.5788258],[127.1693927,37.5789704],[127.1696207,37.5790915],[127.1698996,37.579268],[127.1701127,37.5793996],[127.1702112,37.5794973],[127.1702696,37.5795999],[127.1703712,37.5797015],[127.1705057,37.5797658],[127.1706332,37.5797612],[127.1706855,37.5797421],[127.1707137,37.5796975],[127.1706922,37.5796401],[127.170299,37.5794066],[127.1701967,37.5793218],[127.1701303,37.5792488],[127.170141,37.5791766],[127.1702108,37.5791532],[127.1704173,37.5791532],[127.1705461,37.5791532],[127.1706828,37.579117],[127.1709135,37.5789895],[127.1710879,37.578947],[127.1713132,37.5789534],[127.1725899,37.5791489],[127.1727535,37.5791872],[127.1728608,37.5792467],[127.1728888,37.5795128],[127.1729413,37.5796655],[127.1730137,37.5797781],[127.1731934,37.5800077],[127.1733999,37.5801416],[127.1741214,37.5804243],[127.1742663,37.5804626],[127.1744326,37.5804732],[127.1745774,37.5804456],[127.1747678,37.5803691],[127.1748792,37.5803531],[127.1750106,37.5803467],[127.1758434,37.5804371],[127.1764228,37.5805604],[127.1767232,37.5806624],[127.1771148,37.5807942],[127.1769592,37.5809876],[127.1764979,37.5813894],[127.1764845,37.5814829],[127.1765462,37.58157],[127.1766695,37.5816168],[127.1768627,37.5816381],[127.1770906,37.5816976],[127.1776646,37.5819229],[127.1778926,37.5820292],[127.178016,37.582127],[127.1781501,37.5822672],[127.1782306,37.5823161],[127.1783593,37.5823459],[127.1784908,37.5823289],[127.1786061,37.5822864],[127.1786249,37.582263],[127.1786155,37.5822322],[127.1785444,37.5821556],[127.1785364,37.5821275],[127.1785478,37.5821073],[127.1785739,37.5820892],[127.1786235,37.5820749],[127.1789601,37.5820292],[127.1791801,37.58201],[127.1795985,37.5820037],[127.1798936,37.5820239],[127.1799324,37.5820472],[127.1799398,37.5820749],[127.1799338,37.5821036],[127.1799016,37.582144],[127.1797098,37.5822396],[127.1795543,37.58228],[127.1792954,37.5823066],[127.1792284,37.582348],[127.1792015,37.5824224],[127.1792203,37.5825244],[127.1793088,37.582601],[127.1795368,37.5827264],[127.1803308,37.5829952],[127.1804972,37.583169],[127.1811274,37.5833236],[127.1817309,37.5834852],[127.1824819,37.583838],[127.1826777,37.5839018],[127.1828681,37.5839146],[127.1830398,37.5838827],[127.1832409,37.5838189],[127.1834367,37.583804],[127.1836728,37.5838423],[127.1837886,37.58386461579239],[127.1837886,37.59196417174949],[127.1835802,37.5919397],[127.1832222,37.5918456],[127.1827957,37.5917872],[127.1823585,37.5916937],[127.1821493,37.5915938],[127.181873,37.591547],[127.1815672,37.5914684],[127.1810147,37.5912537],[127.180717,37.5911326],[127.1803415,37.5909561],[127.1799606,37.5907563],[127.1799043,37.5906267],[127.1796548,37.5904801],[127.1795315,37.5903419],[127.1793893,37.5901592],[127.1792418,37.5899658],[127.1791157,37.5897404],[127.1790353,37.5894875],[127.1789414,37.5893281],[127.1786115,37.5889519],[127.1785552,37.5888499],[127.1785042,37.5886969],[127.1784452,37.5883185],[127.1783862,37.5881464],[127.1781662,37.5879827],[127.1778725,37.5877776],[127.1777558,37.5876129],[127.1775466,37.5874493],[127.1770944,37.5871748],[127.1770774,37.5871633],[127.1767018,37.5869667],[127.1765248,37.5868754],[127.1764496,37.5867542],[127.1762913,37.5866352],[127.176235,37.5865331],[127.176125,37.5864524],[127.1759105,37.586412],[127.1757067,37.5863716],[127.1755806,37.5862845],[127.1752748,37.5861718],[127.1751783,37.5860889],[127.174784,37.5859933],[127.1734508,37.5856575],[127.1731912,37.585518],[127.1725821,37.5853534],[127.1722814,37.5853567],[127.1712939,37.585085],[127.1712766,37.5850802],[127.1707526,37.5849008],[127.1697172,37.5845735],[127.1690493,37.5843694],[127.168344,37.584159],[127.1683153,37.5841493],[127.1673838,37.5838359],[127.1667078,37.5835979],[127.1664012,37.5834808],[127.165305,37.5830622],[127.1636643,37.5824397],[127.162491,37.5819381],[127.1614716,37.5813842],[127.1598246,37.5805598],[127.1587081,37.5799785],[127.1587121,37.5799503],[127.1587014,37.5799099],[127.1586947,37.5798568],[127.1586424,37.5797983],[127.1585995,37.5797824],[127.1585498,37.5797526],[127.158452,37.5797505],[127.1583769,37.5797611],[127.1582937,37.5797569],[127.1576065,37.5794071],[127.1575375,37.5793819],[127.1555162,37.5783587],[127.1536965,37.5774378],[127.1531546,37.5771635]],[[127.1713051,37.5804945],[127.1714956,37.5805582],[127.1716672,37.5805667],[127.1719177,37.5804692],[127.1719859,37.5803625],[127.1719981,37.5802736],[127.1718657,37.580182],[127.171765,37.5801281],[127.1715257,37.580083],[127.1713307,37.580076],[127.1708971,37.5801123],[127.1708452,37.5801428],[127.1708575,37.5801829],[127.1711925,37.5803457],[127.1712354,37.5804328],[127.1713051,37.5804945]],[[127.180894,37.5910625],[127.1812776,37.591224],[127.1814734,37.5912877],[127.1816799,37.5913791],[127.1818757,37.5914429],[127.181987,37.5914716],[127.1821064,37.5914812],[127.1822096,37.5914695],[127.1822566,37.591428],[127.1822566,37.591376],[127.1822472,37.5913398],[127.1821614,37.5912718],[127.1818998,37.5911772],[127.1816853,37.5911836],[127.1814331,37.5910795],[127.18124,37.5909881],[127.1810335,37.5908074],[127.180898,37.5907882],[127.1808417,37.5908234],[127.1808109,37.5908531],[127.1808055,37.5909498],[127.1808189,37.5910008],[127.180894,37.5910625]],[[127.1793011,37.5826643],[127.1792421,37.5826749],[127.1791911,37.5826366],[127.1791375,37.5826196],[127.179065,37.5826111],[127.179006,37.5826494],[127.1790221,37.5826983],[127.179006,37.5827323],[127.1789577,37.5827897],[127.1790168,37.5828109],[127.1791214,37.5828322],[127.179234,37.5828322],[127.1793547,37.5827897],[127.179352,37.5827195],[127.1793011,37.5826643]],[[127.1763573,37.582952],[127.1762719,37.5831131],[127.1762556,37.5831485],[127.1762963,37.5831678],[127.1763613,37.583155],[127.1764305,37.5831356],[127.1765402,37.583126],[127.1766297,37.5830647],[127.1766581,37.58301],[127.1766256,37.5829649],[127.1765484,37.582865],[127.1764711,37.5827941],[127.1764183,37.5828006],[127.1763573,37.5828457],[127.1763288,37.5829069],[127.1763573,37.582952]],[[127.1778929,37.5825516],[127.1779626,37.5825474],[127.1779895,37.5825367],[127.1779814,37.5825134],[127.1779305,37.5824921],[127.1778312,37.5824708],[127.1777508,37.5824368],[127.1777373,37.5824092],[127.1776515,37.5823816],[127.177614,37.5823667],[127.1775871,37.5823646],[127.177555,37.5824113],[127.1775147,37.5824241],[127.1774155,37.5824156],[127.1773633,37.582457],[127.1773565,37.5824815],[127.1774021,37.582524],[127.1774557,37.582541],[127.1775308,37.5825559],[127.177563,37.5825793],[127.1775308,37.5826069],[127.1776649,37.5826239],[127.1777883,37.5825984],[127.1778929,37.5825516]]]}},{"type":"Feature","id":"relation/4005465","properties":{"osmType":"relation","osmId":4005465,"osmVersion":6,"osmTimestamp":"2022-07-23T17:47:07Z","sourceUrl":"https://www.openstreetmap.org/relation/4005465","name":"경회지","waterType":"pond","sourceTags":{"name":"경회지","name:en":"Gyeonghoeji Pond","name:ko":"경회지","natural":"water","water":"pond"},"sourceSurveyed":false},"geometry":{"type":"Polygon","coordinates":[[[126.9763012,37.5798951],[126.9763149,37.5802149],[126.9753369,37.5802413],[126.975308,37.5802425],[126.9748919,37.5802678],[126.9748757,37.5798818],[126.9748495,37.5792573],[126.9762721,37.5792126],[126.9763012,37.5798951]],[[126.97527,37.5795524],[126.9752751,37.5796737],[126.9753532,37.5796716],[126.9753481,37.5795503],[126.97527,37.5795524]],[[126.9752796,37.5797776],[126.9752853,37.5799125],[126.9753634,37.5799104],[126.9753577,37.5797755],[126.9752796,37.5797776]],[[126.9761968,37.5799204],[126.9761758,37.5795015],[126.9757338,37.5795154],[126.9757412,37.5796555],[126.97575,37.5796554],[126.975763,37.5799333],[126.9761968,37.5799204]]]}},{"type":"Feature","id":"relation/4482990","properties":{"osmType":"relation","osmId":4482990,"osmVersion":9,"osmTimestamp":"2026-05-17T07:31:23Z","sourceUrl":"https://www.openstreetmap.org/relation/4482990","name":null,"waterType":"river","sourceTags":{"natural":"water","water":"river"},"sourceSurveyed":false},"geometry":{"type":"Polygon","coordinates":[[[126.8745826,37.4787872],[126.8750424,37.4779009],[126.8762238,37.4756228],[126.8771421,37.4742264],[126.878627,37.4722305],[126.8790476,37.4717128],[126.8795111,37.4714199],[126.8794252,37.4712973],[126.8794853,37.4712087],[126.8796227,37.4712973],[126.8801977,37.4707115],[126.8809959,37.4694648],[126.8812679,37.4691286],[126.8812482,37.4690265],[126.8811565,37.4688599],[126.8812371,37.4687806],[126.8813669,37.468967],[126.8813921,37.468978],[126.8815195,37.4688177],[126.8814056,37.468591],[126.8814939,37.4685124],[126.8816053,37.4686542],[126.8816912,37.4686542],[126.8840343,37.4659837],[126.885136,37.4646941],[126.8869268,37.4625978],[126.8895962,37.4594025],[126.8906691,37.4579105],[126.8910381,37.4573654],[126.8920166,37.4555462],[126.8931696,37.4534779],[126.8937355,37.4523445],[126.8939534,37.4519758],[126.8946029,37.4505851],[126.8945997,37.4505351],[126.8946015,37.4505016],[126.8943478,37.450409],[126.8943383,37.450384],[126.8943548,37.4503462],[126.8943819,37.4503393],[126.8946653,37.4504216],[126.8949993,37.4497948],[126.8950431,37.4497577],[126.895063,37.4496879],[126.8950489,37.4496671],[126.8950405,37.4496374],[126.8947852,37.4495195],[126.8948264,37.4494042],[126.8950875,37.4495233],[126.8951384,37.449482],[126.8951766,37.4494181],[126.8951911,37.4494203],[126.8951971,37.4494157],[126.8951999,37.4494062],[126.8951901,37.4493952],[126.895192,37.4493788],[126.895201,37.4493526],[126.8952207,37.4493515],[126.8952384,37.449347],[126.8952413,37.4493368],[126.8952486,37.4493348],[126.895249,37.4493318],[126.8952272,37.44933],[126.895225,37.4493275],[126.8952163,37.4493272],[126.8952127,37.4493167],[126.8952243,37.4493206],[126.8952325,37.4493185],[126.8952331,37.449294],[126.8952446,37.4492903],[126.895245,37.4492638],[126.8952593,37.4492594],[126.8952777,37.4492809],[126.8952765,37.4493023],[126.8952979,37.4492976],[126.8953084,37.4492925],[126.8953182,37.4492877],[126.8953401,37.4492925],[126.8953616,37.4492906],[126.8953943,37.449284],[126.8953805,37.4492519],[126.8952768,37.4492155],[126.8952942,37.4491803],[126.8952873,37.4491661],[126.8953633,37.4490401],[126.8953657,37.4490317],[126.8953758,37.4490313],[126.8953851,37.4490448],[126.8953896,37.4490633],[126.8954078,37.4490588],[126.8954152,37.4490542],[126.8954161,37.4490492],[126.8954313,37.4490506],[126.8954512,37.4490613],[126.8954639,37.449059],[126.8954729,37.4490634],[126.8954741,37.4490541],[126.8954945,37.4490455],[126.8954953,37.4490358],[126.8955064,37.4490298],[126.8955097,37.4490218],[126.8954638,37.448979],[126.8955011,37.4489144],[126.8954894,37.4488996],[126.8954448,37.4489346],[126.8954282,37.4489312],[126.8954312,37.4489149],[126.8954667,37.4487913],[126.8954765,37.4487832],[126.8954821,37.4487962],[126.895478,37.448883],[126.8954947,37.4488879],[126.8955142,37.4488876],[126.895549,37.4488736],[126.8956206,37.448791],[126.895628,37.4487697],[126.8956308,37.4487615],[126.8956199,37.4487526],[126.8955619,37.4487437],[126.895565,37.4487323],[126.8955165,37.4486891],[126.8955936,37.4484999],[126.8955871,37.448466],[126.8955887,37.4484536],[126.8954697,37.4484252],[126.8952225,37.4483692],[126.8952286,37.4483523],[126.8954754,37.448414],[126.8956141,37.4484415],[126.8956313,37.4484192],[126.8956782,37.4483463],[126.8956962,37.4483405],[126.8957129,37.4483824],[126.8957062,37.44841],[126.8957171,37.4484165],[126.8957152,37.4484258],[126.8957349,37.44842],[126.8957796,37.4483762],[126.8958066,37.4483569],[126.8958274,37.4483218],[126.8958417,37.4482521],[126.8958358,37.4482395],[126.895838,37.4482191],[126.8958033,37.4481888],[126.8958115,37.4481654],[126.895791,37.4481382],[126.895788,37.448114],[126.8959446,37.4477704],[126.8959472,37.4477401],[126.8961276,37.447338],[126.8961402,37.4473192],[126.8961115,37.4473119],[126.8967014,37.4459892],[126.8966826,37.4459644],[126.8966787,37.4459154],[126.8965566,37.4458818],[126.8963659,37.4458275],[126.8963699,37.4458186],[126.8965575,37.4458679],[126.8966838,37.4459],[126.8966832,37.4458888],[126.8966946,37.4458625],[126.8967031,37.4458616],[126.8967577,37.4458746],[126.8972351,37.4448415],[126.8977587,37.4436471],[126.8978602,37.4434066],[126.8978747,37.4433838],[126.8979388,37.4433281],[126.8979889,37.4432107],[126.8979642,37.4431499],[126.8979216,37.443062],[126.897676,37.4429962],[126.8977286,37.4428933],[126.8979779,37.4429538],[126.8980768,37.4429109],[126.8980877,37.4429099],[126.8981559,37.4427795],[126.8981323,37.4426958],[126.8980635,37.4426399],[126.8980179,37.4426185],[126.8965348,37.4420039],[126.8952055,37.4417104],[126.8949636,37.441682],[126.8944931,37.441787],[126.886125,37.4422069],[126.885985,37.4422139],[126.8850726,37.4422412],[126.8849583,37.4422087],[126.8944899,37.4417595],[126.894707,37.4417038],[126.894962,37.4414953],[126.8949969,37.4414903],[126.8965671,37.4418223],[126.8969433,37.4419573],[126.8980206,37.4423962],[126.898169,37.4424509],[126.898182,37.4424556],[126.8981972,37.4424568],[126.8982097,37.4424549],[126.8983166,37.4424019],[126.8987465,37.4414124],[126.8987181,37.4411997],[126.8987574,37.4410011],[126.8988772,37.4407979],[126.8989005,37.4407157],[126.8989362,37.4406245],[126.8990639,37.4403189],[126.8991353,37.4402234],[126.8991901,37.4400397],[126.8992465,37.4398874],[126.8994795,37.4395576],[126.8996094,37.4394627],[126.8997585,37.4390831],[126.8997859,37.4389712],[126.8995232,37.4389212],[126.8995355,37.4388551],[126.8998503,37.4388974],[126.8999101,37.4383095],[126.9001019,37.4376042],[126.9000937,37.4355388],[126.8999165,37.4348866],[126.8989002,37.4327313],[126.898102,37.4312659],[126.8979389,37.4311705],[126.8980076,37.431041],[126.897587,37.4301549],[126.897381,37.4293166],[126.8973295,37.4285532],[126.89733106048344,37.4285424],[126.89796091809062,37.4285424],[126.8979389,37.4288395],[126.8980248,37.4294665],[126.8981363,37.4299028],[126.8987801,37.4313681],[126.9002392,37.4343124],[126.9006254,37.4358595],[126.9007198,37.4359277],[126.9006512,37.4360504],[126.9006941,37.4368409],[126.9006316,37.4378496],[126.900325,37.4395669],[126.9001903,37.4396924],[126.9001461,37.4399744],[126.8997292,37.4408297],[126.897621,37.4455117],[126.8965509,37.4479324],[126.8965007,37.4480063],[126.8962923,37.4484464],[126.8961339,37.4484793],[126.8960948,37.4486526],[126.8961374,37.4486557],[126.8961723,37.4486052],[126.8962326,37.4485533],[126.8962507,37.4485535],[126.8961804,37.4486847],[126.896154,37.4487086],[126.8960549,37.4487155],[126.8960439,37.4487236],[126.895989,37.4487176],[126.8959811,37.4488596],[126.8959861,37.4488708],[126.8960052,37.4488679],[126.8960849,37.4488045],[126.8961127,37.4488028],[126.8961235,37.4488169],[126.8960845,37.4488911],[126.8960554,37.4488947],[126.896058,37.4489365],[126.8960683,37.448936],[126.8960494,37.4489767],[126.8960211,37.4489801],[126.8959312,37.448963],[126.8959239,37.4489696],[126.8958838,37.4489604],[126.8958686,37.4489643],[126.89586,37.4490554],[126.895879,37.4490734],[126.8959222,37.4490495],[126.8959582,37.4490491],[126.8959806,37.4490557],[126.8959028,37.4492211],[126.8958857,37.4492252],[126.8958639,37.4492232],[126.8958014,37.4492058],[126.895773,37.4492109],[126.8957595,37.4492211],[126.8957417,37.4492236],[126.8957431,37.4492323],[126.8957476,37.4492307],[126.8957539,37.4492427],[126.8957492,37.449245],[126.8957501,37.4492537],[126.8957602,37.4492575],[126.8957784,37.4492773],[126.8958148,37.4492753],[126.8958391,37.4492846],[126.8958419,37.4492925],[126.8958596,37.4492936],[126.8958626,37.4492863],[126.895879,37.4492841],[126.8958797,37.44929],[126.8958017,37.4494632],[126.8957681,37.4494833],[126.895738,37.4494874],[126.8957135,37.4494715],[126.8957019,37.4494734],[126.8956834,37.4494658],[126.8956579,37.4494719],[126.8956328,37.4494907],[126.8956341,37.4495252],[126.8956481,37.4495264],[126.8956754,37.4495124],[126.8956897,37.4495157],[126.8957183,37.4495441],[126.895732,37.4495458],[126.8957433,37.4495396],[126.8957546,37.4495396],[126.8957567,37.449551],[126.8956187,37.4498867],[126.8955601,37.4501276],[126.8954863,37.4501627],[126.8953836,37.4503807],[126.8945915,37.452228],[126.8939306,37.4535362],[126.8928406,37.4557234],[126.8921968,37.4569566],[126.8915102,37.4581285],[126.8906261,37.4592935],[126.8900082,37.4601929],[126.8902253,37.4603482],[126.8901867,37.4603853],[126.8898902,37.4603518],[126.8897706,37.4604132],[126.8895033,37.4606857],[126.8893923,37.4607898],[126.8874161,37.4632587],[126.887253,37.463463],[126.8865664,37.4642465],[126.8860217,37.4648597],[126.8857863,37.4651247],[126.8853561,37.465609],[126.8829958,37.4683612],[126.8813393,37.4702891],[126.8796741,37.4722373],[126.878524,37.4738109],[126.8774597,37.4753231],[126.8774597,37.4754525],[126.8773481,37.4754866],[126.8772194,37.4756092],[126.8761122,37.477387],[126.875739,37.4781339],[126.8753397,37.4789332],[126.8742497,37.4811196],[126.873563,37.4826044],[126.8736231,37.4826725],[126.8735201,37.4827406],[126.8730738,37.4839325],[126.8726275,37.4852402],[126.872224,37.4865683],[126.8718292,37.48791],[126.8717434,37.4883254],[126.8713311,37.4904774],[126.8713206,37.490887],[126.8717128,37.4909077],[126.8716821,37.4912331],[126.8713025,37.4912366],[126.8712414,37.4913156],[126.87116,37.4914615],[126.8704731,37.4945568],[126.870207,37.4958506],[126.8700096,37.4966406],[126.8699924,37.4968721],[126.8700805,37.4982939],[126.8702779,37.4990014],[126.8707938,37.5006258],[126.8735287,37.5078145],[126.8736145,37.5079438],[126.874078,37.5084613],[126.8785927,37.5140306],[126.8786934,37.5141201],[126.8787901,37.5141803],[126.8788507,37.5141954],[126.8789103,37.5142008],[126.8789836,37.5141892],[126.8790562,37.5141667],[126.8792879,37.5139897],[126.8793652,37.514085],[126.8790489,37.5143832],[126.8789631,37.5145172],[126.879006,37.5146768],[126.8791267,37.5148767],[126.8795049,37.5154214],[126.8799258,37.516248],[126.8800239,37.5166372],[126.8800038,37.5168042],[126.8800119,37.5173797],[126.8800387,37.5175808],[126.880044,37.5182041],[126.8801111,37.5184179],[126.8801473,37.5185828],[126.8800722,37.5190051],[126.8801406,37.5194359],[126.880091,37.5199092],[126.8801446,37.5202453],[126.8801258,37.5205389],[126.8800615,37.5208027],[126.8801191,37.520991],[126.8801808,37.5213909],[126.880209,37.5217632],[126.8801688,37.5228758],[126.8801071,37.5235214],[126.880154,37.5236948],[126.8801376,37.5241399],[126.8801527,37.5247435],[126.880213,37.5248445],[126.8803927,37.5249701],[126.8805107,37.5250902],[126.8807749,37.5251998],[126.8808675,37.5252721],[126.8809332,37.5253508],[126.8809479,37.525555],[126.8809761,37.525671],[126.8812752,37.5259028],[126.8814495,37.5261198],[126.8816185,37.5262538],[126.8816869,37.5264219],[126.8817902,37.5264719],[126.8818519,37.526592],[126.8819699,37.5266378],[126.8821844,37.526725],[126.8823454,37.5268601],[126.8825546,37.5269537],[126.8826136,37.5270558],[126.8826793,37.5272164],[126.882792,37.5272834],[126.883032,37.5274855],[126.8833686,37.5275248],[126.8845931,37.52793],[126.8849672,37.5280619],[126.8851577,37.5281523],[126.8860085,37.5286258],[126.8868005,37.5290883],[126.8870272,37.5291308],[126.8871693,37.5292733],[126.8872377,37.529368],[126.8877809,37.5298242],[126.8878801,37.5298455],[126.8879981,37.5298317],[126.8881113,37.5299327],[126.8880941,37.5300211],[126.8881416,37.5301156],[126.8882315,37.5301975],[126.8889009,37.5309332],[126.8893644,37.5316343],[126.8899052,37.5327642],[126.8901455,37.5338668],[126.8901104,37.5347291],[126.8900167,37.5352008],[126.8898929,37.5355798],[126.8898633,37.5357583],[126.8897468,37.5359699],[126.8896497,37.5361292],[126.8896068,37.5362058],[126.889635,37.536286],[126.8897322,37.536286],[126.8898002,37.5362615],[126.8898945,37.5362077],[126.8899799,37.5361595],[126.8900296,37.5361679],[126.890093,37.5361871],[126.890147,37.5362219],[126.8901715,37.5362614],[126.8901782,37.5363007],[126.8902102,37.5363084],[126.8901901,37.5363806],[126.890163,37.5364088],[126.8901094,37.5364538],[126.8900222,37.5365244],[126.889963,37.5366219],[126.8899021,37.5366973],[126.8898968,37.5367337],[126.8898928,37.5367862],[126.8898712,37.5368304],[126.889779,37.5368933],[126.8896791,37.5369619],[126.889651,37.5370227],[126.8896034,37.5370559],[126.8894999,37.5370961],[126.889383,37.5371571],[126.8893396,37.5371931],[126.8892219,37.5371948],[126.8890921,37.5372553],[126.8888859,37.5375462],[126.8885802,37.5381141],[126.8880196,37.5392094],[126.8879284,37.5394476],[126.8879713,37.5394806],[126.8879566,37.5395189],[126.8879069,37.5395284],[126.8877608,37.5396635],[126.8875362,37.5400399],[126.8864706,37.5420891],[126.8858242,37.5433226],[126.8856123,37.5437181],[126.8853897,37.5440286],[126.8851563,37.5443009],[126.884577,37.5448708],[126.883319,37.5460468],[126.8821871,37.5470953],[126.8818465,37.5474313],[126.8816614,37.5475737],[126.8814696,37.5476843],[126.8813449,37.5477056],[126.8810698,37.5479067],[126.8808943,37.5481203],[126.8806583,37.5483712],[126.8804383,37.5486243],[126.8801111,37.5491453],[126.8793145,37.5503265],[126.8788612,37.55099],[126.8784736,37.5517327],[126.8779948,37.5526859],[126.8778098,37.5533035],[126.8776978,37.5536384],[126.8776763,37.5537214],[126.8776764,37.553821],[126.8777578,37.5539074],[126.8778155,37.5539505],[126.8778791,37.5539891],[126.8779233,37.5540072],[126.8780081,37.5540307],[126.8780215,37.5540314],[126.8780569,37.5540335],[126.8781068,37.5540319],[126.8768736,37.5543986],[126.875518,37.5548018],[126.875755,37.5545745],[126.8758646,37.5544625],[126.8759472,37.5543416],[126.8759917,37.5541915],[126.876008,37.554028],[126.8761522,37.5534629],[126.87664,37.5528274],[126.8771553,37.5521298],[126.8772198,37.5520523],[126.878009,37.5509623],[126.8792582,37.5491835],[126.879698,37.5486073],[126.8801567,37.5480373],[126.8806526,37.5476007],[126.8816078,37.546721],[126.8840083,37.5444837],[126.8845448,37.5439606],[126.8848452,37.5435799],[126.8849739,37.5433885],[126.8851268,37.543112],[126.8853736,37.5426676],[126.8857786,37.5419083],[126.8870556,37.5394954],[126.8888237,37.5361605],[126.88927,37.5352145],[126.8893902,37.5346019],[126.8893902,37.5337988],[126.8893298,37.5334306],[126.8891327,37.5327914],[126.8888336,37.532197],[126.8882892,37.5312823],[126.8877071,37.53064],[126.8868067,37.529851],[126.8859449,37.5293382],[126.8848881,37.5287086],[126.8841156,37.5284065],[126.8829185,37.5279859],[126.8822834,37.5277545],[126.8819229,37.5278702],[126.8817598,37.527632],[126.8818063,37.5275833],[126.8816212,37.5274738],[126.8814522,37.5274238],[126.8808621,37.5274238],[126.8809187,37.527067],[126.8807385,37.5268968],[126.8804981,37.5268151],[126.8804037,37.5265837],[126.8797597,37.5257018],[126.8795559,37.5255625],[126.8795452,37.5253019],[126.8794081,37.5247254],[126.8793737,37.5242557],[126.8794682,37.5228261],[126.8794939,37.5214715],[126.879411,37.5210069],[126.8794081,37.520709],[126.879451,37.5204231],[126.8794767,37.5201304],[126.8794043,37.5180775],[126.8794875,37.5180743],[126.8794835,37.5178478],[126.8793949,37.5177924],[126.8793567,37.5172239],[126.8792408,37.5165295],[126.8790218,37.5159436],[126.8786699,37.5152424],[126.8782837,37.5146978],[126.8736145,37.50904],[126.8735287,37.5089039],[126.8731339,37.5086383],[126.8728506,37.5086792],[126.8725674,37.5082638],[126.8727428,37.5080037],[126.8728243,37.5078919],[126.8727447,37.5075665],[126.8717767,37.5049126],[126.8716789,37.5047715],[126.8710045,37.5027254],[126.8709706,37.5026227],[126.8702171,37.5008353],[126.8701864,37.5007625],[126.869589,37.4991669],[126.8693058,37.4983634],[126.8692371,37.496981],[126.8692715,37.4964499],[126.8694431,37.4958779],[126.8694431,37.4957825],[126.8695805,37.4954284],[126.869795,37.494441],[126.870241,37.4921564],[126.8697058,37.4920881],[126.8697532,37.4918704],[126.8702965,37.4919318],[126.8704388,37.4912198],[126.8708064,37.4892934],[126.8704206,37.4892391],[126.8704517,37.4890865],[126.8708367,37.4891265],[126.8710138,37.4881688],[126.8712112,37.487406],[126.8718464,37.4852606],[126.8723388,37.483714],[126.8731596,37.48161],[126.8745288,37.4789038],[126.8741499,37.478602],[126.8742266,37.4785241],[126.8745826,37.4787872]],[[126.8825532,37.5274291],[126.8826565,37.5274652],[126.8826672,37.5273727],[126.8825157,37.5272653],[126.8824795,37.5272196],[126.8823695,37.5270441],[126.8822502,37.5269473],[126.8821697,37.5268824],[126.8820758,37.5268197],[126.8819296,37.526775],[126.8817674,37.5267292],[126.8816762,37.5266708],[126.8815863,37.526592],[126.8815286,37.5265187],[126.8814535,37.5264176],[126.8814053,37.5263134],[126.881365,37.5262325],[126.881294,37.5261581],[126.8811934,37.5260911],[126.8810807,37.525955],[126.8810163,37.5258858],[126.8809573,37.5258443],[126.8808943,37.5257646],[126.8808272,37.5257103],[126.8807964,37.5256486],[126.8808018,37.5255965],[126.8808098,37.5255444],[126.8807991,37.5254785],[126.8807696,37.5253859],[126.8806905,37.5253125],[126.8805617,37.5252126],[126.8804222,37.5251477],[126.880323,37.5251966],[126.8802519,37.5252455],[126.8802157,37.525287],[126.8802211,37.5253381],[126.8802693,37.5254189],[126.8802908,37.5254721],[126.8803418,37.5256359],[126.8803713,37.5257805],[126.8804517,37.5259082],[126.8805148,37.5260624],[126.8805523,37.5261538],[126.8806207,37.5262379],[126.8808983,37.5264665],[126.8810043,37.5265984],[126.8811706,37.5266899],[126.8812712,37.5267739],[126.8814898,37.5269175],[126.8819511,37.52716],[126.8821362,37.5272313],[126.8822891,37.5273078],[126.8825532,37.5274291]],[[126.8895235,37.5364986],[126.8894443,37.5364293],[126.8894146,37.5364341],[126.8893826,37.5364482],[126.8893421,37.5364713],[126.8893356,37.5364896],[126.8893049,37.5365192],[126.889304,37.53655],[126.8892999,37.5365841],[126.8893121,37.536597],[126.8892877,37.5366324],[126.8892654,37.5366872],[126.8892247,37.536742],[126.8892166,37.5367646],[126.8892064,37.5367807],[126.8892166,37.5367904],[126.8892044,37.536813],[126.889182,37.53685],[126.8891576,37.5368807],[126.8891759,37.5368935],[126.8891759,37.5369161],[126.8891902,37.5369355],[126.8892166,37.5369387],[126.8892572,37.5369338],[126.8892898,37.5369081],[126.8892918,37.5368807],[126.8892938,37.5368613],[126.8893162,37.5368549],[126.8893406,37.5368452],[126.8893487,37.5368275],[126.8893711,37.5368049],[126.8893812,37.5367823],[126.8893995,37.536763],[126.8894117,37.536734],[126.8894422,37.5366985],[126.8894625,37.5366711],[126.8894625,37.5366566],[126.8894849,37.5366437],[126.8895093,37.5366147],[126.8894991,37.5365986],[126.8895154,37.5365954],[126.8895215,37.536576],[126.8895174,37.5365551],[126.8895032,37.5365277],[126.8895195,37.5365212],[126.8895235,37.5364986]]]}},{"type":"Feature","id":"relation/5497986","properties":{"osmType":"relation","osmId":5497986,"osmVersion":5,"osmTimestamp":"2023-01-20T14:02:29Z","sourceUrl":"https://www.openstreetmap.org/relation/5497986","name":"청학지","waterType":"pond","sourceTags":{"name":"청학지","name:en":"Cheonghakji Pond","name:ko":"청학지","natural":"water","water":"pond"},"sourceSurveyed":false},"geometry":{"type":"Polygon","coordinates":[[[126.9936568,37.5593768],[126.993612,37.5593443],[126.9935541,37.5593191],[126.9934618,37.5593074],[126.9933675,37.5593092],[126.9933299,37.5593082],[126.9932665,37.5593],[126.993216,37.5592826],[126.9931695,37.5592467],[126.9931216,37.5592046],[126.9930814,37.5591543],[126.9930556,37.5591153],[126.9930668,37.5590813],[126.9930983,37.5591174],[126.9931449,37.5591789],[126.9931785,37.5592159],[126.9932355,37.55926],[126.9933028,37.5592733],[126.9934645,37.5592798],[126.9935317,37.5592806],[126.9936027,37.5593058],[126.9937016,37.5593457],[126.9937762,37.5593605],[126.9940203,37.5593679],[126.994017,37.5594345],[126.9940114,37.5595366],[126.9940133,37.5595973],[126.9940301,37.5596372],[126.9940039,37.5596742],[126.9939386,37.5596801],[126.9938397,37.5596594],[126.99378,37.5596402],[126.993737,37.5596106],[126.9937277,37.5595469],[126.9937109,37.5594478],[126.9936568,37.5593768]],[[126.9938512,37.559478],[126.9938353,37.559486],[126.9938239,37.559499],[126.9938198,37.5595145],[126.9938238,37.55953],[126.9938351,37.5595431],[126.9938521,37.5595515],[126.9938712,37.559554],[126.99389,37.5595505],[126.9939058,37.5595416],[126.993916,37.5595285],[126.9939192,37.5595134],[126.9939148,37.5594984],[126.993904,37.5594862],[126.9938882,37.5594781],[126.9938697,37.5594752],[126.9938512,37.559478]]]}},{"type":"Feature","id":"relation/5621288","properties":{"osmType":"relation","osmId":5621288,"osmVersion":1,"osmTimestamp":"2015-10-28T12:38:42Z","sourceUrl":"https://www.openstreetmap.org/relation/5621288","name":null,"waterType":"pond","sourceTags":{"natural":"water","water":"pond"},"sourceSurveyed":false},"geometry":{"type":"Polygon","coordinates":[[[126.9765073,37.5658962],[126.9764567,37.5659034],[126.976426,37.5658848],[126.9763844,37.5658461],[126.9763573,37.5658017],[126.9763429,37.565743],[126.9763375,37.56571],[126.9763555,37.5656699],[126.9763826,37.5656456],[126.9764188,37.5656212],[126.976473,37.5655997],[126.9765236,37.5655797],[126.9765796,37.5655596],[126.9766338,37.5655553],[126.9766699,37.5655553],[126.9767061,37.565594],[126.9767187,37.5656527],[126.9767259,37.5656814],[126.9767223,37.5657086],[126.9766916,37.5657501],[126.9766591,37.5657845],[126.9766085,37.5658332],[126.9765778,37.5658618],[126.976538,37.5658819],[126.9765073,37.5658962]],[[126.9764959,37.5657687],[126.9765131,37.5657773],[126.9765257,37.5657838],[126.9765465,37.5657816],[126.9765655,37.5657766],[126.9765736,37.5657566],[126.9765664,37.5657308],[126.9765591,37.5657129],[126.9765646,37.5656971],[126.9765655,37.5656785],[126.9765537,37.5656692],[126.9765402,37.5656728],[126.9765158,37.565685],[126.9764995,37.5656993],[126.9764887,37.5657179],[126.9764869,37.5657408],[126.9764959,37.5657687]]]}},{"type":"Feature","id":"relation/5672591","properties":{"osmType":"relation","osmId":5672591,"osmVersion":4,"osmTimestamp":"2019-08-02T06:28:31Z","sourceUrl":"https://www.openstreetmap.org/relation/5672591","name":"춘당지","waterType":"pond","sourceTags":{"name":"춘당지","name:en":"Chundangji Pond","name:ko":"춘당지","natural":"water","water":"pond"},"sourceSurveyed":false},"geometry":{"type":"Polygon","coordinates":[[[126.9947649,37.5814101],[126.9948637,37.5813137],[126.994976,37.5813258],[126.9951163,37.5813655],[126.9953422,37.5814978],[126.9954864,37.5816085],[126.9953926,37.5816988],[126.9952559,37.5818148],[126.9952517,37.5818719],[126.9952234,37.5819291],[126.9951541,37.5819629],[126.9950917,37.5820545],[126.99507,37.5821781],[126.9949394,37.5822629],[126.9947633,37.5822554],[126.9945977,37.5822086],[126.9945317,37.5823434],[126.9943162,37.5824763],[126.9941748,37.5825516],[126.9940863,37.5825452],[126.994046,37.5825303],[126.9940103,37.5824987],[126.9939397,37.5824465],[126.9939441,37.5823985],[126.9940085,37.5822816],[126.9941342,37.582242],[126.9943099,37.5822813],[126.9943993,37.5822819],[126.9945368,37.5821952],[126.9945003,37.581871],[126.9945083,37.5817866],[126.9945657,37.581695],[126.9946764,37.5815717],[126.9947649,37.5814101]],[[126.9947651,37.5819087],[126.9947854,37.5819424],[126.9948186,37.581976],[126.9948684,37.5819862],[126.9948998,37.5819745],[126.9949802,37.5819323],[126.9950247,37.5818506],[126.9949873,37.5817715],[126.9949274,37.5817494],[126.994874,37.5817348],[126.9948223,37.5817509],[126.9947744,37.5817889],[126.994767,37.5818386],[126.9947762,37.5818737],[126.9947651,37.5819087]]]}},{"type":"Feature","id":"relation/5685380","properties":{"osmType":"relation","osmId":5685380,"osmVersion":2,"osmTimestamp":"2019-03-30T15:58:36Z","sourceUrl":"https://www.openstreetmap.org/relation/5685380","name":"거울못","waterType":"pond","sourceTags":{"name":"거울못","name:en":"Mirror Pond","name:ko":"거울못","natural":"water","water":"pond"},"sourceSurveyed":false},"geometry":{"type":"Polygon","coordinates":[[[126.9797813,37.5222103],[126.9799563,37.5222166],[126.9800634,37.5222265],[126.9801329,37.5222607],[126.9802508,37.5223542],[126.9802956,37.5224058],[126.9802995,37.5224626],[126.9802874,37.5225154],[126.9802592,37.5225775],[126.9802083,37.5226435],[126.9801687,37.5228099],[126.9800784,37.5227791],[126.9799459,37.5229077],[126.9799266,37.5228995],[126.9798601,37.5229305],[126.9797696,37.5229537],[126.9795769,37.5229781],[126.9794505,37.522984],[126.9793236,37.5229802],[126.9792112,37.5229674],[126.9791301,37.5229494],[126.9790167,37.5229066],[126.9789335,37.5228555],[126.9788849,37.5228008],[126.9788677,37.5227648],[126.9788506,37.522708],[126.9788576,37.5226382],[126.9789043,37.5225541],[126.979,37.5224607],[126.9790939,37.5223986],[126.9792105,37.5223437],[126.9793926,37.5222811],[126.9796125,37.5222193],[126.9797135,37.5222079],[126.9797813,37.5222103]],[[126.9795164,37.5223716],[126.9794997,37.5223848],[126.9794838,37.5224049],[126.9794772,37.5224281],[126.9794809,37.5224517],[126.9794944,37.5224729],[126.979516,37.5224893],[126.9795434,37.522499],[126.9795732,37.5225009],[126.9796021,37.5224946],[126.9796267,37.5224811],[126.9797097,37.522436],[126.9797752,37.5224017],[126.9798258,37.5223812],[126.9798691,37.5223835],[126.9799382,37.5223779],[126.9799752,37.522374],[126.9800294,37.5223545],[126.980037,37.5223284],[126.9800387,37.5222995],[126.9800229,37.5222765],[126.9800105,37.5222684],[126.9799563,37.5222607],[126.9798791,37.5222545],[126.9797878,37.5222476],[126.9797588,37.5222473],[126.9796988,37.5222464],[126.9796483,37.5222491],[126.979627,37.522267],[126.9796002,37.522312],[126.9795832,37.5223426],[126.9795164,37.5223716]]]}},{"type":"Feature","id":"relation/5688759","properties":{"osmType":"relation","osmId":5688759,"osmVersion":1,"osmTimestamp":"2015-11-24T11:23:41Z","sourceUrl":"https://www.openstreetmap.org/relation/5688759","name":null,"waterType":"pond","sourceTags":{"natural":"water","water":"pond"},"sourceSurveyed":false},"geometry":{"type":"Polygon","coordinates":[[[126.9943025,37.5723867],[126.994071,37.5722937],[126.9941514,37.5721681],[126.9943828,37.5722611],[126.9943025,37.5723867]],[[126.99419,37.5722967],[126.9942085,37.5723142],[126.994236,37.572321],[126.9942638,37.5723148],[126.994283,37.5722978],[126.9942875,37.5722753],[126.9942759,37.5722544],[126.9942519,37.5722417],[126.9942231,37.5722414],[126.9941986,37.5722535],[126.9941863,37.5722741],[126.99419,37.5722967]]]}},{"type":"Feature","id":"relation/5688760","properties":{"osmType":"relation","osmId":5688760,"osmVersion":1,"osmTimestamp":"2015-11-24T11:23:41Z","sourceUrl":"https://www.openstreetmap.org/relation/5688760","name":null,"waterType":"pond","sourceTags":{"natural":"water","water":"pond"},"sourceSurveyed":false},"geometry":{"type":"Polygon","coordinates":[[[126.9946165,37.5729084],[126.9943642,37.5728466],[126.9944238,37.5726936],[126.9946761,37.5727553],[126.9946165,37.5729084]],[[126.9944828,37.5728406],[126.994513,37.5728499],[126.9945447,37.5728448],[126.994568,37.5728269],[126.9945753,37.5728019],[126.9945644,37.5727777],[126.9945387,37.572762],[126.9945065,37.5727598],[126.9944778,37.5727718],[126.9944619,37.5727942],[126.9944637,37.5728198],[126.9944828,37.5728406]]]}},{"type":"Feature","id":"relation/6168459","properties":{"osmType":"relation","osmId":6168459,"osmVersion":1,"osmTimestamp":"2016-04-25T08:48:49Z","sourceUrl":"https://www.openstreetmap.org/relation/6168459","name":null,"waterType":"pond","sourceTags":{"natural":"water","water":"pond"},"sourceSurveyed":false},"geometry":{"type":"Polygon","coordinates":[[[126.9983455,37.5025412],[126.9981765,37.5024944],[126.9982141,37.5024221],[126.9982892,37.5023774],[126.9984394,37.5023966],[126.9985842,37.5024349],[126.9986593,37.502454],[126.9987076,37.5024242],[126.9987103,37.5023774],[126.9986727,37.502354],[126.9986835,37.5023221],[126.99878,37.5022178],[126.9988068,37.5021646],[126.9987773,37.5020923],[126.99878,37.5020518],[126.9988256,37.5020391],[126.9988605,37.5020561],[126.9988551,37.5020986],[126.9988739,37.5021497],[126.9988793,37.5022604],[126.9988578,37.5023029],[126.9988176,37.5023646],[126.9988229,37.5023966],[126.9987988,37.5024476],[126.9987398,37.5025732],[126.9987183,37.5026093],[126.9986405,37.5026285],[126.9985815,37.5026285],[126.9983857,37.5025838],[126.9983455,37.5025412]],[[126.9983965,37.5025008],[126.9983938,37.5025285],[126.9984206,37.5025498],[126.998493,37.5025604],[126.9985252,37.5025561],[126.9985386,37.5025349],[126.9985279,37.5025051],[126.9984957,37.5024859],[126.9984474,37.5024795],[126.9984179,37.5024817],[126.9983965,37.5025008]]]}},{"type":"Feature","id":"relation/6703852","properties":{"osmType":"relation","osmId":6703852,"osmVersion":16,"osmTimestamp":"2024-01-03T05:18:35Z","sourceUrl":"https://www.openstreetmap.org/relation/6703852","name":"일산 호수","waterType":"lake","sourceTags":{"name":"일산 호수","name:en":"llsan Lake Park","natural":"water","water":"lake"},"sourceSurveyed":false},"geometry":{"type":"Polygon","coordinates":[[[126.7644755,37.6578289],[126.7644328,37.65783481586687],[126.7644328,37.65350232955874],[126.7644896,37.653197],[126.7645835,37.6522743],[126.7647379,37.6519583],[126.7650046,37.6516935],[126.7652261,37.6515272],[126.7654981,37.6513877],[126.7661097,37.6512348],[126.7664719,37.6511758],[126.7667145,37.6510925],[126.7669653,37.6509683],[126.7670781,37.6509226],[126.767211,37.6508759],[126.7674038,37.6508034],[126.7674508,37.6507857],[126.7676152,37.6507819],[126.7677297,37.6507835],[126.7679711,37.6507857],[126.7680148,37.6507891],[126.7680677,37.6507984],[126.7681923,37.6507421],[126.7683493,37.6506731],[126.7685156,37.6505563],[126.7686873,37.6504777],[126.7688055,37.6504558],[126.7689248,37.6504516],[126.7690213,37.6504416],[126.7691059,37.6503964],[126.7691647,37.6503397],[126.7692854,37.6501273],[126.769354,37.6500247],[126.7693873,37.6499192],[126.7693905,37.6497926],[126.7693552,37.6496368],[126.7693488,37.649572],[126.7693793,37.6495072],[126.7694425,37.6494662],[126.7695134,37.649452],[126.7696448,37.6494647],[126.7698487,37.6496028],[126.7703234,37.649779],[126.7704549,37.6499744],[126.7704415,37.650087],[126.7705112,37.6502208],[126.7706099,37.6503057],[126.7707285,37.6504077],[126.7706265,37.6506497],[126.7706077,37.6507687],[126.7706694,37.6508748],[126.7706158,37.6510001],[126.7704549,37.6511084],[126.7703637,37.6511891],[126.7702698,37.6513527],[126.7701705,37.6514822],[126.7700472,37.6515098],[126.7699567,37.6515077],[126.7698844,37.6514789],[126.7697582,37.6514105],[126.7696173,37.6513595],[126.7695458,37.6513563],[126.7694774,37.6513658],[126.7693961,37.6514004],[126.7693064,37.6514561],[126.7692157,37.6515039],[126.7691669,37.6515203],[126.7690737,37.651524],[126.7689287,37.6515056],[126.768808,37.6514758],[126.7685532,37.6512996],[126.7683547,37.6512104],[126.7682474,37.6511891],[126.7682102,37.6511938],[126.768116,37.6512337],[126.7680435,37.6512769],[126.7678975,37.6513639],[126.7678347,37.6514013],[126.7677593,37.651461],[126.7677244,37.6514886],[126.7676551,37.651564],[126.7675781,37.6516478],[126.7675522,37.6517789],[126.7675339,37.6519813],[126.7675049,37.6524289],[126.7674938,37.6524982],[126.7674842,37.6525018],[126.7674635,37.6524954],[126.7674354,37.6524873],[126.7673984,37.6524798],[126.7673594,37.6524754],[126.7673066,37.6524768],[126.7672399,37.6524846],[126.7671928,37.6524958],[126.7671427,37.6525116],[126.7671546,37.6525272],[126.7672077,37.6525102],[126.7672536,37.6525001],[126.767295,37.6524945],[126.7673417,37.6524927],[126.7673739,37.6524945],[126.767417,37.652503],[126.7674503,37.6525113],[126.7674808,37.6525212],[126.7674845,37.6525284],[126.7674555,37.6525764],[126.76744,37.6526071],[126.7674294,37.6526096],[126.7674194,37.6526067],[126.767391,37.6525995],[126.7673591,37.6525962],[126.7673213,37.652595],[126.7672899,37.652597],[126.7672443,37.6526044],[126.7672105,37.6526149],[126.7672229,37.6526298],[126.7672467,37.6526221],[126.7672722,37.6526166],[126.7673,37.6526151],[126.7673283,37.6526143],[126.7673616,37.6526154],[126.7673933,37.6526191],[126.7674227,37.6526306],[126.7674246,37.6526383],[126.7673874,37.6526991],[126.7673817,37.6527107],[126.7673502,37.6527015],[126.7673321,37.6527012],[126.7673095,37.6527],[126.7672845,37.6527024],[126.7672634,37.6527098],[126.7672454,37.6527201],[126.7672297,37.6527338],[126.7672157,37.6527504],[126.7672042,37.6527775],[126.7672037,37.6528001],[126.7672065,37.6528197],[126.7672181,37.6528368],[126.7672427,37.6528594],[126.7672437,37.6528662],[126.7671795,37.6529254],[126.7671728,37.652927],[126.7671624,37.6529207],[126.767147,37.6529081],[126.7671328,37.6528924],[126.7671214,37.6528791],[126.7671109,37.65286],[126.7671016,37.6528393],[126.7670985,37.6528136],[126.7670962,37.6527746],[126.7670754,37.6527739],[126.7670765,37.6528124],[126.7670802,37.6528368],[126.7670912,37.6528661],[126.7671064,37.6528924],[126.767127,37.6529163],[126.7671618,37.6529461],[126.7671602,37.65295],[126.7670897,37.6530191],[126.7670817,37.6530196],[126.7670736,37.6530151],[126.7670506,37.6529991],[126.7670354,37.6529863],[126.7670195,37.6529704],[126.7669983,37.6529441],[126.7669864,37.6529256],[126.7669729,37.652904],[126.7669582,37.6528719],[126.7669499,37.652842],[126.7669454,37.6528067],[126.766946,37.6527661],[126.7669284,37.6527664],[126.7669269,37.652807],[126.7669377,37.6528665],[126.7669523,37.6529044],[126.7669823,37.6529506],[126.7670034,37.6529772],[126.7670276,37.6530037],[126.7670691,37.6530372],[126.7668553,37.6532554],[126.7667936,37.6534529],[126.7667641,37.6541473],[126.7667159,37.6545614],[126.7666944,37.65495],[126.7665925,37.655345],[126.7663457,37.6558312],[126.7662069,37.6560654],[126.7660578,37.6560101],[126.7660056,37.6559962],[126.7659256,37.6559937],[126.765841,37.6559965],[126.7656953,37.6560069],[126.7656022,37.6560238],[126.765524,37.6560415],[126.7654098,37.65608],[126.7653329,37.6561182],[126.7652131,37.6561906],[126.7651694,37.6562184],[126.7650701,37.6563206],[126.7649738,37.6564645],[126.7649196,37.6566408],[126.7649206,37.6568174],[126.7649723,37.6569839],[126.7650486,37.6571207],[126.7651134,37.6571845],[126.7651757,37.6572318],[126.7652727,37.6572911],[126.7654598,37.6573617],[126.7651651,37.6578718],[126.7648995,37.6578309],[126.7647377,37.6578188],[126.7646065,37.6578171],[126.7644755,37.6578289]]]}},{"type":"Feature","id":"relation/6824474","properties":{"osmType":"relation","osmId":6824474,"osmVersion":1,"osmTimestamp":"2016-12-27T06:57:47Z","sourceUrl":"https://www.openstreetmap.org/relation/6824474","name":"백교저수지","waterType":"reservoir","sourceTags":{"name":"백교저수지","natural":"water","water":"reservoir"},"sourceSurveyed":false},"geometry":{"type":"Polygon","coordinates":[[[127.1234797,37.5835322],[127.1236184,37.5833638],[127.1239997,37.5831462],[127.1240348,37.5831633],[127.124059,37.5831751],[127.1238391,37.5833154],[127.1241234,37.583834],[127.1234314,37.5843484],[127.1227662,37.5847778],[127.1221815,37.5850541],[127.1214305,37.5853559],[127.1215002,37.5852029],[127.1221278,37.5849946],[127.1227179,37.5847012],[127.1235387,37.5841784],[127.1235065,37.5840933],[127.1234528,37.5840551],[127.123426,37.583902],[127.1234797,37.5835322]]]}},{"type":"Feature","id":"relation/6946896","properties":{"osmType":"relation","osmId":6946896,"osmVersion":8,"osmTimestamp":"2022-01-02T13:10:19Z","sourceUrl":"https://www.openstreetmap.org/relation/6946896","name":"굴포천","waterType":"river","sourceTags":{"name":"굴포천","natural":"water","water":"river"},"sourceSurveyed":false},"geometry":{"type":"Polygon","coordinates":[[[126.7646045,37.551272],[126.7644328,37.55082745549591],[126.7644328,37.54856947644326],[126.7647443,37.5493724],[126.7653823,37.5510168],[126.7656077,37.5514718],[126.7658651,37.5518589],[126.7667234,37.5530029],[126.7663627,37.5531779],[126.7660046,37.5533516],[126.7651731,37.5522459],[126.7648084,37.551693],[126.7646045,37.551272]]]}},{"type":"Feature","id":"relation/6968154","properties":{"osmType":"relation","osmId":6968154,"osmVersion":6,"osmTimestamp":"2018-08-20T17:14:48Z","sourceUrl":"https://www.openstreetmap.org/relation/6968154","name":"몽촌호","waterType":"lake","sourceTags":{"name":"몽촌호","name:en":"Mongchon Lake","name:ko":"몽촌호","natural":"water","water":"lake"},"sourceSurveyed":false},"geometry":{"type":"Polygon","coordinates":[[[127.1175596,37.5183408],[127.1176084,37.5182091],[127.1176734,37.5182059],[127.1177302,37.5181932],[127.1178001,37.5181644],[127.1178592,37.5181202],[127.1178869,37.51809],[127.1179096,37.5180474],[127.1179235,37.5180047],[127.1179239,37.5179405],[127.1179125,37.5178826],[127.1178842,37.5178327],[127.1178443,37.517798],[127.1177905,37.5177612],[127.1178916,37.5175085],[127.1187829,37.5172038],[127.118822,37.5172822],[127.119193,37.517149],[127.1191576,37.5170822],[127.1192926,37.5170634],[127.1193677,37.5170804],[127.119373,37.5171229],[127.1193301,37.5171953],[127.1192389,37.5172846],[127.1190887,37.5173697],[127.1188902,37.5174633],[127.1187091,37.5176282],[127.1186104,37.5177909],[127.1185469,37.5179228],[127.1185147,37.5180037],[127.1185147,37.5180718],[127.1185362,37.5181569],[127.1187186,37.5187057],[127.1187078,37.5187738],[127.1186381,37.5188802],[127.1185737,37.5189483],[127.1184933,37.518978],[127.1184182,37.5190163],[127.1183699,37.5190631],[127.1182411,37.5192971],[127.118225,37.5193652],[127.118225,37.5194631],[127.1182411,37.5195524],[127.118225,37.519646],[127.1181821,37.5197141],[127.118107,37.5197694],[127.1180266,37.519795],[127.11793,37.519812],[127.1178227,37.5198715],[127.1177101,37.5199609],[127.1176242,37.5200885],[127.1175652,37.5202332],[127.1175116,37.5204119],[127.1174955,37.5205991],[127.1174901,37.5207608],[127.1175126,37.5209872],[127.1175706,37.5211682],[127.1175944,37.5213557],[127.1175647,37.5214546],[127.1175447,37.5215574],[127.1175491,37.5216755],[127.1175598,37.5217862],[127.1176294,37.5219433],[127.1176809,37.5220738],[127.1177621,37.5222925],[127.117831,37.5224906],[127.1179508,37.5227388],[127.1180426,37.52282],[127.1181693,37.5229128],[127.118329,37.5230371],[127.1182076,37.5231219],[127.117985,37.5230018],[127.1178369,37.5229886],[127.1176365,37.5230045],[127.1175196,37.5230151],[127.1174673,37.5229612],[127.1174687,37.5228924],[127.1174311,37.5227988],[127.1174579,37.5227009],[127.1175008,37.522586],[127.1174901,37.5224456],[127.1174579,37.522318],[127.1173506,37.5221478],[127.1173077,37.5220542],[127.1172916,37.521833],[127.1173453,37.5216415],[127.117356,37.5214968],[127.1174043,37.5213862],[127.1173828,37.5212118],[127.1173184,37.5211097],[127.1172058,37.520965],[127.1170878,37.5207948],[127.1171522,37.5207693],[127.1170341,37.5205566],[127.1169698,37.5205821],[127.1167039,37.5201646],[127.1168249,37.5198984],[127.1168767,37.5198849],[127.116959,37.5198697],[127.1170341,37.5198253],[127.1170969,37.5197724],[127.1171452,37.5196801],[127.1171522,37.5196035],[127.1171307,37.5195312],[127.1170931,37.5194716],[127.1170228,37.519433],[127.117082,37.5193245],[127.1171679,37.5193094],[127.1172786,37.5192735],[127.117381,37.5192246],[127.1174694,37.519162],[127.1175568,37.5190802],[127.117643,37.518973],[127.1177006,37.5188338],[127.1177152,37.5187155],[127.1176986,37.5185755],[127.1176534,37.5184595],[127.1175596,37.5183408]]]}},{"type":"Feature","id":"relation/7108045","properties":{"osmType":"relation","osmId":7108045,"osmVersion":1,"osmTimestamp":"2017-03-25T17:54:40Z","sourceUrl":"https://www.openstreetmap.org/relation/7108045","name":null,"waterType":"pond","sourceTags":{"natural":"water","water":"pond"},"sourceSurveyed":false},"geometry":{"type":"Polygon","coordinates":[[[126.7652838,37.4853993],[126.7653331,37.4854794],[126.7653086,37.4854903],[126.7652546,37.4854082],[126.7652434,37.4853173],[126.7652681,37.4852191],[126.7652906,37.4851745],[126.7652641,37.4850953],[126.7652227,37.4850862],[126.7651608,37.4850947],[126.7651107,37.4850972],[126.7650581,37.4850732],[126.765015,37.4850299],[126.7650119,37.4849768],[126.7650306,37.4849322],[126.7650623,37.4849101],[126.7651006,37.4848864],[126.7651776,37.4848873],[126.7652571,37.4849235],[126.7652568,37.485055],[126.7652951,37.4850693],[126.765322,37.4851228],[126.7653153,37.4851763],[126.7652906,37.4852298],[126.7652703,37.4853137],[126.7652838,37.4853993]],[[126.7651553,37.485059],[126.7652118,37.4850274],[126.7652236,37.4849734],[126.7651839,37.4849286],[126.7651159,37.4849192],[126.7650593,37.4849507],[126.7650475,37.4850047],[126.7650872,37.4850495],[126.7651553,37.485059]]]}},{"type":"Feature","id":"relation/7665784","properties":{"osmType":"relation","osmId":7665784,"osmVersion":3,"osmTimestamp":"2025-08-08T08:57:55Z","sourceUrl":"https://www.openstreetmap.org/relation/7665784","name":null,"waterType":"unspecified","sourceTags":{"natural":"water"},"sourceSurveyed":false},"geometry":{"type":"Polygon","coordinates":[[[126.7648164,37.6754014],[126.7647919,37.6753554],[126.7647636,37.6753284],[126.7647214,37.675327],[126.7646822,37.6753146],[126.7646504,37.6752927],[126.7646294,37.6752637],[126.7646218,37.6752308],[126.7646282,37.6751978],[126.764648,37.6751683],[126.7646871,37.6751435],[126.7647178,37.6751323],[126.7647599,37.6751299],[126.7647956,37.6751368],[126.7648272,37.6751516],[126.7648521,37.675173],[126.7648682,37.6751991],[126.7648741,37.6752278],[126.7648693,37.6752567],[126.7648542,37.6752832],[126.7648372,37.675302],[126.7648598,37.6753471],[126.7648899,37.6754093],[126.7649199,37.6754427],[126.7650019,37.6755361],[126.7650199,37.6755565],[126.7650366,37.675583],[126.7650701,37.67566],[126.7650836,37.675721],[126.7650909,37.6757399],[126.7651345,37.675807],[126.765152,37.6758261],[126.7652438,37.6758972],[126.7652673,37.6759219],[126.7653085,37.6759676],[126.7653639,37.6760562],[126.765391,37.6761063],[126.7653974,37.6761382],[126.7654081,37.676157],[126.7654282,37.6761886],[126.7654353,37.6762022],[126.7654104,37.676212],[126.7653936,37.6762217],[126.7653689,37.6761822],[126.7653558,37.6761594],[126.7653472,37.6761453],[126.7653332,37.6761304],[126.7653238,37.676118],[126.7653113,37.6760947],[126.7652943,37.6760644],[126.7652586,37.6760323],[126.7652406,37.6760107],[126.7652314,37.6759933],[126.7652123,37.6759453],[126.7652016,37.6759238],[126.7651831,37.6759036],[126.7651352,37.6758654],[126.7651072,37.6758382],[126.7650854,37.6758142],[126.7650646,37.6757867],[126.7650388,37.6757492],[126.7650235,37.6757233],[126.7650024,37.6756649],[126.7649857,37.6756043],[126.7649746,37.6755852],[126.7649502,37.6755578],[126.7648904,37.6754984],[126.7648506,37.6754544],[126.7648164,37.6754014]]]}},{"type":"Feature","id":"relation/7885627","properties":{"osmType":"relation","osmId":7885627,"osmVersion":4,"osmTimestamp":"2025-03-23T01:29:08Z","sourceUrl":"https://www.openstreetmap.org/relation/7885627","name":"일감호","waterType":"lake","sourceTags":{"name":"일감호","name:en":"Lake Ilgam","name:ko":"일감호","natural":"water","water":"lake","intermittent":"no","tidal":"no","salt":"no"},"sourceSurveyed":false},"geometry":{"type":"Polygon","coordinates":[[[127.0749011,37.5401492],[127.0747808,37.5399023],[127.074802,37.539717],[127.074887,37.5396216],[127.0750356,37.5395262],[127.0753188,37.5394364],[127.0759487,37.5393522],[127.0765929,37.5393073],[127.0767203,37.5393241],[127.0767698,37.5393522],[127.0769963,37.5401548],[127.0776001,37.540913],[127.0774345,37.5410709],[127.0772722,37.5411794],[127.0771818,37.541183],[127.0771317,37.5412407],[127.0771519,37.5413443],[127.0772085,37.5414686],[127.0772872,37.5415593],[127.0773618,37.5417953],[127.0772866,37.5418161],[127.0773998,37.5420968],[127.0773644,37.5421641],[127.076968,37.5422988],[127.0765716,37.5423213],[127.0764159,37.5422708],[127.0763027,37.5422315],[127.0762319,37.5421473],[127.0761682,37.5420575],[127.0760903,37.5419508],[127.0757222,37.5410697],[127.0756373,37.5409238],[127.0756161,37.5408564],[127.0755523,37.540789],[127.0755523,37.5407273],[127.0754249,37.5406543],[127.0752621,37.5405084],[127.0750781,37.5403681],[127.0749011,37.5401492]],[[127.0763593,37.5399752],[127.0763593,37.5400762],[127.0763664,37.5401324],[127.0764371,37.540166],[127.076515,37.5401436],[127.0766212,37.5401155],[127.0766637,37.5401604],[127.0767344,37.5401436],[127.0767486,37.5400875],[127.0767344,37.5400426],[127.076692,37.5400033],[127.0766141,37.5399528],[127.076515,37.5399191],[127.0764018,37.5399359],[127.0763593,37.5399752]]]}},{"type":"Feature","id":"relation/8395138","properties":{"osmType":"relation","osmId":8395138,"osmVersion":1,"osmTimestamp":"2018-06-19T18:13:53Z","sourceUrl":"https://www.openstreetmap.org/relation/8395138","name":null,"waterType":"unspecified","sourceTags":{"natural":"water"},"sourceSurveyed":false},"geometry":{"type":"Polygon","coordinates":[[[126.8332516,37.5917952],[126.8331283,37.591888],[126.8330051,37.5920344],[126.8327833,37.5921516],[126.8325738,37.5922249],[126.8323642,37.5922444],[126.8321855,37.5922346],[126.8320253,37.5921663],[126.831859,37.5920003],[126.8316494,37.5918782],[126.8314461,37.591844],[126.8311552,37.5918301],[126.8311004,37.5917553],[126.8317049,37.5918245],[126.8326847,37.5915608],[126.8328387,37.5913704],[126.8329558,37.591219],[126.8329928,37.5912874],[126.8333933,37.5912581],[126.8336336,37.5912093],[126.8337076,37.5913606],[126.8336768,37.591512],[126.8336831,37.591523],[126.8337322,37.5916096],[126.833535,37.5916975],[126.8332516,37.5917952]],[[126.832749,37.5916566],[126.8322769,37.5917969],[126.8322179,37.5918352],[126.8321589,37.5919244],[126.8321428,37.5919967],[126.8321535,37.5920817],[126.8322018,37.592137],[126.832293,37.5921795],[126.8324164,37.5921837],[126.8325934,37.5921412],[126.8327651,37.5920775],[126.8328723,37.5919797],[126.8330118,37.5918564],[126.8331406,37.5917417],[126.8331245,37.5916311],[126.8330386,37.5915844],[126.832749,37.5916566]]]}},{"type":"Feature","id":"relation/8439417","properties":{"osmType":"relation","osmId":8439417,"osmVersion":1,"osmTimestamp":"2018-07-10T12:07:58Z","sourceUrl":"https://www.openstreetmap.org/relation/8439417","name":null,"waterType":"unspecified","sourceTags":{"natural":"water"},"sourceSurveyed":false},"geometry":{"type":"Polygon","coordinates":[[[126.8669987,37.5728408],[126.8669336,37.5728328],[126.8668869,37.5727651],[126.8669519,37.5726958],[126.867391,37.5723961],[126.8674174,37.5723526],[126.8674255,37.5722431],[126.8675434,37.5721819],[126.8676674,37.5721303],[126.8679175,37.5719402],[126.8680923,37.5719257],[126.8682529,37.5720224],[126.8683321,37.5719724],[126.8683545,37.5719354],[126.8684744,37.5718886],[126.8685138,37.5718939],[126.868553,37.5719169],[126.8685563,37.5719357],[126.8684959,37.5719509],[126.8684439,37.5719756],[126.8682854,37.572061],[126.8682569,37.5721255],[126.8682976,37.5721625],[126.8683443,37.5721545],[126.8683342,37.5722495],[126.868259,37.5723381],[126.8681614,37.5723994],[126.8681106,37.5723881],[126.8681248,37.5722995],[126.8680476,37.5721964],[126.8678606,37.5722737],[126.867828,37.5723301],[126.8677366,37.5723269],[126.8676532,37.572409],[126.8675882,37.5724638],[126.8675841,37.5725202],[126.8674215,37.5726507],[126.8673544,37.572778],[126.8672304,37.5727538],[126.8671145,37.5727635],[126.8670678,37.5728183],[126.8669987,37.5728408]],[[126.8677455,37.5722078],[126.8678457,37.5722212],[126.868049,37.5721467],[126.8681291,37.5721394],[126.8681522,37.5720894],[126.8681014,37.5720112],[126.8679766,37.5719929],[126.8678842,37.5720283],[126.8677502,37.5721309],[126.8677455,37.5722078]],[[126.8674777,37.5723266],[126.8675177,37.5723363],[126.867567,37.5723168],[126.8675747,37.572296],[126.8675747,37.5722594],[126.8675547,37.5722313],[126.8674992,37.5722387],[126.86747,37.572257],[126.8674777,37.5723266]],[[126.8673313,37.5725683],[126.8673344,37.5726111],[126.867376,37.5726111],[126.867453,37.5725488],[126.8674407,37.5725207],[126.8674068,37.5725207],[126.8673313,37.5725683]],[[126.8674561,37.5724511],[126.8675239,37.5724682],[126.86753,37.5724401],[126.8675177,37.5724157],[126.8674838,37.5724096],[126.8674561,37.5724181],[126.8674561,37.5724511]]]}},{"type":"Feature","id":"relation/8524923","properties":{"osmType":"relation","osmId":8524923,"osmVersion":2,"osmTimestamp":"2021-09-05T01:40:25Z","sourceUrl":"https://www.openstreetmap.org/relation/8524923","name":null,"waterType":"stream","sourceTags":{"natural":"water","water":"stream"},"sourceSurveyed":false},"geometry":{"type":"MultiPolygon","coordinates":[[[[126.920706,37.4942096],[126.9206707,37.494059],[126.9206915,37.494056],[126.9207128,37.4940528],[126.9207481,37.4942034],[126.9207372,37.4942019],[126.9207267,37.4942025],[126.9207161,37.4942049],[126.920706,37.4942096]]],[[[126.9206796,37.4940041],[126.9206583,37.4940073],[126.92062,37.4938453],[126.9206415,37.4938434],[126.9206624,37.4938388],[126.9207008,37.4940009],[126.9206796,37.4940041]]]]}},{"type":"Feature","id":"relation/9035438","properties":{"osmType":"relation","osmId":9035438,"osmVersion":19,"osmTimestamp":"2026-02-02T23:06:34Z","sourceUrl":"https://www.openstreetmap.org/relation/9035438","name":"탄천","waterType":"river","sourceTags":{"name":"탄천","name:en":"Tancheon Stream","name:ko":"탄천","natural":"water","water":"river"},"sourceSurveyed":false},"geometry":{"type":"Polygon","coordinates":[[[127.1170283,37.4289844],[127.11697315921371,37.4285424],[127.11751181288605,37.4285424],[127.1176537,37.4289966],[127.1177736,37.4293578],[127.1179241,37.4298364],[127.1180154,37.4301694],[127.1180879,37.4305105],[127.1180684,37.430992],[127.1180383,37.4310986],[127.1180351,37.4312735],[127.1180817,37.4315356],[127.1181251,37.4317462],[127.1181414,37.4321668],[127.1180917,37.4323015],[127.1179972,37.4324243],[127.1181165,37.4324687],[127.1181239,37.4324903],[127.1181247,37.4324937],[127.1181259,37.4324961],[127.1181277,37.4324981],[127.1181312,37.4324999],[127.1181363,37.4325009],[127.1182224,37.4325012],[127.1182365,37.4326941],[127.1182075,37.4327057],[127.1181785,37.4327172],[127.11817,37.4327236],[127.1181623,37.4327327],[127.1181448,37.4327586],[127.1181353,37.432776],[127.1181269,37.4327921],[127.1181204,37.4328108],[127.1181144,37.4328243],[127.1181071,37.4328377],[127.1180928,37.4328569],[127.118074,37.432879],[127.1180912,37.433058],[127.1181023,37.4332124],[127.1181033,37.4332327],[127.1181088,37.4332513],[127.1181352,37.4333082],[127.1181405,37.4333274],[127.1181447,37.4333506],[127.11815,37.4333737],[127.1181704,37.4334573],[127.118179,37.4334921],[127.1181831,37.4335218],[127.1181859,37.4335494],[127.118179,37.4337317],[127.1181792,37.4337382],[127.1181801,37.4337424],[127.1181822,37.433746],[127.1181857,37.4337484],[127.1181911,37.4337496],[127.1182033,37.4337494],[127.1182154,37.4337884],[127.118184,37.4338277],[127.1182182,37.4339274],[127.1182201,37.4340836],[127.11828,37.4342682],[127.1183744,37.434467],[127.1184574,37.4347398],[127.1184989,37.4349231],[127.1185518,37.4351254],[127.1186051,37.4352777],[127.1186908,37.4354604],[127.118748,37.4357521],[127.1187713,37.4358245],[127.1190779,37.4368447],[127.1191832,37.4372025],[127.1192895,37.4375645],[127.1193122,37.4376461],[127.1193232,37.4376807],[127.1193386,37.4377601],[127.1193412,37.4377682],[127.1193451,37.4377745],[127.1193504,37.4377797],[127.1193613,37.4377869],[127.1193677,37.4377908],[127.1193732,37.4377959],[127.1193768,37.4378033],[127.1193909,37.4379287],[127.1194792,37.43823],[127.1195278,37.4384945],[127.1195038,37.438763],[127.1194113,37.4390336],[127.1193747,37.4391996],[127.1192458,37.4396593],[127.1191364,37.4399896],[127.118989,37.4403018],[127.1187582,37.4408821],[127.1184498,37.4418026],[127.1181871,37.4421859],[127.1180986,37.4423606],[127.1179364,37.442482],[127.1178714,37.4426534],[127.1178095,37.4428666],[127.1177487,37.443566],[127.1177813,37.4440105],[127.11776,37.4443732],[127.11776,37.4446194],[127.1177923,37.4448489],[127.1178727,37.4451917],[127.1179666,37.4454312],[127.1180243,37.4454913],[127.1179512,37.445598],[127.1178985,37.4456855],[127.1179098,37.4458272],[127.1180012,37.4462089],[127.1180416,37.4463487],[127.1179337,37.447525],[127.1178975,37.4481916],[127.1179051,37.4491352],[127.1178767,37.449422],[127.1177821,37.4497613],[127.1177562,37.4498586],[127.1177486,37.4509932],[127.1177423,37.4514725],[127.1177643,37.4516463],[127.1177646,37.4519334],[127.1177862,37.451996],[127.1178077,37.4520785],[127.1178078,37.4522219],[127.1178051,37.4532415],[127.1177704,37.4549399],[127.1177585,37.4554186],[127.1176317,37.4555593],[127.1175039,37.4557744],[127.117499,37.4559671],[127.1174859,37.4563445],[127.1175362,37.4568328],[127.117615,37.4572217],[127.1176866,37.4574928],[127.11776,37.4577816],[127.117802,37.4579005],[127.1178981,37.4580281],[127.1179999,37.458126],[127.1180401,37.4586092],[127.1180709,37.4590425],[127.1181078,37.4593358],[127.1181477,37.4595804],[127.1181933,37.459707],[127.1187257,37.4606347],[127.1193728,37.461831],[127.1199704,37.4628933],[127.1202511,37.4634491],[127.1202345,37.4635551],[127.1203324,37.4636754],[127.1203713,37.4637797],[127.1204216,37.4638931],[127.120533,37.4640198],[127.121378,37.4647996],[127.1214567,37.4649263],[127.121688,37.4651581],[127.1219524,37.465401],[127.1223087,37.4658177],[127.1227173,37.4662366],[127.1228523,37.4664294],[127.1229564,37.4666598],[127.1230575,37.4668518],[127.1231144,37.4669396],[127.1232217,37.4673417],[127.1232225,37.4673819],[127.1232015,37.4674127],[127.1232721,37.467499],[127.1232693,37.467604],[127.12324,37.4681117],[127.1231342,37.4684971],[127.1231111,37.4687329],[127.1227838,37.4692755],[127.1227438,37.4692797],[127.1226743,37.4693303],[127.1226297,37.4693872],[127.122497,37.469582],[127.1223709,37.4696012],[127.1223739,37.4695434],[127.1223517,37.4695158],[127.1223079,37.4694969],[127.1222703,37.469516],[127.1222355,37.4696215],[127.1221989,37.4696387],[127.1221838,37.469664],[127.1221872,37.469689],[127.1222084,37.4697096],[127.1221661,37.4697872],[127.1220635,37.4700607],[127.1218879,37.470179],[127.1219305,37.4703193],[127.1218068,37.4705184],[127.1214781,37.4709457],[127.1211787,37.4713574],[127.1211331,37.4713574],[127.1211163,37.4713777],[127.1211096,37.4714024],[127.1211207,37.4714128],[127.1211424,37.4714205],[127.1211327,37.4714333],[127.120126,37.4727469],[127.1196833,37.4733744],[127.1196927,37.4733952],[127.1196766,37.4734223],[127.1196324,37.4734436],[127.1195881,37.4734383],[127.1195593,37.4734569],[127.1195412,37.473483],[127.1195487,37.4735156],[127.119445,37.4736147],[127.1193025,37.4737948],[127.1191925,37.4739875],[127.1191321,37.4740343],[127.119116,37.4740907],[127.1191196,37.4741379],[127.1189634,37.4744162],[127.1189068,37.4746165],[127.1188827,37.4748027],[127.1188206,37.4749316],[127.1188076,37.4751699],[127.1187502,37.4753732],[127.1187875,37.4754733],[127.1185246,37.4758628],[127.118479,37.4758617],[127.1184415,37.4758772],[127.1184207,37.4759098],[127.1184537,37.4759623],[127.1178129,37.4767759],[127.1175268,37.4769697],[127.1174772,37.4770218],[127.1172952,37.4771593],[127.1172653,37.4771613],[127.1172405,37.4771863],[127.1171929,37.4772443],[127.1170846,37.4773169],[127.1170151,37.4774207],[127.1169086,37.4775274],[127.1168121,37.4775901],[127.1167839,37.4776721],[127.1167476,37.4776822],[127.1167208,37.4776668],[127.1167289,37.4776189],[127.1166645,37.4776083],[127.1165813,37.4776531],[127.1165237,37.4777035],[127.1164593,37.4777014],[127.1164104,37.4777147],[127.1163748,37.477761],[127.1161511,37.4779082],[127.1160865,37.4780301],[127.1160057,37.4783504],[127.1159666,37.4785362],[127.1159249,37.4786912],[127.1159228,37.4788483],[127.1157524,37.4791748],[127.1157069,37.4792749],[127.1156312,37.4793042],[127.1155822,37.4793558],[127.1155956,37.4794064],[127.1156269,37.4794584],[127.1155474,37.4795704],[127.1152999,37.4799498],[127.1152111,37.4800337],[127.1151946,37.4800433],[127.1151896,37.4800548],[127.115198,37.4800662],[127.1150723,37.4802016],[127.1148822,37.480386],[127.1147659,37.4805362],[127.1147072,37.4805983],[127.1146897,37.4805962],[127.1146891,37.4806175],[127.1146314,37.4806984],[127.1145355,37.4807856],[127.1145165,37.4807892],[127.1145271,37.480804],[127.1144899,37.4808702],[127.1144671,37.4808777],[127.1144832,37.4808952],[127.1144088,37.4809926],[127.1142471,37.4811652],[127.1140265,37.4812459],[127.1139904,37.4812404],[127.113883,37.481364],[127.1138683,37.4814417],[127.1137811,37.4815237],[127.1137369,37.481512],[127.1136577,37.4815577],[127.1136188,37.4815524],[127.113415,37.4816556],[127.1133458,37.4816686],[127.1131146,37.4819195],[127.1130494,37.4820444],[127.1128896,37.4822706],[127.1126917,37.4826546],[127.1127294,37.4829418],[127.1127277,37.4831518],[127.1127284,37.4832701],[127.1126517,37.4834058],[127.1127332,37.4833826],[127.1126948,37.4835606],[127.1125862,37.4838213],[127.1125178,37.4839224],[127.1124357,37.4839921],[127.1124107,37.4839969],[127.1123718,37.4840938],[127.1122523,37.4842811],[127.1120229,37.4845812],[127.1119612,37.4846407],[127.1119224,37.4847174],[127.1118017,37.4848914],[127.111665,37.4850518],[127.1116005,37.4851026],[127.1115762,37.4851719],[127.1115133,37.4852761],[127.1114387,37.4853799],[127.1112069,37.4857145],[127.1110952,37.4857997],[127.1106121,37.4865084],[127.1101132,37.4871479],[127.1096416,37.4878013],[127.1094534,37.488012],[127.1094641,37.4880386],[127.1094477,37.4880493],[127.1094333,37.4880493],[127.1093863,37.4880312],[127.1093541,37.4880695],[127.1093702,37.4880769],[127.109326,37.4881525],[127.1091838,37.4881823],[127.1091516,37.4882695],[127.1091986,37.4883121],[127.1090697,37.4884422],[127.1090014,37.4885175],[127.1088834,37.4885898],[127.1088271,37.4885994],[127.1088029,37.4886388],[127.108756,37.488658],[127.1087413,37.4887016],[127.1086662,37.4887723],[127.108575,37.4888218],[127.1085495,37.4888676],[127.1085213,37.4888995],[127.1084958,37.4888873],[127.1084254,37.4890064],[127.1085401,37.4890517],[127.1085317,37.4890626],[127.1085183,37.4890642],[127.1084982,37.4890575],[127.1084838,37.4890485],[127.1084496,37.4890735],[127.1083979,37.4890751],[127.108347,37.4890708],[127.1083269,37.48909],[127.1083087,37.48909],[127.1082551,37.4892161],[127.108148,37.4894582],[127.1079768,37.4896721],[127.1079513,37.4897689],[127.1078964,37.4898572],[127.1077529,37.4899807],[127.1076757,37.4900253],[127.1076042,37.4900954],[127.1075678,37.4901552],[127.1075235,37.4901307],[127.1075061,37.4901658],[127.1074364,37.4901828],[127.1074685,37.4902158],[127.1074122,37.490351],[127.1074618,37.4903425],[127.1075021,37.4903467],[127.1074565,37.4904361],[127.1074551,37.4904882],[127.1074055,37.4905468],[127.1073653,37.4906766],[127.1072546,37.4909034],[127.1069656,37.4911788],[127.1065799,37.4914986],[127.1064037,37.4916321],[127.1063829,37.4916247],[127.1063628,37.4916258],[127.1063497,37.4916428],[127.1063561,37.4916662],[127.1062951,37.4917034],[127.1062669,37.4916964],[127.1062502,37.491704],[127.1062475,37.4917226],[127.1062622,37.4917401],[127.1061901,37.4918048],[127.1061462,37.4917936],[127.1061268,37.4918085],[127.1061124,37.4918266],[127.1061221,37.4918577],[127.1059491,37.4919737],[127.1058981,37.4919609],[127.1058539,37.4920067],[127.1058237,37.4920322],[127.1057801,37.4920525],[127.1058176,37.4920897],[127.1056289,37.4922263],[127.1046549,37.4928792],[127.1041909,37.4932112],[127.103641,37.4935259],[127.1033567,37.4935613],[127.1033242,37.4935578],[127.1032991,37.4935453],[127.1032424,37.4935504],[127.1031341,37.493506],[127.1030302,37.4934831],[127.1029991,37.4934675],[127.1030147,37.493456],[127.1029852,37.4934395],[127.1029665,37.4934134],[127.1029175,37.4934107],[127.10289,37.4934012],[127.1028746,37.4934052],[127.1028766,37.4934161],[127.1028183,37.4934272],[127.1028156,37.4934384],[127.1027861,37.4934412],[127.1027546,37.493432],[127.1027338,37.4934536],[127.1026694,37.4934671],[127.1025963,37.4934608],[127.1025401,37.4934816],[127.1019108,37.4938559],[127.1016884,37.493988],[127.101226,37.4940458],[127.1007389,37.4943349],[127.1005297,37.4946115],[127.1001822,37.4948163],[127.0997959,37.4950659],[127.0995775,37.495301],[127.0987071,37.4956447],[127.0985851,37.4956756],[127.0985462,37.4956479],[127.098282,37.495799],[127.0978515,37.4959873],[127.0973925,37.4961504],[127.0969985,37.4962853],[127.0969006,37.4962916],[127.0967813,37.4963246],[127.0965707,37.496398],[127.0965439,37.4963693],[127.0962703,37.4964481],[127.091633,37.4979821],[127.0909408,37.4982175],[127.0906967,37.4981952],[127.0904969,37.4982271],[127.0902957,37.4982212],[127.0898826,37.4981249],[127.089825,37.4981324],[127.0896976,37.4981079],[127.0896292,37.4980653],[127.0894991,37.4980909],[127.0893395,37.4980781],[127.0891719,37.4981249],[127.0886596,37.4983005],[127.0884208,37.4984048],[127.0882324,37.4985287],[127.088328,37.498509],[127.0883045,37.4985298],[127.0883357,37.4985292],[127.0883404,37.4985404],[127.0881841,37.4986186],[127.0881841,37.4986521],[127.0881455,37.4986815],[127.0879065,37.4987708],[127.0877114,37.4988899],[127.0876725,37.4989713],[127.0876805,37.4990676],[127.0878194,37.4989963],[127.0880185,37.4989219],[127.088158,37.4988921],[127.0882237,37.4988931],[127.0882931,37.4988958],[127.0883404,37.4988734],[127.0883873,37.4988623],[127.0884141,37.4988708],[127.088512,37.4988197],[127.0887246,37.4987569],[127.0887407,37.4987641],[127.0887561,37.4987734],[127.0886743,37.4988814],[127.0886314,37.498907],[127.0886569,37.4989418],[127.0884584,37.4990144],[127.0884007,37.4990086],[127.0883773,37.4989894],[127.0883685,37.4989676],[127.0883397,37.4989346],[127.0883736,37.4988804],[127.0882425,37.4989485],[127.0880983,37.4989985],[127.0880587,37.4989963],[127.0880319,37.4990181],[127.0879937,37.4990346],[127.0879759,37.4990498],[127.087968,37.4990668],[127.087936,37.4991094],[127.0879474,37.4991253],[127.0879146,37.4991469],[127.0878737,37.499164],[127.0878448,37.4991613],[127.0878381,37.4991783],[127.0877966,37.4992065],[127.087761,37.4992097],[127.0877717,37.4992219],[127.0877161,37.4992485],[127.0877603,37.4992687],[127.0873431,37.4994105],[127.0869939,37.4995305],[127.0866303,37.4996373],[127.0865533,37.4996358],[127.0865359,37.4996305],[127.0865195,37.4996204],[127.086493,37.4996183],[127.0864799,37.4996118],[127.0864709,37.4996007],[127.0864662,37.4995741],[127.0863897,37.4995517],[127.0863496,37.4995185],[127.0862804,37.4995156],[127.0862449,37.4995289],[127.0862524,37.499536],[127.0862375,37.4995549],[127.0861064,37.4996011],[127.0859908,37.4996209],[127.0859619,37.4996491],[127.0859254,37.4996584],[127.0859039,37.4996693],[127.0858875,37.4996698],[127.0858573,37.4996709],[127.085856,37.4996821],[127.0858271,37.4996996],[127.0856991,37.4997778],[127.0854797,37.4998654],[127.0850198,37.5000497],[127.0847972,37.5001114],[127.0845502,37.5002082],[127.0845135,37.5001997],[127.0844894,37.5002042],[127.0844129,37.5002013],[127.0842497,37.5002167],[127.0840293,37.50028],[127.0839999,37.5002704],[127.0839674,37.5002702],[127.0839231,37.5003064],[127.0838691,37.5003205],[127.0838017,37.500322],[127.0837424,37.5003311],[127.0835674,37.5003604],[127.0834225,37.5003627],[127.082918,37.500498],[127.0825572,37.5007709],[127.0824771,37.5007955],[127.0824683,37.500821],[127.0824462,37.5008445],[127.0823285,37.5008873],[127.0822058,37.5009233],[127.0821555,37.5009314],[127.0821311,37.5009147],[127.0820707,37.5009216],[127.0820104,37.5009466],[127.0819758,37.5009551],[127.0819379,37.5009604],[127.0819011,37.5009587],[127.0818598,37.5009514],[127.0817515,37.5009785],[127.0816027,37.5009998],[127.081496,37.5010001],[127.0814484,37.5010179],[127.0814344,37.5010354],[127.0813908,37.5010583],[127.0813157,37.5010844],[127.0812815,37.5010828],[127.0812412,37.5010791],[127.0812124,37.501103],[127.0811795,37.5011083],[127.0811809,37.5011227],[127.0811643,37.5011378],[127.0811071,37.5011541],[127.0810213,37.5011434],[127.0809368,37.5011636],[127.0808959,37.5011551],[127.080855,37.5011764],[127.0807798,37.5011928],[127.0807608,37.5011807],[127.0807561,37.50117],[127.080743,37.5011636],[127.0806632,37.5011769],[127.080633,37.5011945],[127.0805988,37.5011974],[127.0805687,37.501195],[127.0805365,37.5012211],[127.0804051,37.5012477],[127.0803165,37.5012679],[127.0803232,37.5012988],[127.0802321,37.5012966],[127.0798207,37.5014281],[127.0796165,37.5014634],[127.0794033,37.5014903],[127.0792376,37.5015318],[127.0790666,37.5015461],[127.0788088,37.5016197],[127.078673,37.5016419],[127.0785684,37.5016323],[127.0785483,37.50161],[127.0785141,37.5016195],[127.0784544,37.5016105],[127.0784268,37.5016166],[127.0784145,37.5016153],[127.0784001,37.5016084],[127.0783887,37.5016161],[127.0783646,37.5016179],[127.0783558,37.5017366],[127.0783921,37.5018563],[127.0783304,37.5018656],[127.0782727,37.5018765],[127.0782546,37.5017821],[127.0782258,37.5016892],[127.078152,37.5016701],[127.0780018,37.5016914],[127.0779186,37.5016882],[127.0778865,37.5017137],[127.0778114,37.5017403],[127.0778516,37.5018648],[127.0778275,37.5019212],[127.0777525,37.5019371],[127.0776772,37.5019531],[127.0776571,37.5019467],[127.0776461,37.5019268],[127.0776233,37.5019121],[127.0776095,37.5018823],[127.0776216,37.5018483],[127.0776501,37.5018355],[127.0776632,37.5018483],[127.0776796,37.5018387],[127.0776937,37.5018301],[127.0776946,37.5018253],[127.0776911,37.5018224],[127.0776672,37.5018246],[127.0776635,37.5018039],[127.0776558,37.501785],[127.0776303,37.5017754],[127.0775619,37.5017903],[127.0774788,37.5017983],[127.0773688,37.501819],[127.0773064,37.5018206],[127.0772642,37.5018313],[127.0772206,37.5018286],[127.0772052,37.501844],[127.0771351,37.501851],[127.0772092,37.5019254],[127.0771884,37.5019579],[127.0771723,37.5019573],[127.0771629,37.5019475],[127.0771321,37.5019744],[127.0771331,37.5019943],[127.0771512,37.5020089],[127.0771864,37.5020289],[127.0771877,37.5020105],[127.0772102,37.5020201],[127.077234,37.5019874],[127.0772823,37.5020978],[127.0771314,37.5021292],[127.077057,37.5020095],[127.0770074,37.5018871],[127.076951,37.5018861],[127.0768994,37.5018978],[127.07689,37.5019137],[127.0767546,37.5019595],[127.0766392,37.5019776],[127.0764783,37.5020244],[127.0762382,37.5020925],[127.0760516,37.5020947],[127.0758718,37.5021553],[127.0756158,37.5022392],[127.0754859,37.502285],[127.0752906,37.5023269],[127.0751761,37.502384],[127.0747657,37.502484],[127.0744016,37.5025734],[127.0743721,37.5025707],[127.0743419,37.5025595],[127.0738455,37.502721],[127.0737597,37.502623],[127.0736647,37.5025425],[127.0734447,37.5025042],[127.0733468,37.5025106],[127.0733051,37.502498],[127.0732677,37.5025212],[127.0732194,37.5025212],[127.0731825,37.5025],[127.0731433,37.5025268],[127.0730947,37.5025547],[127.0729539,37.5025686],[127.0728927,37.5026015],[127.0721946,37.5027438],[127.072058,37.50275],[127.0718837,37.5027989],[127.0718689,37.5028298],[127.0719856,37.5028425],[127.0719635,37.5028707],[127.0719125,37.5028883],[127.0718716,37.5028808],[127.0718367,37.5028931],[127.0717771,37.502883],[127.0716302,37.502966],[127.0715537,37.5029797],[127.0714384,37.5030559],[127.0713167,37.5031183],[127.0712171,37.5031362],[127.0711615,37.5031745],[127.0710921,37.5032064],[127.0710676,37.5032056],[127.0710398,37.5032099],[127.0710224,37.503224],[127.0710197,37.5032399],[127.0709918,37.5032482],[127.0709761,37.5032458],[127.0709617,37.5032506],[127.0709271,37.5032947],[127.070909,37.5032955],[127.0709047,37.5033053],[127.0709208,37.5033178],[127.0709429,37.5033216],[127.0709711,37.5033101],[127.0709925,37.5033006],[127.0710163,37.5033045],[127.0710317,37.5032971],[127.0710348,37.5032833],[127.0710529,37.5032782],[127.0710696,37.5032787],[127.0710773,37.5032897],[127.0710767,37.5033048],[127.071023,37.5033426],[127.0709784,37.5033851],[127.0709563,37.503378],[127.0709291,37.5033777],[127.0709087,37.5034038],[127.0708859,37.5034298],[127.0708691,37.5034354],[127.0708329,37.5034224],[127.0707981,37.5034059],[127.0707548,37.503445],[127.0706968,37.5034785],[127.0706928,37.5034939],[127.0707105,37.5034969],[127.0707283,37.5034945],[127.0707478,37.503474],[127.070814,37.5034777],[127.0708225,37.5034873],[127.0708249,37.5034976],[127.0708175,37.5035131],[127.0708022,37.5035219],[127.0707883,37.5035273],[127.0707813,37.5035189],[127.0707813,37.5035067],[127.0707397,37.5035301],[127.0706827,37.5035479],[127.0706807,37.5035635],[127.070675,37.5035791],[127.0703877,37.5038162],[127.070385,37.5038522],[127.0703541,37.5038921],[127.0702938,37.503973],[127.0702148,37.5040487],[127.0701935,37.5040097],[127.0699777,37.5044518],[127.0698908,37.5045682],[127.0698921,37.5046352],[127.0698553,37.5046634],[127.0698685,37.5047009],[127.0698008,37.505421],[127.0697728,37.5056098],[127.0696943,37.5058245],[127.0696325,37.5061995],[127.0695968,37.5062247],[127.0695864,37.5062497],[127.0695837,37.5062752],[127.0695984,37.5062994],[127.0696269,37.5063159],[127.0695595,37.506646],[127.0695011,37.5068369],[127.0695421,37.5068513],[127.0695274,37.5069034],[127.0694952,37.5069545],[127.0695502,37.5070109],[127.0695113,37.5073109],[127.0695274,37.5074886],[127.0694373,37.5079531],[127.0694107,37.5080769],[127.069412,37.5082035],[127.0693946,37.5083258],[127.0694013,37.5084205],[127.0693001,37.5091251],[127.0690918,37.5106321],[127.0682399,37.5105003],[127.0682268,37.5105314],[127.0683639,37.5105726],[127.0690814,37.5106886],[127.0686107,37.5138741],[127.0678799,37.5186159],[127.067906,37.5186152],[127.0676851,37.5198599],[127.0676784,37.5199423],[127.0676861,37.5200038],[127.0676895,37.5200389],[127.0677061,37.5200846],[127.067727,37.520122],[127.0677528,37.5201538],[127.0677858,37.5201856],[127.0678324,37.5202188],[127.0678777,37.5202446],[127.0679213,37.5202665],[127.0679617,37.5202835],[127.068023,37.5203052],[127.0680671,37.5203146],[127.0681297,37.5203197],[127.0671425,37.5204265],[127.065913,37.5205484],[127.0660018,37.5204541],[127.0660697,37.5203477],[127.0662438,37.5201876],[127.0663726,37.5199969],[127.0664571,37.5198743],[127.0665503,37.5197583],[127.0666205,37.5196413],[127.0666662,37.5195676],[127.0667095,37.5194787],[127.0667522,37.5193195],[127.0667642,37.5192652],[127.0667686,37.5192185],[127.0667652,37.5191854],[127.0667561,37.5191484],[127.0667463,37.5191],[127.0667823,37.5188054],[127.0670077,37.5174903],[127.0672354,37.5162571],[127.0673038,37.5160201],[127.0676639,37.5137672],[127.0679914,37.5115154],[127.068031,37.5113016],[127.0680554,37.5110966],[127.0680772,37.5108656],[127.0680673,37.510738],[127.0680381,37.5106419],[127.0680841,37.5104763],[127.0682925,37.5098237],[127.0683166,37.5096273],[127.0683574,37.5093806],[127.0684306,37.5089135],[127.0684717,37.5086065],[127.0685106,37.5083927],[127.0685273,37.5081549],[127.0685427,37.5080311],[127.0685723,37.5079137],[127.0685585,37.5078382],[127.0685365,37.5077691],[127.068521,37.5076986],[127.0685234,37.5076417],[127.068532,37.5075138],[127.0685714,37.5073435],[127.0685985,37.5071496],[127.0686358,37.5069573],[127.0686939,37.5066481],[127.0687066,37.5065848],[127.0687103,37.5065205],[127.0687457,37.5063483],[127.0687957,37.5060591],[127.0688274,37.5058635],[127.0690182,37.5057696],[127.0690266,37.505776],[127.0690368,37.5057756],[127.0691492,37.5056959],[127.0691619,37.5056672],[127.0691693,37.5056412],[127.0691604,37.5056128],[127.0692604,37.5053278],[127.0692558,37.5052949],[127.0692363,37.5052744],[127.0691573,37.5052496],[127.0692149,37.505031],[127.0693383,37.5050297],[127.0693671,37.5050182],[127.0693818,37.5049943],[127.0694274,37.5047773],[127.069443,37.50456],[127.0695475,37.5043033],[127.0696655,37.5040767],[127.0699846,37.5036599],[127.07045,37.5031427],[127.0706874,37.5029146],[127.0709389,37.5026973],[127.071244,37.5024787],[127.0711615,37.5024374],[127.071252,37.5023842],[127.0716342,37.5021797],[127.0720996,37.5019903],[127.07209,37.5019555],[127.073117,37.5016534],[127.0732584,37.5016251],[127.073353,37.5016087],[127.0743491,37.501411],[127.0746477,37.5014711],[127.0747174,37.5014264],[127.0749079,37.5014232],[127.0749682,37.5014626],[127.0751707,37.5014839],[127.0753182,37.5015179],[127.0755597,37.5014386],[127.0757266,37.5014153],[127.0757695,37.501402],[127.0758527,37.5013919],[127.0758533,37.5014131],[127.0758735,37.5014137],[127.0758825,37.501395],[127.0759016,37.5013828],[127.076027,37.5013631],[127.0761618,37.5013685],[127.0762175,37.501419],[127.0762765,37.5014355],[127.0762832,37.5014105],[127.0763616,37.5013956],[127.076363,37.5013716],[127.0763529,37.5013498],[127.0763831,37.5013211],[127.0764367,37.501282],[127.0765185,37.5012626],[127.076709,37.5012551],[127.0768149,37.5012115],[127.0771351,37.501133],[127.0772012,37.5011807],[127.0772494,37.5011562],[127.0773198,37.5011631],[127.0773809,37.5011828],[127.0774613,37.5011658],[127.0775156,37.5011924],[127.0775807,37.5011647],[127.0775981,37.5011987],[127.0776303,37.5012179],[127.0778287,37.5012137],[127.0782976,37.5010863],[127.0783659,37.5010791],[127.0785604,37.5010115],[127.0785731,37.5009828],[127.0785939,37.5009647],[127.0787171,37.5009432],[127.0787555,37.5009407],[127.078779,37.5009498],[127.0788138,37.5009301],[127.0788474,37.5009402],[127.0788621,37.5009641],[127.0788467,37.5009849],[127.0787716,37.5010211],[127.0787535,37.5010381],[127.0787682,37.5010572],[127.0790358,37.5010392],[127.079355,37.500987],[127.079619,37.5009021],[127.0799866,37.5008317],[127.0803849,37.5007902],[127.0805888,37.5007391],[127.080735,37.5007689],[127.0808087,37.5007514],[127.0808273,37.5007222],[127.0810837,37.5006104],[127.081203,37.5005891],[127.0812251,37.5005519],[127.0812164,37.5005175],[127.0817672,37.5003437],[127.0825736,37.5001124],[127.0828445,37.5000082],[127.0828995,37.5000209],[127.0829384,37.4999571],[127.0831309,37.4998359],[127.0835339,37.4996666],[127.083611,37.4996557],[127.0837551,37.4995996],[127.0838866,37.4995996],[127.0853323,37.4992682],[127.0853657,37.4993005],[127.0854003,37.4992974],[127.0854268,37.4992772],[127.0853215,37.4992198],[127.085233,37.4991394],[127.0851707,37.4990394],[127.085117,37.4988373],[127.0852049,37.4988144],[127.0853772,37.4990102],[127.0854141,37.4990304],[127.0854382,37.4990586],[127.0855214,37.4990852],[127.0856152,37.4990745],[127.0857172,37.4990378],[127.0857494,37.4991155],[127.0857983,37.4991432],[127.0858486,37.4991581],[127.0858781,37.4991315],[127.086025,37.4990985],[127.0860773,37.4990788],[127.0861141,37.4990421],[127.0863998,37.4989272],[127.0864266,37.4988974],[127.0865513,37.4988974],[127.0865702,37.4988231],[127.0868678,37.498741],[127.0869496,37.4986857],[127.0872112,37.4985963],[127.0873412,37.4985989],[127.0874378,37.4985612],[127.0874311,37.4985396],[127.087457,37.4985235],[127.0876369,37.4983805],[127.0883444,37.498143],[127.0883578,37.498113],[127.088329,37.4980563],[127.0883152,37.4979595],[127.0883954,37.4979382],[127.0885043,37.4980379],[127.089085,37.4978213],[127.0902734,37.4974116],[127.0910085,37.4971007],[127.091842,37.4968503],[127.0926292,37.4966438],[127.0926339,37.4965959],[127.092648,37.4965789],[127.0926359,37.496531],[127.0926728,37.4965034],[127.0926735,37.496447],[127.092656,37.4964207],[127.0926265,37.4964204],[127.0925796,37.4963523],[127.0925327,37.4963672],[127.0925065,37.4963693],[127.0924938,37.4963342],[127.0925353,37.4962725],[127.0925796,37.4963268],[127.0926587,37.4963097],[127.0928817,37.4965208],[127.0932059,37.4963933],[127.0932616,37.4963677],[127.0932897,37.4963964],[127.0933373,37.4964097],[127.0936002,37.496348],[127.0936713,37.4963374],[127.093745,37.4963502],[127.0938054,37.4963342],[127.0938376,37.4962927],[127.0938922,37.4962678],[127.0939368,37.4961512],[127.093918,37.496131],[127.093969,37.4960937],[127.0940481,37.4960512],[127.0941475,37.496019],[127.0943338,37.4960373],[127.0945236,37.4960724],[127.0945229,37.4962129],[127.0946583,37.496331],[127.0948514,37.4964161],[127.0952931,37.4963157],[127.0960154,37.4961319],[127.0965131,37.496015],[127.0965479,37.4960586],[127.0969007,37.4959146],[127.0971943,37.4957756],[127.0972124,37.4957498],[127.0972121,37.4957255],[127.097819,37.4955176],[127.0988198,37.4952212],[127.0989653,37.4951372],[127.0989887,37.4951505],[127.099092,37.4951031],[127.099155,37.4950515],[127.0991912,37.4950978],[127.0992516,37.4950297],[127.0992932,37.4949898],[127.099611,37.4948626],[127.1001153,37.494404],[127.1002427,37.4942519],[127.1004125,37.4941025],[127.1011063,37.4937645],[127.1012324,37.4937401],[127.1011895,37.4936709],[127.1012181,37.4936351],[127.1020102,37.4933091],[127.1020424,37.4932272],[127.1021581,37.4931478],[127.1025413,37.4929846],[127.1026352,37.4929963],[127.1027334,37.4929221],[127.1030939,37.4927484],[127.1037696,37.4925475],[127.1049111,37.4919875],[127.1049573,37.491962],[127.1050747,37.4918051],[127.1051002,37.4918136],[127.1051203,37.4918311],[127.1049835,37.4919875],[127.1049553,37.4920078],[127.1049942,37.4920216],[127.1053903,37.4918833],[127.1058539,37.4916151],[127.1059987,37.49158],[127.1061395,37.4913884],[127.1064453,37.4910863],[127.1064372,37.4910426],[127.1064965,37.4909945],[127.1064909,37.4909096],[127.1065579,37.4908234],[127.1065519,37.4908101],[127.1065767,37.4907468],[127.1065915,37.490667],[127.1066545,37.4906058],[127.1066538,37.4905627],[127.1066773,37.4905287],[127.1068154,37.4905127],[127.1069616,37.4903914],[127.1069656,37.4903414],[127.1069925,37.4902829],[127.1069589,37.4902126],[127.1067806,37.490218],[127.1067524,37.4902105],[127.1067363,37.4901924],[127.1067202,37.4901477],[127.106756,37.4901011],[127.106786,37.490062],[127.1069462,37.4900605],[127.107024,37.4900764],[127.1070099,37.4900211],[127.1070374,37.4899897],[127.1071111,37.4899897],[127.1071118,37.4899594],[127.1071406,37.4899578],[127.1071306,37.4899083],[127.1071614,37.4898742],[127.1071655,37.4898455],[127.1071909,37.4898189],[127.107258,37.4896806],[127.107342,37.4895748],[127.1073546,37.4895215],[127.107378,37.4894938],[127.1074866,37.4893768],[127.1075222,37.4892592],[127.1076801,37.489019],[127.1076707,37.4889957],[127.1076731,37.4889788],[127.1076536,37.4889719],[127.1076489,37.4889495],[127.107657,37.4889266],[127.1076003,37.4888308],[127.1077234,37.4887154],[127.1078226,37.4886665],[127.1078622,37.4885515],[127.1079133,37.4884347],[127.107899,37.4883866],[127.107891,37.4882876],[127.1078937,37.4882488],[127.1079166,37.488214],[127.1079212,37.4881413],[127.1079397,37.4880675],[127.1079386,37.488029],[127.1079379,37.4879817],[127.1079674,37.4879705],[127.108003,37.4879652],[127.1080445,37.4879987],[127.1081261,37.4879732],[127.1083349,37.4879703],[127.1089005,37.487762],[127.1091813,37.4875626],[127.109387,37.4873121],[127.109515,37.4871552],[127.1096634,37.4869796],[127.1097337,37.4868532],[127.1098141,37.4867563],[127.1098288,37.4866907],[127.109916,37.4865036],[127.1101122,37.4862627],[127.1103227,37.4860579],[127.1104445,37.4859124],[127.110649,37.4857454],[127.1106885,37.4857858],[127.1107085,37.4857727],[127.1107242,37.4857624],[127.1107373,37.485737],[127.1107341,37.4857134],[127.1106959,37.4856733],[127.1107623,37.4855751],[127.1108273,37.4854932],[127.1108528,37.4855155],[127.1108817,37.4855251],[127.1110175,37.4853161],[127.1110044,37.4852825],[127.1110104,37.4852452],[127.1110245,37.4852181],[127.1110547,37.4851963],[127.1110956,37.4852122],[127.1111298,37.4852415],[127.1113162,37.4850643],[127.111338,37.485014],[127.1115757,37.4847852],[127.1120415,37.4842537],[127.1120521,37.4842262],[127.1120498,37.4841972],[127.1120603,37.4841735],[127.1120356,37.48406],[127.1119592,37.4840602],[127.1119515,37.4840532],[127.1119453,37.4840452],[127.111945,37.4840266],[127.111935,37.4838552],[127.1119787,37.4837048],[127.1119767,37.4836779],[127.1119653,37.4836542],[127.1119313,37.4836547],[127.1118875,37.4835425],[127.1119022,37.483501],[127.1118848,37.483435],[127.1119411,37.4833473],[127.1121584,37.4832179],[127.1122006,37.4831333],[127.1122116,37.4830375],[127.112346,37.4827222],[127.112326,37.4825996],[127.1123589,37.4825592],[127.1124572,37.482512],[127.1124367,37.4824644],[127.1124259,37.4824134],[127.1124642,37.4823649],[127.1125125,37.4823149],[127.1126043,37.4822383],[127.1126244,37.4821989],[127.1127016,37.482122],[127.1126841,37.4820968],[127.1127424,37.4819542],[127.1127868,37.4819043],[127.1128423,37.4818664],[127.1129694,37.4816757],[127.1130004,37.4816446],[127.1130026,37.4816269],[127.1130596,37.4815302],[127.1130831,37.4814582],[127.113071,37.481397],[127.1130988,37.4813586],[127.1131732,37.4812],[127.1133296,37.4810136],[127.1134351,37.4808605],[127.1135458,37.4807024],[127.1136021,37.4806361],[127.1138059,37.4806627],[127.1139144,37.4806203],[127.1139307,37.4806313],[127.1140767,37.480554],[127.1146367,37.4800774],[127.1148479,37.4798489],[127.1149979,37.4796676],[127.1150679,37.4796479],[127.1150988,37.4796309],[127.1151155,37.4796064],[127.1151061,37.4795833],[127.1151008,37.479558],[127.1151343,37.4795016],[127.115204,37.4794399],[127.1154335,37.4791535],[127.1156191,37.4786765],[127.1156171,37.478647],[127.1156003,37.4786284],[127.1156312,37.4785857],[127.1156701,37.4784714],[127.1157004,37.4784229],[127.1156533,37.4782926],[127.1156815,37.4782277],[127.1156857,37.4781643],[127.115749,37.4779271],[127.1158411,37.4777775],[127.1159117,37.4775338],[127.1159819,37.4773289],[127.1160221,37.4772805],[127.1161106,37.4771048],[127.116288,37.4768173],[127.1165402,37.4766909],[127.1166819,37.4766014],[127.1167235,37.4765865],[127.116751,37.4765908],[127.1168407,37.4765505],[127.1168576,37.4764413],[127.1169032,37.4763364],[127.1169119,37.476206],[127.1169139,37.4761818],[127.1169203,37.4761802],[127.116924,37.4761568],[127.1169322,37.4761551],[127.1169377,37.4761103],[127.1169451,37.4761076],[127.1169569,37.4760618],[127.116975,37.4760565],[127.116975,37.4760395],[127.1169857,37.4760214],[127.1169917,37.4760022],[127.117036,37.4760075],[127.1170363,37.4756381],[127.1175512,37.4749411],[127.1176978,37.474749],[127.1177562,37.4746354],[127.1177738,37.4746294],[127.1177964,37.4746261],[127.1178059,37.4746104],[127.1177975,37.4745958],[127.118047,37.4742414],[127.1185682,37.4735729],[127.1186399,37.4735419],[127.118653,37.4734885],[127.1186943,37.4734452],[127.1187224,37.4734473],[127.1187848,37.4733457],[127.1188136,37.4732717],[127.1188428,37.473235],[127.1188768,37.4732014],[127.1189055,37.4732113],[127.1189142,37.4731938],[127.1189152,37.473177],[127.1189625,37.4731163],[127.1189548,37.473108],[127.118955,37.4730961],[127.1190731,37.4729159],[127.1190763,37.4729103],[127.1190823,37.4729077],[127.1190906,37.4729081],[127.1190982,37.4729115],[127.1192096,37.4727786],[127.1192077,37.4727596],[127.1191992,37.4727475],[127.1193115,37.47257],[127.1194265,37.4723665],[127.1194854,37.472355],[127.1194969,37.4723271],[127.1195331,37.4723037],[127.1195271,37.4722765],[127.1195325,37.4722445],[127.119692,37.4720269],[127.1198369,37.4718412],[127.1200072,37.471656],[127.1200367,37.4716704],[127.1200642,37.4716406],[127.1200555,37.4716076],[127.1201581,37.4714426],[127.1202953,37.471331],[127.1205314,37.4710477],[127.1207535,37.4708289],[127.1207388,37.4708173],[127.1207448,37.470797],[127.1207502,37.4707832],[127.1207636,37.4707715],[127.1208099,37.4707917],[127.1208769,37.4707534],[127.1208689,37.4707374],[127.1208883,37.4707108],[127.1209352,37.4706885],[127.1209536,37.4706682],[127.1213061,37.4701728],[127.1213543,37.4701834],[127.1214174,37.4701547],[127.1214268,37.4700876],[127.1214221,37.4700469],[127.1213857,37.4700219],[127.1213837,37.4700126],[127.1213929,37.4700096],[127.1214321,37.470023],[127.121467,37.4699993],[127.1214549,37.4699673],[127.121642,37.4697066],[127.1217164,37.4696885],[127.1217716,37.4696339],[127.1219163,37.4694511],[127.1220318,37.4692555],[127.1219927,37.4691786],[127.1220316,37.4690658],[127.1220777,37.4690769],[127.1222163,37.468908],[127.1224869,37.4684072],[127.1226324,37.4683313],[127.1226509,37.4682272],[127.1226711,37.46805],[127.1226887,37.4678864],[127.1226771,37.4677212],[127.1226058,37.4674254],[127.1225168,37.467182],[127.1224,37.4670391],[127.1223544,37.4667831],[127.1222371,37.4665707],[127.1220953,37.4663875],[127.1220353,37.4663286],[127.1219887,37.4662636],[127.1218908,37.4661716],[127.1218162,37.4660687],[127.121702,37.4659066],[127.12106,37.4651264],[127.1206612,37.4647295],[127.1203807,37.4644557],[127.1201174,37.4641742],[127.1199578,37.4640712],[127.1198348,37.463961],[127.1197779,37.4638278],[127.1196545,37.4636456],[127.1196163,37.4635626],[127.1196118,37.4634906],[127.1196189,37.4633746],[127.1195875,37.4632703],[127.1195811,37.4632315],[127.1194674,37.4631176],[127.1193403,37.4629936],[127.1192171,37.4627011],[127.1188112,37.4617819],[127.1184105,37.4609663],[127.1179974,37.4602147],[127.1177827,37.4598442],[127.1176002,37.4595545],[127.1175247,37.4593157],[127.1174595,37.4588553],[127.1173507,37.4579428],[127.1172647,37.4568867],[127.1172045,37.4560832],[127.1171654,37.4557427],[127.1171839,37.4549852],[127.1172423,37.4549094],[127.1172588,37.454627],[127.1173027,37.4542495],[127.117326,37.4538352],[127.117394,37.4533303],[127.1173692,37.4531295],[127.1172445,37.4528472],[127.1172284,37.4525016],[127.117251,37.4521849],[127.1172961,37.4510831],[127.117305,37.449989],[127.1173119,37.4498111],[127.1173303,37.4489112],[127.1173456,37.4486701],[127.1174191,37.4485627],[127.117402,37.4481757],[127.1173893,37.4478191],[127.1174458,37.4476447],[127.1174729,37.4474493],[127.1175057,37.4472884],[127.1174425,37.4471625],[127.1174448,37.447081],[127.1174709,37.4468841],[127.1174802,37.4467543],[127.1175203,37.4465714],[127.1175039,37.4463589],[127.1174597,37.4462073],[127.1175026,37.44507],[127.1175349,37.4441568],[127.1175571,37.4432398],[127.1176016,37.4429051],[127.1176618,37.4426114],[127.1177742,37.4421775],[127.1179032,37.441709],[127.1180863,37.4412662],[127.11827,37.440815],[127.1183021,37.4407234],[127.1182911,37.4406509],[127.1183335,37.4405827],[127.1184184,37.4405059],[127.1185452,37.4403266],[127.1186808,37.4401555],[127.1188983,37.4397112],[127.1190292,37.4393507],[127.1191343,37.4390759],[127.1191897,37.4388627],[127.1191827,37.4386748],[127.1191794,37.4384097],[127.1190835,37.4380527],[127.1190096,37.4378328],[127.1188768,37.4375516],[127.1188366,37.437381],[127.1187348,37.4371335],[127.118735,37.4369793],[127.1187247,37.4368242],[127.1186182,37.4367185],[127.1185661,37.4364987],[127.1184834,37.4361526],[127.1184333,37.4360164],[127.1184083,37.4358633],[127.1183904,37.435719],[127.1182796,37.435473],[127.1182654,37.4353322],[127.1182262,37.4352296],[127.1181265,37.4350415],[127.1181308,37.4349633],[127.1180537,37.4348666],[127.1180389,37.434784],[127.117945,37.4343973],[127.1179074,37.4342118],[127.1178803,37.4340844],[127.117869,37.4339828],[127.1178142,37.433865],[127.1177902,37.4337487],[127.1177635,37.4336013],[127.117753,37.4335025],[127.1176999,37.433143],[127.1177118,37.4330458],[127.1177575,37.4329193],[127.1176987,37.4327685],[127.1176851,37.432578],[127.1176795,37.4322736],[127.1176895,37.4320227],[127.1176453,37.4317679],[127.1176642,37.4316331],[127.1176433,37.4314731],[127.1176652,37.4313642],[127.1176778,37.4311843],[127.117607,37.4310571],[127.117519,37.4308878],[127.1174717,37.4306514],[127.1173986,37.4302638],[127.1172811,37.4298579],[127.1171211,37.4293611],[127.1171043,37.4292929],[127.1170847,37.4292134],[127.1170283,37.4289844]],[[127.0724872,37.5020664],[127.0724984,37.502085],[127.0725311,37.5020703],[127.072577,37.5020416],[127.0725704,37.5020286],[127.0725169,37.502046],[127.0724872,37.5020664]],[[127.0721698,37.5021676],[127.0720919,37.5022372],[127.0720935,37.5022611],[127.0721176,37.5022693],[127.0721814,37.502259],[127.0722251,37.5022392],[127.0723028,37.5021746],[127.0723023,37.502168],[127.0723035,37.5021621],[127.0723107,37.5021628],[127.0723334,37.5021628],[127.0723761,37.5021096],[127.0723754,37.5020969],[127.072367,37.5020919],[127.0722941,37.5021427],[127.0722585,37.5021664],[127.0722055,37.5021834],[127.0721967,37.5021664],[127.0721698,37.5021676]],[[127.0721854,37.5021475],[127.0721821,37.5021614],[127.0721955,37.5021627],[127.0722077,37.5021618],[127.0722498,37.5021441],[127.0722874,37.5021233],[127.0722397,37.5021152],[127.0722179,37.5021233],[127.0722045,37.5021228],[127.0721915,37.5021276],[127.0721951,37.502135],[127.0721831,37.502134],[127.0721729,37.5021466],[127.0721854,37.5021475]],[[127.0864711,37.4993338],[127.0864966,37.4993649],[127.0864268,37.4993878],[127.0864689,37.4994267],[127.086499,37.499473],[127.0865192,37.4994991],[127.0865539,37.4995078],[127.0866405,37.4995092],[127.0867035,37.4994894],[127.0868142,37.4994544],[127.0868789,37.4994228],[127.0869557,37.499407],[127.0870321,37.4994103],[127.0871365,37.4993764],[127.0872058,37.4993363],[127.0872252,37.4992735],[127.0872096,37.4992601],[127.0872192,37.4992389],[127.0872185,37.4992054],[127.0872299,37.4992033],[127.0872353,37.4991852],[127.0872527,37.499173],[127.0872427,37.4991485],[127.0872655,37.4991362],[127.0872615,37.4991164],[127.0872486,37.499116],[127.0872158,37.4990657],[127.0871968,37.499079],[127.0871753,37.4990807],[127.0871568,37.4990751],[127.0871569,37.4990504],[127.0871347,37.4990559],[127.087091,37.4990543],[127.0870271,37.4990768],[127.0869681,37.4990827],[127.0867141,37.4991698],[127.086598,37.4992236],[127.0865212,37.4992613],[127.086443,37.4992986],[127.0864559,37.4993206],[127.0864408,37.4993402],[127.0864711,37.4993338]],[[127.0717096,37.5027332],[127.0716866,37.5027864],[127.0717234,37.5027666],[127.0717627,37.5027459],[127.0718318,37.5027169],[127.0718526,37.5027015],[127.071814,37.5026808],[127.0717547,37.5026678],[127.0717429,37.5026994],[127.0717096,37.5027332]],[[127.0710819,37.5027635],[127.0711067,37.5027771],[127.0711405,37.5027911],[127.0711869,37.5027939],[127.0712273,37.5027892],[127.0712769,37.5027802],[127.0713878,37.5027258],[127.0714354,37.502703],[127.0714772,37.502676],[127.0714829,37.5026466],[127.0714875,37.5026168],[127.0715167,37.5026065],[127.0715285,37.5025864],[127.0714859,37.502583],[127.0714712,37.5025638],[127.0714382,37.5025545],[127.0714045,37.5025595],[127.0713848,37.5025776],[127.0713515,37.5025843],[127.0713138,37.5026385],[127.0712713,37.5026488],[127.0712483,37.5026713],[127.0711781,37.5027055],[127.0711339,37.5027389],[127.0710819,37.5027635]],[[127.072571,37.5024563],[127.0725899,37.5025041],[127.0726146,37.5024755],[127.072632,37.5024614],[127.0726562,37.5024521],[127.0726763,37.5024531],[127.0726971,37.5024585],[127.0727245,37.502467],[127.0728157,37.502409],[127.0729492,37.5023723],[127.0730183,37.5023265],[127.0732731,37.5023191],[127.0734414,37.5023324],[127.0735929,37.5023584],[127.0737538,37.5023643],[127.0739208,37.5023664],[127.0739684,37.5023521],[127.0740201,37.5023441],[127.0740703,37.502342],[127.0741123,37.5023404],[127.0741297,37.5023507],[127.074352,37.5023223],[127.0744063,37.5023095],[127.074582,37.5023053],[127.0746598,37.5022542],[127.0748797,37.5022185],[127.0749159,37.5022414],[127.0750205,37.5022074],[127.0754128,37.5020808],[127.0754205,37.5020973],[127.0754251,37.5021002],[127.0754294,37.5021002],[127.0754335,37.5020985],[127.0754343,37.5020824],[127.0755087,37.5020882],[127.0755449,37.5020563],[127.0757742,37.5019941],[127.0758721,37.5019871],[127.0759284,37.501993],[127.0760203,37.5019717],[127.0761041,37.5019371],[127.0761631,37.5018786],[127.0759244,37.5018658],[127.0758272,37.5018648],[127.0758299,37.5018866],[127.0757809,37.5018956],[127.0756803,37.5019616],[127.0756589,37.5019765],[127.0755778,37.501985],[127.0755187,37.5020058],[127.0754571,37.501993],[127.0755523,37.5019371],[127.075564,37.5019365],[127.0755724,37.5019446],[127.0755895,37.5019297],[127.0756039,37.5019027],[127.0756388,37.501894],[127.075679,37.5018653],[127.0757199,37.5018573],[127.0757199,37.501839],[127.0756703,37.50184],[127.0756613,37.5018298],[127.0756763,37.5018228],[127.0757725,37.5018275],[127.0757772,37.5018422],[127.0758017,37.5018414],[127.0758269,37.5018326],[127.0758772,37.5018377],[127.0758805,37.5018315],[127.075878,37.501824],[127.0757923,37.5017983],[127.0756388,37.5017741],[127.0756126,37.5018047],[127.0755415,37.5018111],[127.0754919,37.501786],[127.0754041,37.5017759],[127.0751426,37.5017743],[127.0750963,37.5017568],[127.0750782,37.5017717],[127.075038,37.5017749],[127.0750205,37.50176],[127.0750152,37.5017408],[127.0749555,37.5017286],[127.0749675,37.5017584],[127.0749313,37.5017743],[127.074869,37.5017493],[127.0748375,37.5017509],[127.0748046,37.5017254],[127.0747342,37.5017403],[127.0747178,37.5017177],[127.0743567,37.5017286],[127.0743111,37.5017206],[127.0738524,37.5017616],[127.0734199,37.5018281],[127.0733173,37.5018345],[127.0732315,37.5018504],[127.0730283,37.5019265],[127.0729733,37.5019941],[127.0728634,37.5022212],[127.0728278,37.5022765],[127.0727997,37.5022765],[127.0727688,37.5023068],[127.0727554,37.5023255],[127.0727336,37.5023263],[127.0726981,37.5023574],[127.0726818,37.5023541],[127.072571,37.5024563]],[[127.0816737,37.5005753],[127.0817227,37.5005348],[127.0817172,37.5005255],[127.0817046,37.5005277],[127.0815398,37.5005597],[127.0815125,37.5005468],[127.0815084,37.5005274],[127.0814927,37.5005178],[127.0814699,37.5005178],[127.0814484,37.500521],[127.0814377,37.500534],[127.0814042,37.5005447],[127.0813896,37.500553],[127.0814404,37.5005577],[127.0814421,37.5005633],[127.0814055,37.50057],[127.0813716,37.5005675],[127.0813452,37.5005867],[127.0812942,37.5006114],[127.0812935,37.5006258],[127.0812614,37.5006418],[127.0811527,37.5006798],[127.0810826,37.5007003],[127.0810676,37.5007008],[127.0810595,37.500696],[127.0810099,37.500717],[127.0810129,37.5007303],[127.081022,37.5007391],[127.0810548,37.5007242],[127.0811038,37.5007104],[127.0811688,37.5007056],[127.0812064,37.5006902],[127.0812607,37.5006875],[127.0813177,37.5006726],[127.0813613,37.500646],[127.0814109,37.5006269],[127.0814632,37.5006317],[127.0814987,37.5006497],[127.0815678,37.5006295],[127.0816053,37.5006013],[127.0816737,37.5005753]],[[127.0823725,37.5003598],[127.0821471,37.500488],[127.0821416,37.5004971],[127.0821525,37.5005019],[127.0824362,37.5003848],[127.0823725,37.5003598]],[[127.0831092,37.499986],[127.0830557,37.5000582],[127.0830537,37.5000648],[127.0830608,37.5000696],[127.0831785,37.5000874],[127.0833139,37.500089],[127.0836291,37.5000279],[127.0839442,37.499981],[127.0841642,37.4999427],[127.0843781,37.4998927],[127.084488,37.4998566],[127.0846047,37.4998278],[127.0846336,37.499805],[127.0847341,37.4997949],[127.0847455,37.4997778],[127.0847905,37.4997656],[127.0848434,37.4997103],[127.0849112,37.4996698],[127.0849494,37.4996464],[127.084997,37.4996251],[127.0850386,37.4995906],[127.0850862,37.4995571],[127.085113,37.4994991],[127.0851552,37.4994842],[127.0851526,37.4994661],[127.0851445,37.4994491],[127.085113,37.4994597],[127.0850875,37.4994525],[127.0850617,37.4994645],[127.0850332,37.4994448],[127.084991,37.4994464],[127.0849507,37.4994363],[127.0849004,37.4994629],[127.0848669,37.4994538],[127.0848227,37.499481],[127.0847556,37.4994884],[127.0847502,37.4994794],[127.0844518,37.4995719],[127.0843332,37.4996092],[127.0842332,37.4996523],[127.0841253,37.499681],[127.0840086,37.4997028],[127.0839295,37.499689],[127.083843,37.4996986],[127.0837893,37.4996858],[127.0837504,37.4996948],[127.0837538,37.4997113],[127.0835325,37.49978],[127.0835064,37.4997693],[127.0834219,37.4998395],[127.0833072,37.4999172],[127.0831778,37.4999646],[127.0831563,37.4999608],[127.0831092,37.499986]],[[127.0872346,37.4990644],[127.0872467,37.499082],[127.0872588,37.4990958],[127.0872839,37.4990963],[127.0873267,37.499068],[127.0873057,37.4991086],[127.0873466,37.4992192],[127.0873634,37.4992389],[127.0873211,37.4993187],[127.0873969,37.4993166],[127.0874391,37.4992905],[127.0874412,37.4992778],[127.0874693,37.4992395],[127.0874811,37.4992027],[127.0874978,37.499166],[127.0874925,37.4991493],[127.08747,37.4991432],[127.0874858,37.4991089],[127.0874814,37.4990995],[127.0874915,37.4990644],[127.0874888,37.4990413],[127.0874975,37.4990229],[127.0874824,37.4990086],[127.0874459,37.4990147],[127.0874321,37.4989937],[127.0874043,37.4989868],[127.0873768,37.4989873],[127.0873523,37.4989966],[127.0873184,37.4990192],[127.0872735,37.4990248],[127.0872477,37.4990432],[127.0872346,37.4990644]],[[127.0900664,37.4977504],[127.0897016,37.4978972],[127.0899705,37.4979818],[127.090061,37.4980302],[127.0901079,37.4980302],[127.0900731,37.4980622],[127.0900389,37.4980818],[127.0899883,37.498088],[127.089997,37.498106],[127.0900235,37.4981143],[127.0900878,37.4981143],[127.0901656,37.498142],[127.0902769,37.4981393],[127.0903675,37.4981733],[127.0904228,37.4981651],[127.0904962,37.4981707],[127.0906585,37.4981537],[127.0907644,37.4981473],[127.0908328,37.498167],[127.0909461,37.4981686],[127.091159,37.4981092],[127.0912147,37.4981076],[127.0912962,37.498068],[127.0912801,37.4979595],[127.0912237,37.4978813],[127.0908409,37.4977445],[127.0907718,37.4977004],[127.0907222,37.4976706],[127.0906477,37.4976344],[127.0906658,37.4976679],[127.0905706,37.4976658],[127.0903581,37.497602],[127.0903829,37.497627],[127.0903058,37.4976153],[127.0902461,37.4976371],[127.0903151,37.4976695],[127.0903963,37.4977185],[127.0902662,37.4977158],[127.0901455,37.4977307],[127.0900664,37.4977504]],[[127.0908697,37.4974344],[127.0907919,37.4974791],[127.0908985,37.4975509],[127.0910186,37.4975844],[127.0911098,37.4975887],[127.0911942,37.49761],[127.0913807,37.497594],[127.0915322,37.4975919],[127.0916636,37.497553],[127.0918903,37.4975216],[127.0921692,37.4974386],[127.0923818,37.4973567],[127.0924113,37.4973248],[127.0923664,37.4973041],[127.0923838,37.4972812],[127.0926279,37.4972184],[127.0928022,37.497179],[127.0929699,37.4971546],[127.0930825,37.4971503],[127.0932488,37.4971109],[127.0934124,37.4970886],[127.0938644,37.4969301],[127.0939448,37.4968864],[127.0940548,37.4968513],[127.0941205,37.496797],[127.0942077,37.4967545],[127.0942479,37.4966853],[127.0942835,37.496655],[127.0943331,37.4966289],[127.0944679,37.4966055],[127.0946006,37.4965842],[127.0946422,37.4966034],[127.0947388,37.4965651],[127.0948407,37.4965459],[127.0948488,37.4965119],[127.0947998,37.496497],[127.0948628,37.496481],[127.094887,37.4964693],[127.094889,37.4964496],[127.0948803,37.4964321],[127.09484,37.4964188],[127.094771,37.4964172],[127.0947146,37.4964188],[127.0946664,37.4963789],[127.094596,37.4963576],[127.0945108,37.4962698],[127.0945048,37.4962411],[127.0944451,37.4961863],[127.0944592,37.4961666],[127.0943941,37.4960959],[127.0943069,37.4960831],[127.0942835,37.4960985],[127.0942258,37.4960671],[127.0941715,37.4960751],[127.0941132,37.496074],[127.0940622,37.4960985],[127.0940357,37.4960985],[127.0940179,37.4961062],[127.0939931,37.4961499],[127.0939888,37.4961781],[127.0940089,37.4962017],[127.0939646,37.4962251],[127.0939274,37.4963214],[127.0937933,37.4963948],[127.0936257,37.496422],[127.0935995,37.4964124],[127.0935137,37.4964422],[127.0934124,37.4964672],[127.0933387,37.4964661],[127.0929987,37.4965757],[127.0930061,37.4967274],[127.0929055,37.4968018],[127.0927767,37.4968875],[127.0925729,37.496971],[127.0923677,37.4970471],[127.0919915,37.4972253],[127.0918078,37.4972806],[127.0916824,37.4972806],[127.091608,37.4972769],[127.0915496,37.4972578],[127.0913344,37.4972721],[127.0913096,37.4972876],[127.0912687,37.497295],[127.0911842,37.4972923],[127.0910554,37.4973014],[127.0909864,37.497337],[127.0909287,37.4973839],[127.0908697,37.4974344]],[[127.0914772,37.4970785],[127.0914249,37.4970982],[127.091435,37.4971178],[127.0914598,37.4971178],[127.0914534,37.4971562],[127.0914943,37.4971269],[127.0915684,37.4971407],[127.0916355,37.4971423],[127.0916757,37.4971503],[127.0917334,37.4971625],[127.091785,37.4971625],[127.0918876,37.497145],[127.0919459,37.4971051],[127.0920163,37.4970769],[127.0921645,37.4969423],[127.0922926,37.4969082],[127.0923483,37.4968593],[127.0924374,37.4968141],[127.0924368,37.4967992],[127.09242,37.4967896],[127.0922872,37.496797],[127.0922095,37.4968311],[127.0918534,37.4969056],[127.0918403,37.4969237],[127.0918269,37.4969213],[127.0918209,37.496934],[127.0918034,37.4969375],[127.0917884,37.4969316],[127.0917733,37.496942],[127.0917495,37.4969396],[127.09173,37.4969734],[127.0917075,37.4969803],[127.0916878,37.4969817],[127.0917072,37.4970008],[127.0916734,37.4970229],[127.0916351,37.4970239],[127.0915939,37.4970226],[127.0915516,37.4970492],[127.0915007,37.4970636],[127.0914759,37.4970652],[127.0914772,37.4970785]],[[127.1030483,37.493158],[127.1027318,37.493307],[127.1028421,37.4932969],[127.1029557,37.4933118],[127.1030684,37.4933655],[127.1031763,37.4934097],[127.1032434,37.4934602],[127.1033487,37.493482],[127.1035659,37.4934634],[127.1036296,37.4934469],[127.1036658,37.493415],[127.1036705,37.4933645],[127.103745,37.4933166],[127.1039213,37.4932639],[127.1040259,37.4932006],[127.1041735,37.4931644],[127.1043384,37.4930027],[127.1044618,37.4928878],[127.1044323,37.4928165],[127.1043786,37.4927931],[127.1043183,37.4927941],[127.1042727,37.4927555],[127.1042063,37.492775],[127.1042807,37.4927058],[127.1042345,37.4926675],[127.1041875,37.4926702],[127.1041795,37.4926558],[127.1041513,37.492651],[127.1041225,37.4926388],[127.1040869,37.4926606],[127.1040454,37.4927085],[127.104044,37.4927276],[127.1040149,37.4927223],[127.1039951,37.4927119],[127.1039478,37.4927124],[127.1039086,37.4927196],[127.1038945,37.4927449],[127.1039622,37.4927436],[127.10403,37.4927638],[127.1040467,37.492772],[127.10404,37.4927872],[127.1039897,37.4927856],[127.1039696,37.492775],[127.103916,37.4927888],[127.1038643,37.4927973],[127.1038395,37.4927606],[127.1036249,37.4928255],[127.1036033,37.4928439],[127.1035954,37.4928739],[127.1034268,37.4929346],[127.1033245,37.4929888],[127.1033249,37.4930083],[127.1033554,37.4930085],[127.103462,37.4929785],[127.1035767,37.4929516],[127.1035896,37.4929572],[127.1035968,37.4929676],[127.1035378,37.4929995],[127.1035632,37.493025],[127.1037363,37.4930399],[127.103759,37.4930623],[127.1038261,37.4930825],[127.1037376,37.4930931],[127.1037363,37.4930686],[127.1036544,37.4930676],[127.1034519,37.4931197],[127.1033299,37.4930686],[127.1030483,37.493158]],[[127.1078454,37.4895236],[127.1076301,37.4898136],[127.1076432,37.4898351],[127.107669,37.4898373],[127.1077022,37.4898407],[127.1077341,37.4898285],[127.1077643,37.4897817],[127.1078092,37.489738],[127.1078043,37.4897191],[127.1078052,37.4896987],[127.1078494,37.4896596],[127.1078373,37.4896444],[127.107887,37.4895864],[127.1078809,37.4895396],[127.108013,37.4893911],[127.1079513,37.4893688],[127.1078454,37.4895236]],[[127.1079587,37.4886728],[127.1079218,37.4887207],[127.1080506,37.4887633],[127.1080848,37.4887633],[127.1081197,37.4887399],[127.1080928,37.4887069],[127.108241,37.4886154],[127.1082155,37.488601],[127.1082578,37.4885686],[127.1084087,37.4884483],[127.1084355,37.4883664],[127.1083906,37.4883318],[127.1083336,37.4883313],[127.1082685,37.4883738],[127.1082102,37.4883972],[127.1082209,37.4884132],[127.108176,37.4884286],[127.1081398,37.4884526],[127.1080627,37.4884696],[127.1079795,37.4885883],[127.1079433,37.4886681],[127.1079587,37.4886728]],[[127.1133114,37.4813012],[127.1132318,37.481513],[127.1132517,37.4815174],[127.1132728,37.4815088],[127.1133543,37.481421],[127.1133674,37.4813726],[127.1133922,37.4813396],[127.1134086,37.4813114],[127.1134294,37.4813076],[127.1134338,37.4812776],[127.1134626,37.4812629],[127.1134847,37.4811778],[127.1134703,37.4811501],[127.1134298,37.4811539],[127.1133761,37.4812087],[127.1133503,37.481206],[127.1133114,37.4813012]],[[127.1160007,37.4776804],[127.1159916,37.4776971],[127.1160084,37.4777006],[127.1160275,37.4776923],[127.1161321,37.4775955],[127.1162595,37.4775189],[127.1163802,37.4774094],[127.1164224,37.4773486],[127.1164104,37.4772661],[127.1163899,37.4772666],[127.1163735,37.477256],[127.1163802,37.4772004],[127.1163587,37.4771857],[127.1163738,37.4771621],[127.1163966,37.477144],[127.1163923,37.4771325],[127.1163453,37.4771219],[127.116293,37.4771059],[127.1162337,37.4770947],[127.116183,37.4771123],[127.1161589,37.4772485],[127.1160637,37.4774178],[127.1159966,37.4776019],[127.1160007,37.4776804]],[[127.1163225,37.4768372],[127.1162293,37.4770309],[127.1164191,37.4770208],[127.1164727,37.4770452],[127.1165277,37.4770208],[127.1165317,37.4770013],[127.1165505,37.4769867],[127.1165887,37.4769404],[127.1166444,37.4768989],[127.1167711,37.47676],[127.1168368,37.4766201],[127.1168154,37.476603],[127.1167932,37.4765988],[127.1167624,37.476619],[127.1166243,37.4767158],[127.1165197,37.4767802],[127.1164191,37.4768026],[127.1163225,37.4768372]],[[127.1165059,37.4771535],[127.1164969,37.4771762],[127.116526,37.4771924],[127.1165626,37.4772006],[127.1166011,37.4771735],[127.1166591,37.477157],[127.1166719,37.4771336],[127.1166906,37.4771176],[127.1167,37.4770998],[127.1166937,37.4770828],[127.1167886,37.4770139],[127.1168777,37.4769558],[127.1168784,37.4769388],[127.1169455,37.4769032],[127.116985,37.476908],[127.1170856,37.4768505],[127.1170863,37.4768361],[127.1171634,37.476776],[127.1172043,37.4767685],[127.1174873,37.476537],[127.1175872,37.4765301],[127.1177206,37.4764397],[127.118194,37.4759341],[127.118298,37.4758138],[127.1183791,37.4756776],[127.1183804,37.4754935],[127.1183825,37.4753956],[127.1184053,37.4753823],[127.1184066,37.475353],[127.1183945,37.4753264],[127.1184039,37.4753094],[127.1184126,37.4752114],[127.1184197,37.4751859],[127.1184348,37.4751651],[127.1184353,37.4751572],[127.1184284,37.4751524],[127.1184405,37.4750994],[127.118426,37.4750539],[127.1184388,37.4750348],[127.118416,37.4748371],[127.1184291,37.4748051],[127.1184452,37.4748057],[127.1184344,37.4747703],[127.1184348,37.4747362],[127.1185038,37.4746458],[127.1185159,37.4744933],[127.1184931,37.4744636],[127.1185005,37.4743286],[127.1184918,37.474286],[127.1184844,37.4741785],[127.118471,37.4740705],[127.1185065,37.4740098],[127.1185048,37.473976],[127.1184783,37.4739696],[127.1184522,37.4739954],[127.1184267,37.4740056],[127.1183687,37.4740694],[127.1183127,37.4741056],[127.1182302,37.4742748],[127.1181229,37.4744324],[127.1180864,37.474459],[127.1180445,37.4744824],[127.1179659,37.4745622],[127.1179711,37.4745752],[127.1179909,37.4745824],[127.1180703,37.4745462],[127.1181598,37.4745558],[127.1182765,37.4745058],[127.1181639,37.4746048],[127.1181428,37.474613],[127.1181229,37.4746053],[127.1180827,37.4746138],[127.1180432,37.4746356],[127.1180163,37.4746218],[127.11785,37.47479],[127.1175818,37.4752647],[127.1173599,37.4756084],[127.1171962,37.4759096],[127.1171225,37.4760751],[127.1170796,37.4762295],[127.1170608,37.4763971],[127.1170011,37.4765386],[127.1169924,37.4765716],[127.1170078,37.4765881],[127.1169669,37.4766142],[127.1168865,37.4767616],[127.1168871,37.4767919],[127.1168536,37.4768154],[127.1167222,37.4769447],[127.1166152,37.477046],[127.1165284,37.4770998],[127.116528,37.477116],[127.1165059,37.4771312],[127.1165059,37.4771535]]]}},{"type":"Feature","id":"relation/9856886","properties":{"osmType":"relation","osmId":9856886,"osmVersion":4,"osmTimestamp":"2023-10-12T19:26:24Z","sourceUrl":"https://www.openstreetmap.org/relation/9856886","name":"석촌호수","waterType":"lake","sourceTags":{"name":"석촌호수","name:en":"Seokchon Lake","name:ko":"석촌호수","natural":"water","water":"lake"},"sourceSurveyed":false},"geometry":{"type":"Polygon","coordinates":[[[127.1042933,37.5096639],[127.1044723,37.5097359],[127.1051418,37.510124],[127.1065485,37.5112698],[127.1071423,37.5118801],[127.1072726,37.5121516],[127.1073209,37.5123],[127.1073248,37.5124644],[127.1073268,37.5125811],[127.107301,37.5127045],[127.1072408,37.5128311],[127.1070663,37.5129938],[127.1070238,37.5129878],[127.1069843,37.5129923],[127.1069542,37.5130103],[127.1069364,37.5130331],[127.1067708,37.5130175],[127.1066425,37.5129727],[127.1062791,37.5128016],[127.1059403,37.5126149],[127.1049734,37.5119867],[127.1043779,37.511721],[127.1042305,37.5116706],[127.1036459,37.5115029],[127.1033997,37.511436],[127.1032962,37.5113955],[127.10321,37.5113472],[127.1031256,37.5112888],[127.1030534,37.5112264],[127.1029789,37.5111199],[127.1029339,37.5110027],[127.1029294,37.5109102],[127.1029347,37.5108157],[127.1029618,37.5107257],[127.1030013,37.5106376],[127.1033033,37.5102615],[127.1033051,37.5102384],[127.103288,37.5102154],[127.1024356,37.509708],[127.1024099,37.5097076],[127.1023823,37.5097192],[127.1020109,37.5101075],[127.101916,37.5101609],[127.1017985,37.5102014],[127.1016664,37.5102111],[127.1015246,37.5102029],[127.1004281,37.5099117],[127.1000122,37.509761],[127.099616,37.5095726],[127.0990743,37.5093136],[127.098992,37.5092741],[127.0984201,37.508965],[127.098212,37.5087887],[127.0980741,37.5085878],[127.0979946,37.5083591],[127.0979565,37.5077463],[127.0979497,37.5073694],[127.098,37.5073759],[127.0980552,37.5073785],[127.0981088,37.5073773],[127.0981575,37.507362],[127.0981925,37.5073427],[127.0982216,37.5073233],[127.0982473,37.5072986],[127.098259,37.5072741],[127.0982675,37.5072503],[127.0982716,37.5072233],[127.0982675,37.5071909],[127.0984334,37.5071529],[127.0985978,37.5071272],[127.0987622,37.5071113],[127.0989266,37.5071109],[127.0991505,37.5071201],[127.0992747,37.5071344],[127.0993842,37.5071643],[127.0997134,37.5072474],[127.1000622,37.5073656],[127.1005712,37.5075441],[127.1007514,37.5076107],[127.1014186,37.5078967],[127.1017662,37.5080746],[127.1020844,37.5082643],[127.102405,37.5084617],[127.1026864,37.5086747],[127.1027676,37.5087686],[127.1028106,37.5088564],[127.1028439,37.5090181],[127.1028373,37.509116],[127.1028085,37.5092061],[127.1026037,37.5094908],[127.1025792,37.5095324],[127.1025889,37.509574],[127.1026218,37.509603],[127.1034255,37.510068],[127.103484,37.5100693],[127.1035275,37.5100359],[127.10367,37.5098706],[127.103803,37.5097313],[127.1039072,37.5096722],[127.1040311,37.5096404],[127.1041695,37.5096346],[127.1042933,37.5096639]],[[127.1001955,37.5095519],[127.1005345,37.509715],[127.100687,37.5095227],[127.1007289,37.5094534],[127.1006574,37.5094255],[127.1006754,37.5093898],[127.1007072,37.5094018],[127.1007493,37.5093401],[127.1007993,37.5092607],[127.100761,37.5092475],[127.1008251,37.5092024],[127.1008891,37.5091805],[127.100918,37.5092568],[127.1008649,37.5092676],[127.1009372,37.5094646],[127.1011031,37.5094359],[127.1010236,37.509234],[127.100975,37.5092437],[127.1009467,37.5091623],[127.1009694,37.5091227],[127.1011007,37.5091436],[127.1011451,37.5090182],[127.1010336,37.5087106],[127.100823,37.5086153],[127.1007696,37.5086152],[127.1007155,37.5085942],[127.1006497,37.5083802],[127.1002697,37.5081947],[127.100137,37.5082404],[127.0997541,37.5081139],[127.0996086,37.5081232],[127.0995289,37.5081475],[127.0994812,37.5081962],[127.0994543,37.5082571],[127.0994731,37.5083101],[127.099374,37.508314],[127.0993171,37.5083255],[127.0993064,37.5083625],[127.099318,37.5084174],[127.0993389,37.5084476],[127.099345,37.5084713],[127.0992276,37.508641],[127.0991744,37.5086248],[127.0991279,37.5086288],[127.0990778,37.5086374],[127.0990691,37.5086737],[127.09899,37.5086881],[127.098919,37.5087297],[127.0988653,37.5087926],[127.0989306,37.5089484],[127.0991586,37.5090442],[127.0992323,37.5090638],[127.0994735,37.5091674],[127.0995182,37.5091128],[127.0995805,37.5091063],[127.0996728,37.5089871],[127.0996669,37.5088939],[127.0996727,37.5088081],[127.0996945,37.508754],[127.099721,37.5087239],[127.0998189,37.5086676],[127.0998784,37.508656],[127.0999407,37.5086474],[127.1000125,37.5086418],[127.1000926,37.5086473],[127.1001342,37.5086645],[127.100234,37.5087315],[127.1002885,37.5087614],[127.1002853,37.5087864],[127.100247,37.5088202],[127.1002639,37.5088854],[127.100313,37.5089055],[127.1003334,37.5089395],[127.1003431,37.5089649],[127.1003348,37.5089767],[127.1003214,37.5089854],[127.1002932,37.5090197],[127.1002518,37.5090574],[127.1002185,37.5090688],[127.1001371,37.5091071],[127.1000834,37.5091381],[127.0999549,37.5092635],[127.1000311,37.5094501],[127.100143,37.5095102],[127.1001955,37.5095519]],[[127.0997552,37.5087906],[127.0997181,37.5088547],[127.0997075,37.5088852],[127.0997163,37.5089129],[127.0997376,37.508933],[127.0997632,37.5089447],[127.0997743,37.5089789],[127.09978,37.5090018],[127.0998189,37.5090334],[127.0998661,37.5090538],[127.0999132,37.5090741],[127.0999917,37.509104],[127.100081,37.5090965],[127.1001625,37.5090625],[127.1002289,37.5090009],[127.1002528,37.5089631],[127.1002537,37.5089359],[127.1002158,37.5089065],[127.1002067,37.5088492],[127.1001908,37.5088275],[127.1002196,37.5088071],[127.1001912,37.5087718],[127.1000917,37.5087133],[127.1000634,37.5087061],[127.1000513,37.5086883],[127.1000109,37.5086706],[127.0999445,37.5086733],[127.099936,37.5086962],[127.0999422,37.508734],[127.099907,37.5087499],[127.0998735,37.5087424],[127.0998225,37.5087288],[127.0997796,37.5087564],[127.0997552,37.5087906]]]}},{"type":"Feature","id":"relation/10718843","properties":{"osmType":"relation","osmId":10718843,"osmVersion":24,"osmTimestamp":"2023-08-22T01:46:04Z","sourceUrl":"https://www.openstreetmap.org/relation/10718843","name":"청계천","waterType":"river","sourceTags":{"name":"청계천","name:en":"Cheonggyecheon Stream","natural":"water","water":"river"},"sourceSurveyed":false},"geometry":{"type":"MultiPolygon","coordinates":[[[[127.0092678,37.5697529],[127.0093121,37.5697509],[127.0093109,37.569802],[127.0093116,37.5698207],[127.0092246,37.5698235],[127.0072092,37.5697199],[127.0065156,37.5696816],[127.002117,37.5696435],[127.001809,37.5696348],[127.0015944,37.5696088],[127.0013711,37.5695498],[127.001188,37.5695333],[126.9998503,37.5692729],[126.9980495,37.568867],[126.9977187,37.5688144],[126.9963808,37.5686611],[126.9957614,37.5686223],[126.9956338,37.568592],[126.9945529,37.5684985],[126.9936251,37.5684389],[126.9923138,37.5683443],[126.9909789,37.568245],[126.9900658,37.568188],[126.9887837,37.5681308],[126.9878105,37.568148],[126.9866838,37.5681682],[126.985626,37.568415],[126.984123,37.5687105],[126.9834225,37.5688532],[126.9824312,37.5689378],[126.9811663,37.5689777],[126.9799754,37.5691062],[126.9790708,37.5691878],[126.978638,37.5692191],[126.9785579,37.5692332],[126.978542,37.569103],[126.9789736,37.5690898],[126.9795091,37.569073],[126.9801188,37.5690367],[126.981227,37.5689358],[126.9825586,37.5688362],[126.9834439,37.5687527],[126.9840938,37.5686313],[126.9852898,37.5684104],[126.9856075,37.568342],[126.9866672,37.5680937],[126.9873161,37.5680603],[126.9878151,37.5680678],[126.9887862,37.5680446],[126.9899197,37.5681051],[126.9909849,37.5681812],[126.9923243,37.5682839],[126.9936356,37.5683826],[126.9945666,37.5684519],[126.9956382,37.5685464],[126.9963851,37.5686198],[126.9977356,37.5687665],[126.9980682,37.5688175],[126.9989801,37.5689929],[127.0005222,37.5692915],[127.0018447,37.569518],[127.0021975,37.5695531],[127.0065091,37.5696222],[127.0067491,37.5696326],[127.0078325,37.5696859],[127.0092678,37.5697529]]],[[[127.0100276,37.569786],[127.0100273,37.5697761],[127.0100273,37.5697528],[127.0100284,37.5697086],[127.0105235,37.5697039],[127.0108236,37.5697121],[127.0114568,37.5696998],[127.0118923,37.5696881],[127.0120429,37.5696884],[127.0122176,37.5696895],[127.0123731,37.569694],[127.0124958,37.5696796],[127.0139614,37.5696965],[127.0155736,37.569721],[127.0159706,37.5697433],[127.0161168,37.5697508],[127.0168933,37.5699453],[127.0176671,37.5702342],[127.0190012,37.5709476],[127.0195366,37.5712156],[127.0203557,37.5715472],[127.0207219,37.5716693],[127.0212583,37.5717587],[127.02189,37.5718278],[127.0228985,37.5717385],[127.0232404,37.5716514],[127.0236428,37.5715482],[127.0252834,37.5710804],[127.025723,37.570955],[127.0257949,37.5711044],[127.0253554,37.5712442],[127.0252717,37.5712676],[127.0237219,37.5717002],[127.0231385,37.5718353],[127.0227188,37.5719245],[127.0218645,37.5719946],[127.0212208,37.5719255],[127.02062,37.571816],[127.0198354,37.5715684],[127.0194572,37.5713855],[127.0187639,37.571039],[127.0175368,37.5703651],[127.0167737,37.57006],[127.0160897,37.5698719],[127.0153145,37.5698124],[127.013956,37.5698081],[127.01236,37.5698068],[127.0123379,37.5698066],[127.011892,37.5697964],[127.011428,37.5697916],[127.0111388,37.5697876],[127.0108617,37.5697851],[127.010513,37.5697829],[127.0103644,37.5697846],[127.0101934,37.5697845],[127.0100276,37.569786]]]]}},{"type":"Feature","id":"relation/10776428","properties":{"osmType":"relation","osmId":10776428,"osmVersion":3,"osmTimestamp":"2021-03-25T17:14:36Z","sourceUrl":"https://www.openstreetmap.org/relation/10776428","name":null,"waterType":"pond","sourceTags":{"natural":"water","water":"pond"},"sourceSurveyed":false},"geometry":{"type":"Polygon","coordinates":[[[126.9577064,37.5731814],[126.9581353,37.5734432],[126.9578195,37.5737782],[126.9573953,37.5735016],[126.9577064,37.5731814]],[[126.9575581,37.573454],[126.9577399,37.5735582],[126.9578836,37.5734007],[126.9577019,37.5732965],[126.9575581,37.573454]]]}},{"type":"Feature","id":"relation/11136026","properties":{"osmType":"relation","osmId":11136026,"osmVersion":3,"osmTimestamp":"2020-11-27T03:50:38Z","sourceUrl":"https://www.openstreetmap.org/relation/11136026","name":null,"waterType":"unspecified","sourceTags":{"natural":"water"},"sourceSurveyed":false},"geometry":{"type":"Polygon","coordinates":[[[126.9750574,37.5032595],[126.9750324,37.5032467],[126.9750128,37.5032291],[126.9749999,37.5032079],[126.9749946,37.5031847],[126.9749974,37.5031613],[126.9750081,37.5031393],[126.9750259,37.5031205],[126.9750494,37.5031061],[126.9750769,37.5030973],[126.9751064,37.5030948],[126.9751357,37.5030986],[126.9751626,37.5031086],[126.9751851,37.5031239],[126.9752015,37.5031435],[126.9752107,37.5031659],[126.9752119,37.5031894],[126.9752051,37.5032123],[126.9751907,37.5032329],[126.9751699,37.5032496],[126.9751441,37.5032613],[126.9751154,37.5032671],[126.9750857,37.5032664],[126.9750574,37.5032595]],[[126.9751077,37.5032272],[126.9751266,37.5032248],[126.9751434,37.5032176],[126.9751563,37.5032065],[126.975164,37.5031926],[126.9751656,37.5031775],[126.975161,37.5031629],[126.9751506,37.5031502],[126.9751356,37.5031409],[126.9751176,37.503136],[126.9750986,37.5031359],[126.9750805,37.5031408],[126.9750655,37.50315],[126.975055,37.5031626],[126.9750502,37.5031773],[126.9750517,37.5031923],[126.9750593,37.5032062],[126.9750721,37.5032174],[126.9750889,37.5032247],[126.9751077,37.5032272]]]}},{"type":"Feature","id":"relation/11225413","properties":{"osmType":"relation","osmId":11225413,"osmVersion":2,"osmTimestamp":"2020-07-08T12:27:23Z","sourceUrl":"https://www.openstreetmap.org/relation/11225413","name":"도봉천","waterType":"stream","sourceTags":{"name":"도봉천","natural":"water","water":"stream","intermittent":"no"},"sourceSurveyed":false},"geometry":{"type":"Polygon","coordinates":[[[127.0454201,37.6808983],[127.045284,37.6808974],[127.0452052,37.6808699],[127.0448904,37.680753],[127.044654,37.6806491],[127.0444752,37.6805612],[127.0439317,37.6802535],[127.0430831,37.6797202],[127.0425405,37.6793686],[127.0418835,37.6790017],[127.0415271,37.6788499],[127.0412077,37.6787347],[127.0404415,37.6785903],[127.0402571,37.6785571],[127.0399018,37.6785373],[127.0392957,37.6786352],[127.0387807,37.6786676],[127.0384339,37.6786409],[127.0379906,37.6785739],[127.0373637,37.6784517],[127.0371224,37.6784053],[127.036875,37.6783394],[127.03581,37.6778731],[127.0352826,37.6776595],[127.034768,37.6775312],[127.0341278,37.6773607],[127.0341733,37.6773083],[127.0341882,37.6772924],[127.0343086,37.6773409],[127.0347236,37.6774575],[127.0352765,37.6776018],[127.0359045,37.677824],[127.0369849,37.6782894],[127.0373784,37.6783735],[127.0380185,37.6785075],[127.0384469,37.67858],[127.0387465,37.678585],[127.0391991,37.6785634],[127.0398829,37.6784674],[127.0401493,37.6784443],[127.0403972,37.67846],[127.0408723,37.6785134],[127.0412353,37.6785954],[127.0415847,37.678722],[127.0417393,37.6787841],[127.0419803,37.6788973],[127.0427138,37.6793202],[127.0431549,37.6796121],[127.0438583,37.6800965],[127.0442788,37.6803509],[127.0444543,37.6804507],[127.0449044,37.6806687],[127.0449853,37.6807038],[127.0451244,37.6807506],[127.0452935,37.680765],[127.045877,37.6807459],[127.0464915,37.6806784],[127.0470608,37.6805158],[127.0478376,37.6802508],[127.0486647,37.6799489],[127.0493262,37.679709],[127.0500717,37.6794159],[127.0506659,37.6792728],[127.0506867,37.6793831],[127.0507223,37.6795594],[127.0505971,37.6795654],[127.0504839,37.6795694],[127.050411,37.6795686],[127.0502419,37.6795946],[127.0500133,37.6796381],[127.049661,37.6797304],[127.0494127,37.6798032],[127.0485905,37.6800874],[127.0480336,37.680286],[127.0476212,37.6804273],[127.0470675,37.6806],[127.0467602,37.6806874],[127.0466276,37.6807211],[127.0461036,37.6808109],[127.0454201,37.6808983]]]}},{"type":"Feature","id":"relation/11576503","properties":{"osmType":"relation","osmId":11576503,"osmVersion":3,"osmTimestamp":"2021-05-01T02:56:19Z","sourceUrl":"https://www.openstreetmap.org/relation/11576503","name":"도림천","waterType":"river","sourceTags":{"name":"도림천","name:en":"Dorimcheon Stream","name:ko":"도림천","natural":"water","water":"river"},"sourceSurveyed":false},"geometry":{"type":"MultiPolygon","coordinates":[[[[126.9118343,37.4866206],[126.9121603,37.486787],[126.9121792,37.4869878],[126.9119811,37.4869649],[126.9117007,37.4868307],[126.9111652,37.4866049],[126.9103377,37.486326],[126.9062747,37.4851264],[126.9060078,37.4850684],[126.9057674,37.4850326],[126.9054739,37.4850125],[126.9051871,37.4850116],[126.902796,37.4851303],[126.9025774,37.4851489],[126.9023533,37.4851798],[126.9019711,37.4852579],[126.9014906,37.4853907],[126.9010157,37.4855727],[126.9005078,37.4857991],[126.8995281,37.4863486],[126.8986766,37.4868497],[126.8983801,37.487051],[126.8979241,37.4874255],[126.897393,37.4879661],[126.8971623,37.4882556],[126.896937,37.4886046],[126.8967386,37.4890047],[126.8948181,37.4941251],[126.8941338,37.496147],[126.8940304,37.4963386],[126.8938663,37.4967388],[126.8937323,37.4972778],[126.8936295,37.4973644],[126.8935833,37.4972686],[126.89364,37.4969065],[126.8937012,37.4966156],[126.8937791,37.4963084],[126.8944453,37.4944507],[126.894515,37.4942656],[126.896304,37.4894921],[126.8963944,37.4892582],[126.8964677,37.4890686],[126.8966313,37.4887068],[126.8968217,37.4883535],[126.8971516,37.4879236],[126.8973635,37.4876831],[126.8975593,37.4874958],[126.8977578,37.4873149],[126.8982325,37.4869509],[126.8985568,37.4867398],[126.8994369,37.4862273],[126.9004189,37.4856643],[126.9009226,37.4854181],[126.9013911,37.4852346],[126.9019173,37.485085],[126.9023085,37.4850034],[126.9025416,37.4849666],[126.9027806,37.4849417],[126.9051847,37.4848434],[126.9054735,37.4848438],[126.9057927,37.484863],[126.9060556,37.484897],[126.9063453,37.4849481],[126.9104423,37.4860921],[126.9112896,37.4863905],[126.9118343,37.4866206]]],[[[126.9144251,37.4882091],[126.9145748,37.488244],[126.9159669,37.4891051],[126.9163856,37.4892833],[126.9167508,37.4894022],[126.9175703,37.4895729],[126.9179458,37.4896069],[126.9183835,37.489633],[126.9189034,37.489509],[126.9194803,37.489429],[126.9195483,37.4894172],[126.9198353,37.4893023],[126.920125,37.489234],[126.9203878,37.4891487],[126.9206185,37.4890564],[126.9211185,37.488804],[126.9213137,37.4886921],[126.9215841,37.488519],[126.9217248,37.4883975],[126.9218396,37.4882894],[126.9219616,37.4881684],[126.922089,37.4880344],[126.9231171,37.4864401],[126.923263,37.486251],[126.9234199,37.4860759],[126.9236493,37.4858632],[126.9239467,37.4856073],[126.9242754,37.4853483],[126.9254745,37.4843547],[126.9261148,37.4837878],[126.9288068,37.4816186],[126.9313225,37.4791994],[126.9319944,37.4786385],[126.9320708,37.4785587],[126.9321875,37.4784107],[126.9323297,37.4782447],[126.9324745,37.4781383],[126.9326638,37.4780497],[126.93285,37.4779818],[126.933147,37.4778509],[126.9335203,37.4777453],[126.9338771,37.4776566],[126.9342728,37.4775769],[126.9346301,37.4775177],[126.9349434,37.4774805],[126.9357003,37.4773814],[126.9359596,37.4773326],[126.936276,37.4772566],[126.9364567,37.477206],[126.9366009,37.477154],[126.93668,37.477108],[126.936753,37.4770559],[126.9368033,37.4770154],[126.9368752,37.476943],[126.936931,37.4768792],[126.9369802,37.4767971],[126.937024,37.4766993],[126.9370627,37.4765981],[126.9370867,37.4764996],[126.9370923,37.4764062],[126.9370814,37.476324],[126.937067,37.476237],[126.9370292,37.4761045],[126.93697,37.4759436],[126.93693,37.4758425],[126.936865,37.4757278],[126.9367959,37.4756131],[126.9367008,37.4754912],[126.9364084,37.4751826],[126.9359659,37.4747526],[126.9356625,37.4745198],[126.9355322,37.4744324],[126.9353865,37.4743566],[126.935273,37.4743068],[126.9351446,37.4742675],[126.9344853,37.4741672],[126.9343192,37.4741399],[126.9341545,37.4741017],[126.9339816,37.4740435],[126.9338547,37.4739863],[126.9337582,37.4739312],[126.9336616,37.4738607],[126.9335754,37.4737767],[126.9334929,37.4736776],[126.9333668,37.4734754],[126.9332751,37.4732967],[126.9332139,37.4731497],[126.9331891,37.4730718],[126.933171,37.4729985],[126.9331586,37.4729252],[126.9331522,37.4728495],[126.9331512,37.4727701],[126.9331603,37.4726899],[126.9331925,37.4725536],[126.9332407,37.472411],[126.9333561,37.4721407],[126.9333835,37.472077],[126.933408,37.4720279],[126.9334368,37.4719708],[126.9334738,37.4719078],[126.9335168,37.4718515],[126.9335674,37.4718005],[126.9336281,37.47175],[126.9336787,37.4717158],[126.9337202,37.4716936],[126.9339337,37.4716013],[126.9341046,37.4715368],[126.9341811,37.471499],[126.9343184,37.4714273],[126.9345472,37.4713186],[126.9347917,37.4712127],[126.934973,37.4711517],[126.9352171,37.4710905],[126.9353344,37.4710637],[126.9367614,37.4708372],[126.9376612,37.4707425],[126.9388476,37.4705931],[126.9393282,37.4705349],[126.9395356,37.4705193],[126.9396889,37.4705167],[126.9408807,37.4706319],[126.9415023,37.4706964],[126.9422289,37.4707676],[126.9424317,37.4707837],[126.9426351,37.4707776],[126.9428041,37.4707465],[126.942972,37.4707603],[126.9430121,37.4707841],[126.9429988,37.4708572],[126.9429137,37.4708785],[126.9427742,37.4709056],[126.9425999,37.4709264],[126.9424658,37.4709295],[126.9413526,37.4708157],[126.940674,37.4707475],[126.9398211,37.4706666],[126.9396763,37.4706608],[126.9395341,37.4706603],[126.939339,37.4706746],[126.9391492,37.4706964],[126.9390164,37.4707119],[126.9387891,37.4707407],[126.9383462,37.470799],[126.9373313,37.470912],[126.9369109,37.4709532],[126.9361914,37.4710397],[126.9358675,37.4710818],[126.9355705,37.4711286],[126.9352929,37.4711839],[126.9351675,37.471218],[126.9349435,37.4712872],[126.934753,37.4713599],[126.9344197,37.4715099],[126.9342586,37.4715883],[126.9340461,37.4716938],[126.9339826,37.4717264],[126.9338923,37.4717822],[126.9338087,37.4718398],[126.9337259,37.471899],[126.9336618,37.4719599],[126.9335948,37.4720325],[126.9335354,37.4721056],[126.9334945,37.4721703],[126.9334537,37.4722537],[126.9334173,37.4723303],[126.9333892,37.4724039],[126.9333701,37.4724755],[126.9333385,37.4726198],[126.9333276,37.4727348],[126.9333293,37.4728495],[126.9333334,37.4729412],[126.93334,37.4730147],[126.9333561,37.4730837],[126.9334365,37.473288],[126.9335432,37.4734725],[126.933631,37.4736032],[126.9337234,37.4737074],[126.9338042,37.4737834],[126.9338923,37.4738459],[126.9340401,37.4739138],[126.9342144,37.4739777],[126.9343678,37.4740195],[126.934547,37.4740586],[126.935153,37.4741621],[126.9353346,37.4742144],[126.9354965,37.47428],[126.9356503,37.4743615],[126.9358046,37.4744686],[126.9360383,37.4746504],[126.9364728,37.4750676],[126.9367947,37.4754337],[126.9368752,37.4755459],[126.9369276,37.4756269],[126.9369933,37.4757362],[126.9370506,37.4758371],[126.9370983,37.4759454],[126.9371383,37.4760612],[126.9371826,37.4762422],[126.9372086,37.4764045],[126.9372168,37.4765633],[126.9372058,37.4766996],[126.9371818,37.4768177],[126.9371496,37.4769085],[126.9371137,37.4769807],[126.9370775,37.4770305],[126.9370234,37.4770796],[126.9369705,37.4771227],[126.9369038,37.4771715],[126.9368192,37.4772187],[126.9367135,37.4772709],[126.9365381,37.4773311],[126.9362488,37.4774097],[126.9359185,37.4774695],[126.9347401,37.4776262],[126.9343627,37.4776914],[126.9339314,37.4777768],[126.9335626,37.4778675],[126.933227,37.4779689],[126.932905,37.4781393],[126.9327173,37.4782319],[126.932559,37.4783203],[126.9323498,37.4784458],[126.932154,37.4786034],[126.9318442,37.4788928],[126.9312796,37.4794239],[126.9288392,37.4818449],[126.9256298,37.4844447],[126.9256023,37.484467],[126.9246871,37.4852212],[126.9241015,37.4857231],[126.9238242,37.4859739],[126.9236311,37.4861634],[126.923471,37.4863361],[126.9233208,37.4865256],[126.9227824,37.4873597],[126.9222003,37.488087],[126.9220401,37.4882488],[126.9218738,37.4884052],[126.9217987,37.4884707],[126.9216139,37.4887472],[126.9210701,37.4890305],[126.920655,37.4892416],[126.9203158,37.4893793],[126.9199754,37.4894851],[126.9196827,37.4895631],[126.9195065,37.4895951],[126.9190795,37.4896958],[126.9185234,37.489827],[126.9181966,37.4898678],[126.9177286,37.4899006],[126.9174803,37.4898941],[126.9172431,37.4898666],[126.9170044,37.4898155],[126.9167791,37.4897431],[126.9165296,37.4896346],[126.9158479,37.4892404],[126.9144353,37.4883738],[126.9144251,37.4882091]]],[[[126.8934638,37.4980459],[126.8935169,37.498057],[126.8937045,37.4980717],[126.8936039,37.4987197],[126.8931198,37.5008018],[126.8930645,37.5013358],[126.8930541,37.50171],[126.89309,37.5020791],[126.8933659,37.5026148],[126.8934296,37.5033731],[126.8935616,37.5041179],[126.893518,37.5043033],[126.8936986,37.5052451],[126.8937821,37.505777],[126.8936588,37.5063609],[126.8935516,37.5070407],[126.8932217,37.5073854],[126.8931493,37.507613],[126.8930715,37.5080897],[126.8928623,37.5087471],[126.8913603,37.5105258],[126.8905045,37.5113926],[126.8899333,37.5119173],[126.8894988,37.5122152],[126.8879794,37.5129279],[126.8814629,37.5160107],[126.8805362,37.5163766],[126.8800239,37.5166372],[126.8799258,37.516248],[126.8809198,37.5158639],[126.8811169,37.515782],[126.8879056,37.5128279],[126.8888859,37.5123109],[126.8893607,37.5120471],[126.8897482,37.5117545],[126.890329,37.5112439],[126.8911296,37.5104152],[126.8925619,37.5086195],[126.8929186,37.5077343],[126.8930098,37.5075471],[126.893101,37.5073939],[126.8931949,37.5072364],[126.8933156,37.507013],[126.8933719,37.5068109],[126.8934473,37.5059869],[126.8934205,37.5056416],[126.8934035,37.5053392],[126.8933462,37.5049343],[126.8930698,37.5034225],[126.8929137,37.5026147],[126.8928386,37.5019178],[126.8928372,37.501659],[126.8928547,37.5013986],[126.8931315,37.499505],[126.8934638,37.4980459]]]]}},{"type":"Feature","id":"relation/11739932","properties":{"osmType":"relation","osmId":11739932,"osmVersion":3,"osmTimestamp":"2026-01-27T05:12:15Z","sourceUrl":"https://www.openstreetmap.org/relation/11739932","name":null,"waterType":"river","sourceTags":{"natural":"water","water":"river"},"sourceSurveyed":false},"geometry":{"type":"MultiPolygon","coordinates":[[[[127.1241123,37.4699455],[127.1240613,37.4699689],[127.1236423,37.4699876],[127.1234035,37.4700024],[127.122391,37.470209],[127.1221261,37.4702803],[127.1220819,37.4702973],[127.1220309,37.470309],[127.1219796,37.4703095],[127.1219305,37.4703193],[127.1218879,37.470179],[127.1231644,37.4699533],[127.123425,37.4699222],[127.1240754,37.4698625],[127.1241318,37.4699008],[127.1241123,37.4699455]]],[[[127.1249351,37.4696853],[127.1248945,37.4696702],[127.1248212,37.4696301],[127.124813,37.4695911],[127.124872,37.4695698],[127.125387,37.469499],[127.1258604,37.469151],[127.1262561,37.4687859],[127.1269039,37.4685056],[127.1277887,37.4683323],[127.1283446,37.4682258],[127.1287167,37.4680805],[127.1293166,37.4678065],[127.1304302,37.4675936],[127.1307687,37.4675625],[127.1314703,37.467824],[127.1322756,37.4681178],[127.1330053,37.4682846],[127.1332955,37.4683509],[127.1335784,37.4684156],[127.1338557,37.4684673],[127.1341329,37.4684997],[127.1345524,37.4685147],[127.1363085,37.4685858],[127.1366392,37.4685836],[127.1371003,37.468624],[127.137476,37.4686853],[127.1389037,37.4692512],[127.1390163,37.4692685],[127.1391666,37.4692732],[127.1392205,37.4692576],[127.1392776,37.4692503],[127.139313,37.4692525],[127.1393018,37.4692777],[127.1393066,37.4692882],[127.1393198,37.4693026],[127.139358,37.469301],[127.1393678,37.4692797],[127.1393629,37.4692535],[127.1393657,37.4692301],[127.139378,37.469182],[127.1394142,37.4691399],[127.1394599,37.469103],[127.1395306,37.4690824],[127.1396125,37.4690658],[127.1397671,37.469061],[127.1399255,37.4690571],[127.1399411,37.4690498],[127.139973,37.4690151],[127.1399795,37.4690131],[127.1399959,37.4690122],[127.1400032,37.4690172],[127.1400109,37.4690364],[127.1400454,37.4690549],[127.1401123,37.4690551],[127.1402569,37.4690529],[127.1403741,37.46905],[127.1405929,37.4690494],[127.1407518,37.4690214],[127.1409408,37.4690117],[127.1411744,37.4690132],[127.1413351,37.4690353],[127.1413468,37.469064],[127.1413592,37.4690723],[127.1414793,37.4690775],[127.1415514,37.4690953],[127.141654,37.4691313],[127.1417298,37.4691625],[127.1418149,37.4691854],[127.1419126,37.4692],[127.1419947,37.4692018],[127.1421616,37.4691573],[127.1422894,37.4691267],[127.1423907,37.4691381],[127.1424067,37.4691329],[127.1424302,37.4690839],[127.1426648,37.4690828],[127.1428874,37.4690843],[127.1432638,37.4690923],[127.1434109,37.469083],[127.14355,37.4690603],[127.1438691,37.4689938],[127.1440701,37.4689665],[127.1441188,37.4689613],[127.1441363,37.4689396],[127.1441447,37.4689327],[127.144157,37.4689321],[127.1441664,37.4689379],[127.1441885,37.468971],[127.1442631,37.4689809],[127.1442683,37.4689465],[127.1442769,37.4689347],[127.1442946,37.4689372],[127.1443009,37.4689497],[127.1443171,37.4689883],[127.1443291,37.4690007],[127.1443707,37.4690245],[127.1444869,37.4690681],[127.1445056,37.4690511],[127.1445988,37.469078],[127.1448301,37.469113],[127.1463363,37.4691141],[127.1465913,37.4690912],[127.1468155,37.469048],[127.1477853,37.4688552],[127.1479613,37.4688299],[127.1488195,37.4688064],[127.1494179,37.468782],[127.1497786,37.4687536],[127.1500573,37.4687311],[127.1502624,37.4686628],[127.1503699,37.4685769],[127.1505488,37.4684422],[127.1509515,37.4679599],[127.1513653,37.4675809],[127.151427,37.4675294],[127.1514824,37.4674946],[127.151547,37.467463],[127.1516116,37.4674497],[127.151749,37.4674278],[127.15255,37.4673067],[127.1525602,37.4673604],[127.1517609,37.4674742],[127.1516016,37.467499],[127.151527,37.4675262],[127.1514667,37.4675602],[127.1514111,37.4676166],[127.1510888,37.4679414],[127.1506164,37.4684716],[127.15054,37.4685428],[127.1504529,37.4686139],[127.1502482,37.4687381],[127.1499699,37.468824],[127.1497617,37.4688553],[127.1494663,37.468886],[127.1487419,37.4689096],[127.1478487,37.4689473],[127.1469464,37.4691061],[127.1466425,37.4691666],[127.1463386,37.4692015],[127.1450956,37.4692157],[127.1445104,37.4691849],[127.1444232,37.4691998],[127.1442296,37.469262],[127.1441108,37.4693132],[127.1440105,37.4693538],[127.1438424,37.4693775],[127.143612,37.4693852],[127.1434555,37.4693997],[127.1433783,37.4694274],[127.1432924,37.469463],[127.1432066,37.4695203],[127.1431045,37.4695746],[127.1430058,37.4696131],[127.1429297,37.4696395],[127.1429272,37.4696536],[127.1429262,37.4696816],[127.1429085,37.4696852],[127.1428838,37.4696565],[127.1428693,37.4696507],[127.1427023,37.4696717],[127.1424753,37.4696532],[127.1423826,37.4696232],[127.1422975,37.4695874],[127.1421449,37.4694948],[127.1420532,37.4694307],[127.1420039,37.4694087],[127.141959,37.469396],[127.141921,37.4693769],[127.1416944,37.4693547],[127.1412512,37.469416],[127.140799,37.4694593],[127.1405139,37.4694704],[127.1403328,37.4694768],[127.1401579,37.4694527],[127.1400032,37.4694523],[127.139893,37.4694598],[127.1397993,37.4694836],[127.1397267,37.469512],[127.139652,37.4695306],[127.139575,37.46953],[127.1394912,37.4695156],[127.1394274,37.4694959],[127.1393821,37.4694663],[127.1393541,37.4694042],[127.1393578,37.4693828],[127.1393529,37.4693598],[127.1393128,37.4693558],[127.1392979,37.469375],[127.1392936,37.4694015],[127.139241,37.4694028],[127.1391911,37.4693876],[127.139134,37.4693469],[127.1389784,37.4693343],[127.1388446,37.4692957],[127.1374271,37.4687449],[127.1370928,37.4686914],[127.1366367,37.4686554],[127.1362809,37.4686611],[127.1345519,37.4685846],[127.1341174,37.468562],[127.1338452,37.4685274],[127.133573,37.4684735],[127.1322633,37.4681648],[127.1314179,37.4678943],[127.1307251,37.4676606],[127.1304128,37.4676692],[127.1293642,37.467892],[127.1284332,37.4683027],[127.1277996,37.4684037],[127.1269541,37.4685971],[127.1262842,37.4688763],[127.1255408,37.4695071],[127.1249351,37.4696853]]]]}},{"type":"Feature","id":"relation/12746169","properties":{"osmType":"relation","osmId":12746169,"osmVersion":2,"osmTimestamp":"2026-07-01T12:32:09Z","sourceUrl":"https://www.openstreetmap.org/relation/12746169","name":"불광천","waterType":"river","sourceTags":{"name":"불광천","name:en":"Bulgwangcheon Stream","name:ko":"불광천","natural":"water","water":"river","intermittent":"no","tidal":"no","salt":"no"},"sourceSurveyed":false},"geometry":{"type":"Polygon","coordinates":[[[126.9139931,37.5903524],[126.9140702,37.5906635],[126.9144995,37.5923859],[126.9146274,37.5928283],[126.9146183,37.5928334],[126.914627,37.592866],[126.9146352,37.5928724],[126.9146474,37.5928785],[126.9146528,37.5928853],[126.9146555,37.5928947],[126.9146584,37.5929144],[126.914653,37.592935],[126.9146485,37.5929567],[126.9146482,37.5929767],[126.9146647,37.5930381],[126.9146755,37.5930585],[126.9147116,37.5930913],[126.9147272,37.5931428],[126.9147334,37.5931614],[126.9147265,37.5931779],[126.9147249,37.5931961],[126.9149542,37.5940716],[126.9149891,37.594243],[126.915094,37.5946403],[126.91527,37.5952697],[126.9154623,37.5958851],[126.9154583,37.5959838],[126.9154622,37.5960253],[126.9154706,37.5960442],[126.9154879,37.5960663],[126.9155083,37.5960888],[126.9155219,37.596099],[126.9155297,37.5961048],[126.9155322,37.5961232],[126.9156638,37.5965762],[126.9159185,37.5977563],[126.9159385,37.5978242],[126.9160797,37.5982915],[126.9161451,37.5985577],[126.9163724,37.5990175],[126.9161752,37.5989839],[126.9160302,37.5989624],[126.9160083,37.5985454],[126.9158062,37.5978487],[126.9157294,37.5976019],[126.9155627,37.597061],[126.9155316,37.5970117],[126.9153108,37.596139],[126.9153239,37.5961147],[126.9153318,37.5960946],[126.9153373,37.5960708],[126.9153371,37.5960485],[126.9153315,37.5960237],[126.9152996,37.595959],[126.9152723,37.595888],[126.9152707,37.5958802],[126.9152644,37.5958492],[126.9152693,37.5958442],[126.9152012,37.5956382],[126.9151804,37.5956213],[126.9151757,37.5955459],[126.9151851,37.5955026],[126.915147,37.5953329],[126.9150007,37.5947528],[126.9148636,37.5942059],[126.9148272,37.5941028],[126.9148061,37.5939786],[126.9146658,37.5934007],[126.9146175,37.5932346],[126.9146048,37.5931922],[126.914597,37.5931658],[126.9145784,37.5930991],[126.9145645,37.593088],[126.914536,37.59298],[126.9145466,37.5929479],[126.9145277,37.5928824],[126.9145065,37.592864],[126.9144894,37.5927928],[126.9144997,37.5927739],[126.9144642,37.5926312],[126.9143301,37.5921254],[126.914338,37.5920763],[126.9141581,37.5915577],[126.9140645,37.5911921],[126.9140473,37.5911206],[126.9139721,37.5906834],[126.9135502,37.5890737],[126.9134664,37.5887915],[126.9133711,37.5881605],[126.9133426,37.5880948],[126.9133275,37.5879733],[126.9132819,37.5878558],[126.913279,37.5877639],[126.9132478,37.5876946],[126.9132451,37.5875729],[126.913151,37.5872677],[126.9131692,37.5872281],[126.9131247,37.5871535],[126.9130912,37.5870556],[126.9128963,37.5866076],[126.9127967,37.5864705],[126.9127783,37.5864818],[126.9127234,37.5864979],[126.912708,37.5864697],[126.9127517,37.5864449],[126.9127779,37.5864082],[126.9127424,37.5863074],[126.9125085,37.5860024],[126.9122182,37.5857579],[126.9111327,37.5848032],[126.9107916,37.5845032],[126.9096886,37.5834049],[126.9094784,37.5831972],[126.9075472,37.5813743],[126.9049208,37.5788372],[126.9036388,37.5776613],[126.903548,37.5774441],[126.9033818,37.5772741],[126.9026481,37.5765731],[126.90241,37.576403],[126.9023246,37.5763233],[126.9013791,37.5753479],[126.9010672,37.5750048],[126.900913,37.574738],[126.900862,37.5746828],[126.9008178,37.574653],[126.9006984,37.5745839],[126.9006461,37.5745392],[126.9005723,37.5744691],[126.9003725,37.5742576],[126.9002357,37.5740843],[126.9001915,37.5738034],[126.9000284,37.573334],[126.8999769,37.5725993],[126.8998739,37.5702795],[126.8997452,37.5676739],[126.899625,37.5653063],[126.8995821,37.5642246],[126.8994493,37.5625666],[126.8992767,37.5620851],[126.8998011,37.5623546],[126.899596,37.5625939],[126.899744,37.5642439],[126.899759,37.5658406],[126.8998368,37.568423],[126.8999312,37.5706067],[126.9001029,37.5729741],[126.9002316,37.573566],[126.9003578,37.5741226],[126.9006462,37.5744167],[126.9008553,37.5745988],[126.9011021,37.5749134],[126.901436,37.5752546],[126.9015272,37.5753385],[126.9018928,37.5756878],[126.9027852,37.5765013],[126.9037067,37.577491],[126.9038331,37.5774913],[126.9038517,37.5775151],[126.90386,37.5775258],[126.9037974,37.5776021],[126.904,37.5777736],[126.906317,37.5799466],[126.9087145,37.582245],[126.9098501,37.5833181],[126.9109952,37.5844009],[126.9111178,37.5845168],[126.9113046,37.5846939],[126.9124739,37.5858023],[126.912896,37.5862628],[126.9130563,37.5865676],[126.9131691,37.5868837],[126.9135108,37.5880374],[126.9135468,37.5884821],[126.9138865,37.5898318],[126.9139355,37.5898886],[126.9139449,37.590031],[126.9139931,37.5903524]],[[126.9151829,37.595262],[126.915172,37.595276],[126.9152297,37.5954692],[126.9152387,37.5954745],[126.9152486,37.5954748],[126.9152634,37.5954712],[126.9152711,37.5954618],[126.9152721,37.5954499],[126.9152198,37.5952676],[126.9152085,37.59526],[126.915196,37.5952582],[126.9151829,37.595262]],[[126.9150869,37.5949274],[126.9151269,37.595099],[126.9151387,37.5951057],[126.9151531,37.5951078],[126.9151623,37.5951052],[126.9151737,37.5950911],[126.9151284,37.5949118],[126.9151155,37.5949031],[126.9151026,37.5949051],[126.9150941,37.5949095],[126.9150896,37.5949177],[126.9150869,37.5949274]],[[126.9150391,37.5947436],[126.9150518,37.5947528],[126.9150643,37.5947538],[126.9150733,37.5947515],[126.9150823,37.5947421],[126.915081,37.5947253],[126.9150425,37.594571],[126.9150367,37.5945621],[126.9150185,37.5945552],[126.9150056,37.594558],[126.9150001,37.5945679],[126.9149989,37.5945835],[126.9150391,37.5947436]]]}},{"type":"Feature","id":"relation/13282620","properties":{"osmType":"relation","osmId":13282620,"osmVersion":2,"osmTimestamp":"2022-10-09T17:52:58Z","sourceUrl":"https://www.openstreetmap.org/relation/13282620","name":"아라","waterType":"canal","sourceTags":{"name":"아라","natural":"water","water":"canal"},"sourceSurveyed":false},"geometry":{"type":"Polygon","coordinates":[[[126.7775736,37.5889484],[126.7644328,37.57901320868838],[126.7644328,37.577438349711436],[126.7649859,37.5778613],[126.7785075,37.5882001],[126.7836547,37.5920641],[126.784058,37.5924573],[126.7884638,37.5951069],[126.7885741,37.5951604],[126.7886492,37.595153],[126.7887125,37.5951191],[126.789857,37.5955722],[126.7924531,37.5966025],[126.7956073,37.5975981],[126.7958217,37.5976631],[126.7958838,37.5976848],[126.7958486,37.5977371],[126.7959424,37.5977854],[126.7975758,37.5983221],[126.7973488,37.5987671],[126.7973892,37.5987778],[126.7973361,37.5988978],[126.7976707,37.5990127],[126.7995442,37.5996557],[126.7999919,37.5998094],[126.8002822,37.5992283],[126.8025014,37.6000181],[126.8027428,37.6000755],[126.8028796,37.6001031],[126.8029265,37.6001371],[126.8029439,37.6001881],[126.8029399,37.6002231],[126.8029238,37.6002497],[126.8027669,37.6003262],[126.802732,37.6003793],[126.8027481,37.6004516],[126.8027937,37.6005026],[126.8029171,37.6005302],[126.8030753,37.6005175],[126.8027375,37.6008851],[126.8019086,37.6018499],[126.801973,37.6016756],[126.8019998,37.6015651],[126.8019676,37.6014461],[126.8018925,37.6013122],[126.8017852,37.6012251],[126.8014982,37.6011082],[126.7996293,37.6004749],[126.7998935,37.5999754],[126.7994516,37.5998225],[126.7975808,37.5991754],[126.7972428,37.5990585],[126.7971676,37.5991869],[126.7963987,37.5989239],[126.7962029,37.5988766],[126.7954801,37.5988012],[126.7949796,37.5988161],[126.7944976,37.5988729],[126.7940572,37.5989621],[126.7935617,37.5991218],[126.7929187,37.5994289],[126.7925345,37.5996607],[126.7925243,37.5997349],[126.792096,37.6000409],[126.7915882,37.60035],[126.7908327,37.6007286],[126.7895029,37.6013326],[126.7883421,37.60174],[126.7871935,37.6008197],[126.7896259,37.5996069],[126.7898176,37.5995419],[126.7900283,37.599482],[126.790107,37.5994408],[126.7901129,37.599341],[126.7901175,37.5992785],[126.7901193,37.5992169],[126.790114,37.5991939],[126.7901016,37.5991751],[126.7900816,37.5991525],[126.7900445,37.5991256],[126.7900166,37.5991117],[126.7899781,37.599098],[126.7898764,37.5990654],[126.7895962,37.5989837],[126.789544,37.5989658],[126.7895066,37.5989495],[126.7894672,37.5989291],[126.7894106,37.5988947],[126.7892739,37.5987968],[126.7891798,37.5987252],[126.7891663,37.5987177],[126.7891526,37.5987177],[126.7891399,37.5987227],[126.7891095,37.5987433],[126.7862689,37.5967114],[126.786288,37.5966692],[126.7862974,37.5966399],[126.7862957,37.5966248],[126.7862856,37.5966092],[126.7862676,37.5965917],[126.786228,37.5965642],[126.7861585,37.5965253],[126.7861046,37.5965004],[126.7860539,37.5964832],[126.7859782,37.5964637],[126.7859073,37.5964504],[126.7858496,37.596447],[126.7857752,37.5964491],[126.7856959,37.5964572],[126.7854731,37.5964872],[126.7851871,37.595024],[126.7845656,37.5942121],[126.7827781,37.5928432],[126.7825676,37.5927333],[126.7775736,37.5889484]]]}},{"type":"Feature","id":"relation/13407146","properties":{"osmType":"relation","osmId":13407146,"osmVersion":2,"osmTimestamp":"2026-09-06T10:19:41Z","sourceUrl":"https://www.openstreetmap.org/relation/13407146","name":"향원지","waterType":"pond","sourceTags":{"name":"향원지","natural":"water","water":"pond"},"sourceSurveyed":false},"geometry":{"type":"Polygon","coordinates":[[[126.9767929,37.5826849],[126.9767779,37.5827035],[126.9766098,37.58271],[126.9765905,37.5826785],[126.9766074,37.5823695],[126.9766201,37.5821863],[126.9766274,37.5820816],[126.9766307,37.5820385],[126.9766353,37.5820147],[126.9766519,37.5819878],[126.9766957,37.5819543],[126.9767308,37.5819529],[126.9770791,37.5819936],[126.9774689,37.5820584],[126.9775132,37.5820743],[126.9775345,37.5820929],[126.9774246,37.5824691],[126.9773682,37.5825552],[126.9773092,37.5826073],[126.97721,37.5826381],[126.9767929,37.5826849]],[[126.9769981,37.5824862],[126.9770467,37.5824929],[126.9770824,37.5824925],[126.9771228,37.5824824],[126.9771511,37.5824677],[126.9771766,37.5824429],[126.9771914,37.582416],[126.9772061,37.5823846],[126.9772083,37.5823624],[126.977207,37.582336],[126.9771937,37.5823049],[126.9771733,37.5822738],[126.9771303,37.5822535],[126.9770838,37.5822422],[126.9770173,37.5822413],[126.9769798,37.5822491],[126.9769512,37.5822638],[126.9769314,37.5822812],[126.9769193,37.5822929],[126.9769093,37.5823078],[126.9769037,37.582332],[126.9768996,37.582351],[126.9769005,37.5823845],[126.9769102,37.5824195],[126.9769325,37.582446],[126.9769618,37.5824724],[126.9769981,37.5824862]]]}},{"type":"Feature","id":"relation/14399494","properties":{"osmType":"relation","osmId":14399494,"osmVersion":1,"osmTimestamp":"2022-07-29T09:31:53Z","sourceUrl":"https://www.openstreetmap.org/relation/14399494","name":"장자못","waterType":"pond","sourceTags":{"name":"장자못","natural":"water","water":"pond"},"sourceSurveyed":false},"geometry":{"type":"Polygon","coordinates":[[[127.1327347,37.5795253],[127.1326682,37.5794947],[127.1327689,37.5793633],[127.1328967,37.5793147],[127.1337304,37.5796392],[127.1342492,37.5799495],[127.1344148,37.5801088],[127.1344396,37.5801325],[127.1349306,37.5804878],[127.1353986,37.5804132],[127.13603,37.5803721],[127.1374748,37.5808286],[127.1377659,37.5811147],[127.1379898,37.5815438],[127.1384997,37.5818924],[127.1389375,37.5820888],[127.1394196,37.5823725],[127.1399102,37.5829445],[127.1403233,37.5831762],[127.1409643,37.5835035],[127.1411571,37.5836744],[127.1412671,37.5838168],[127.1414579,37.5840838],[127.1415973,37.5844367],[127.1415398,37.5850373],[127.141513,37.585818],[127.1415054,37.5863427],[127.1414785,37.586452],[127.1414525,37.5865281],[127.1413851,37.5865863],[127.1413251,37.5866054],[127.1411973,37.5866203],[127.141112,37.58662],[127.1407352,37.5865161],[127.1406709,37.5864896],[127.1406331,37.5864616],[127.1406139,37.5864216],[127.1406208,37.5863647],[127.1406689,37.5862346],[127.1407572,37.5860675],[127.1409175,37.5857673],[127.1410394,37.5852954],[127.1411085,37.5846405],[127.1410823,37.5844345],[127.1410015,37.5842674],[127.1408007,37.5839776],[127.1406794,37.5838559],[127.1406456,37.5838317],[127.140611,37.5838149],[127.1404488,37.5837495],[127.1402248,37.5836471],[127.1400695,37.583566],[127.1399541,37.5834841],[127.1397444,37.5832594],[127.1396836,37.5831486],[127.1396282,37.5829889],[127.1395773,37.582889],[127.139532,37.5828201],[127.1394525,37.5827668],[127.139258,37.582677],[127.1391072,37.5825614],[127.1388382,37.582232],[127.1386104,37.5821218],[127.1383787,37.5821049],[127.1381507,37.5821602],[127.1377215,37.5818966],[127.1372606,37.5817723],[127.1353256,37.5810535],[127.135149,37.5809719],[127.1349377,37.5807629],[127.1346477,37.5806091],[127.1344761,37.5805001],[127.134417,37.5804746],[127.1343896,37.580604],[127.1343087,37.5806996],[127.1342604,37.5806703],[127.1343074,37.5805728],[127.1343178,37.5804427],[127.1342589,37.5804003],[127.1336956,37.5800941],[127.1333185,37.5798729],[127.1331222,37.579704],[127.1327347,37.5795253]],[[127.1338063,37.5797817],[127.1337459,37.5797543],[127.1337084,37.5797591],[127.1336759,37.5797728],[127.1336447,37.5797844],[127.1336328,37.5798138],[127.1336459,37.5798709],[127.133619,37.5798749],[127.133608,37.5798833],[127.1336225,37.5799231],[127.1336398,37.5799415],[127.1338519,37.5800417],[127.1339211,37.5801123],[127.1339885,37.5801422],[127.1341758,37.5801393],[127.1342454,37.5801017],[127.1342283,37.5800701],[127.1341965,37.58004],[127.1341826,37.5799944],[127.1341283,37.5799757],[127.134113,37.5799401],[127.1340646,37.5799059],[127.133979,37.5799071],[127.1339478,37.5799002],[127.133918,37.579868],[127.1338938,37.5798396],[127.1338882,37.5798028],[127.1338063,37.5797817]],[[127.135689,37.5805705],[127.1355829,37.5805901],[127.1355121,37.5806126],[127.1354838,37.5806855],[127.1354944,37.5807556],[127.1355333,37.5808201],[127.1357527,37.5809239],[127.1358731,37.580952],[127.1360394,37.5809351],[127.1361385,37.5808678],[127.1361279,37.5807781],[127.1360146,37.5807051],[127.1359297,37.5806967],[127.1358448,37.5806546],[127.1358164,37.5805929],[127.135689,37.5805705]]]}},{"type":"Feature","id":"relation/14399647","properties":{"osmType":"relation","osmId":14399647,"osmVersion":1,"osmTimestamp":"2022-07-29T10:24:39Z","sourceUrl":"https://www.openstreetmap.org/relation/14399647","name":"사릉천","waterType":"river","sourceTags":{"name":"사릉천","natural":"water","water":"river"},"sourceSurveyed":false},"geometry":{"type":"Polygon","coordinates":[[[127.1503052,37.6540714],[127.1501536,37.6541229],[127.1502855,37.6539032],[127.1505024,37.6540836],[127.1506688,37.6543226],[127.150717,37.6543454],[127.1507651,37.6543276],[127.1509528,37.6544927],[127.1510126,37.6545153],[127.1511287,37.6545288],[127.1512861,37.6545731],[127.1513419,37.6546064],[127.1514801,37.6547616],[127.1515621,37.6548003],[127.1517824,37.6549797],[127.1520736,37.6551178],[127.1520884,37.6551543],[127.152073,37.6552254],[127.1524403,37.6555361],[127.1526853,37.6557801],[127.1530689,37.6561423],[127.1535209,37.656709],[127.1539092,37.6570488],[127.1542893,37.6572941],[127.1544615,37.6573498],[127.1547912,37.6574571],[127.1557032,37.6574717],[127.1568692,37.6574841],[127.1580669,37.6575392],[127.1580269,37.6576089],[127.1573515,37.6576043],[127.1557751,37.657677],[127.155753,37.6575707],[127.154501,37.6576458],[127.1539358,37.6575008],[127.1535115,37.6572928],[127.1531505,37.6569525],[127.1528044,37.6565096],[127.1525565,37.6562121],[127.1523784,37.6559715],[127.1521267,37.6556841],[127.1519395,37.655531],[127.1516439,37.6553155],[127.1515865,37.6552487],[127.1514719,37.6551438],[127.1513128,37.6550516],[127.1511186,37.65493],[127.1510077,37.6547642],[127.1509368,37.6545397],[127.1507119,37.6544397],[127.1503052,37.6540714]],[[127.1510718,37.6545916],[127.1510508,37.6546905],[127.1510858,37.654782],[127.1511886,37.6548366],[127.1512411,37.6548588],[127.1514046,37.6546998],[127.1513053,37.6546092],[127.1511045,37.6545445],[127.1510041,37.6545424],[127.1510718,37.6545916]]]}},{"type":"Feature","id":"relation/14404854","properties":{"osmType":"relation","osmId":14404854,"osmVersion":3,"osmTimestamp":"2023-10-20T14:19:45Z","sourceUrl":"https://www.openstreetmap.org/relation/14404854","name":null,"waterType":"river","sourceTags":{"natural":"water","water":"river"},"sourceSurveyed":false},"geometry":{"type":"Polygon","coordinates":[[[127.1495444,37.6395798],[127.1492994,37.6395628],[127.1492922,37.6392644],[127.1491635,37.6389161],[127.149034,37.638088],[127.1489437,37.6376965],[127.1488586,37.6366232],[127.1486463,37.6351025],[127.1480424,37.6329346],[127.1476099,37.6321926],[127.1471259,37.631763],[127.146749,37.6314806],[127.1468266,37.6313625],[127.1467642,37.6313077],[127.146713,37.6313131],[127.1465522,37.631171],[127.1462575,37.6309978],[127.1458737,37.6307881],[127.1454419,37.6305531],[127.1453855,37.6305217],[127.1451729,37.6305148],[127.1449723,37.630229],[127.1447824,37.6296833],[127.1441652,37.6288726],[127.1434677,37.6276353],[127.1427492,37.6261871],[127.1425603,37.6254145],[127.1425504,37.6239388],[127.1425577,37.6226352],[127.1425895,37.6207874],[127.1427143,37.6202813],[127.1431144,37.6196645],[127.1440333,37.6181607],[127.1445881,37.6172894],[127.1446804,37.6171275],[127.1447375,37.6170252],[127.1448805,37.6169717],[127.1447929,37.6169304],[127.144835,37.6168642],[127.1449045,37.6168951],[127.1451908,37.6164524],[127.1455443,37.6160766],[127.146106,37.6155963],[127.1466182,37.615069],[127.1470302,37.6144488],[127.1475142,37.6135521],[127.1476445,37.6130337],[127.1477129,37.6126505],[127.1477134,37.6121238],[127.1474957,37.6105792],[127.1474532,37.6098719],[127.1475445,37.6092762],[127.1475419,37.6091485],[127.1474977,37.6090837],[127.1476682,37.608223],[127.1478607,37.6074979],[127.1480517,37.6067542],[127.1483263,37.6057192],[127.1484563,37.6053143],[127.1486613,37.6047307],[127.1486286,37.6047203],[127.1486414,37.6046796],[127.1486748,37.6046855],[127.1492869,37.6032277],[127.1501833,37.6011539],[127.1503676,37.6006363],[127.1505649,37.6002876],[127.1508801,37.5998376],[127.150805,37.599805],[127.1508697,37.599706],[127.1509469,37.5997398],[127.1514398,37.5991441],[127.1518161,37.5987558],[127.152739,37.5978557],[127.1535329,37.5971124],[127.1539615,37.5967756],[127.1555207,37.5960158],[127.156458,37.5956853],[127.1569661,37.5955371],[127.1576033,37.5954437],[127.1580598,37.5953072],[127.160452,37.5950206],[127.1604995,37.5950712],[127.1605665,37.5950688],[127.1606068,37.5949851],[127.1610623,37.5948048],[127.1614238,37.5947224],[127.1619849,37.5945517],[127.1621959,37.5944713],[127.1626591,37.5943135],[127.1628861,37.5941888],[127.1631158,37.5940413],[127.1634726,37.5937583],[127.164029,37.5933337],[127.164102,37.5931387],[127.164241,37.5926083],[127.1643642,37.5925067],[127.1645159,37.5924772],[127.1645953,37.592418],[127.1645929,37.5922477],[127.164655,37.5920857],[127.1646653,37.5919731],[127.1646061,37.5918341],[127.1645588,37.5916903],[127.1645054,37.5912737],[127.1644482,37.5910143],[127.1642753,37.5906508],[127.1639155,37.5891916],[127.1637173,37.5882245],[127.1633721,37.5864635],[127.1630995,37.585116],[127.1628543,37.5841012],[127.1624175,37.5828423],[127.1620548,37.5819589],[127.1618594,37.5817227],[127.161722,37.5815725],[127.1614716,37.5813842],[127.162491,37.5819381],[127.1636643,37.5824397],[127.1635428,37.5824363],[127.1634448,37.5824455],[127.1633792,37.5824702],[127.1633229,37.5824978],[127.1632732,37.5825335],[127.1632424,37.5825776],[127.1632223,37.5826196],[127.1632129,37.5826658],[127.1633095,37.5833932],[127.1636408,37.584519],[127.1637382,37.5850205],[127.1639194,37.5859657],[127.1640229,37.5865544],[127.164071,37.586989],[127.1643025,37.588197],[127.1645479,37.5895041],[127.1645945,37.5897302],[127.1646958,37.5897614],[127.1646988,37.5897827],[127.1646134,37.5898222],[127.1648517,37.5909795],[127.1649188,37.5914641],[127.1649406,37.5918419],[127.1649001,37.5922161],[127.1647873,37.5926394],[127.1648437,37.5927669],[127.1647713,37.5929795],[127.1647015,37.5930241],[127.164609,37.5932452],[127.1641534,37.5938388],[127.1639876,37.5939972],[127.1637179,37.5942135],[127.1634996,37.5943887],[127.1631856,37.5945668],[127.1627469,37.5947788],[127.1627783,37.5948183],[127.1626726,37.5948609],[127.1626349,37.5948113],[127.1625235,37.5948537],[127.1625491,37.5948952],[127.1625098,37.594917],[127.1624847,37.5948728],[127.1621961,37.594974],[127.160911,37.5953185],[127.160516,37.5953777],[127.1599989,37.5954504],[127.15952,37.5955161],[127.1591778,37.5955368],[127.1589239,37.5955522],[127.1587329,37.5956382],[127.1583853,37.5956818],[127.1581326,37.5957157],[127.1577936,37.5957406],[127.1575495,37.5958255],[127.1573095,37.5958876],[127.1570956,37.5959429],[127.1569745,37.5959901],[127.1568437,37.5960268],[127.1563019,37.596148],[127.1559873,37.5962467],[127.1554804,37.5964486],[127.1548661,37.5966526],[127.1545146,37.5968228],[127.1542538,37.5970723],[127.1540588,37.5972732],[127.1528622,37.598434],[127.1527721,37.5985326],[127.1522911,37.5990588],[127.1519085,37.5994401],[127.1515247,37.5998091],[127.1511409,37.6002377],[127.1508813,37.6007189],[127.1502979,37.6021085],[127.1496799,37.603561],[127.1493824,37.6043312],[127.1491281,37.6049033],[127.1491987,37.6049218],[127.1491682,37.6049801],[127.1490986,37.6049698],[127.1490793,37.6050132],[127.1487967,37.6058196],[127.1487699,37.6058962],[127.1487083,37.6060719],[127.1486082,37.6064479],[127.1484624,37.6067662],[127.1484019,37.6070532],[127.1483565,37.6074864],[127.148258,37.6080272],[127.1481336,37.6092298],[127.1480511,37.6094141],[127.1480429,37.6094757],[127.1480574,37.6095254],[127.1480036,37.609771],[127.1479771,37.6102407],[127.1479906,37.6108768],[127.1480516,37.6113251],[127.1482416,37.6124877],[127.1482282,37.6125172],[127.1481978,37.6130685],[127.1482632,37.6130925],[127.1482622,37.6131195],[127.1482609,37.6131554],[127.1481908,37.6131517],[127.1480881,37.6136548],[127.1480414,37.6136677],[127.1477986,37.6141912],[127.1477986,37.6142744],[127.1475249,37.614694],[127.1474435,37.6149963],[127.1473942,37.6149461],[127.1469315,37.6153016],[127.1468817,37.6153892],[127.1467024,37.6156822],[127.146575,37.6159679],[127.1465421,37.6167172],[127.1465007,37.6168797],[127.1462505,37.6173567],[127.1460792,37.6174877],[127.1459973,37.6176638],[127.146017,37.6178218],[127.1459851,37.6178698],[127.1458068,37.6181378],[127.1452238,37.6190392],[127.1449632,37.6194772],[127.1447468,37.6198685],[127.1446988,37.6198856],[127.1446249,37.6199542],[127.1445495,37.6200936],[127.1444859,37.6200775],[127.1444737,37.6200469],[127.1444485,37.6200141],[127.1443932,37.6200333],[127.1443205,37.6200965],[127.1441561,37.6202858],[127.1439935,37.6204731],[127.1440378,37.6207242],[127.143825,37.6213312],[127.1437213,37.6216271],[127.1436891,37.621848],[127.1437186,37.6219712],[127.1435603,37.6226617],[127.1434933,37.6235199],[127.1434665,37.624102],[127.1433189,37.6243718],[127.1432921,37.6248796],[127.1434079,37.6256784],[127.1435251,37.6260655],[127.1441332,37.6272114],[127.1442011,37.6273809],[127.1441186,37.6274764],[127.1443966,37.6280159],[127.1447905,37.6287623],[127.1453472,37.6292296],[127.1458807,37.6296821],[127.1461061,37.6298474],[127.1467041,37.6300225],[127.1472513,37.6303624],[127.1475378,37.6305078],[127.1477879,37.6305408],[127.1478668,37.6306279],[127.1476344,37.6306217],[127.1477209,37.6308467],[127.1483117,37.6315525],[127.1484676,37.6317479],[127.1486337,37.6316614],[127.1487194,37.6317688],[127.1485707,37.6318522],[127.148721,37.6320945],[127.148932,37.6322512],[127.1491952,37.6325188],[127.1493688,37.6328006],[127.1494977,37.6329488],[127.1496186,37.6329637],[127.1496429,37.6330107],[127.1496511,37.6330266],[127.1495294,37.6330452],[127.1494262,37.6330212],[127.1492929,37.6328705],[127.1490908,37.6325733],[127.1489057,37.6323285],[127.1486263,37.6321433],[127.1485894,37.6322208],[127.1491966,37.632998],[127.1491479,37.6330254],[127.1491216,37.6330166],[127.1489836,37.6328335],[127.1487941,37.6328059],[127.1489294,37.6335368],[127.1492372,37.6346047],[127.1493362,37.6352106],[127.1493819,37.6352662],[127.1493566,37.6353397],[127.1493867,37.6354086],[127.1494536,37.6356502],[127.1494166,37.6359224],[127.1495304,37.6362473],[127.1495457,37.636291],[127.1495969,37.6363194],[127.1496432,37.636463],[127.1496805,37.6364799],[127.1497003,37.6365179],[127.1496729,37.6365528],[127.1496841,37.6365869],[127.149657,37.6366222],[127.1496668,37.6366712],[127.1497132,37.6368286],[127.1497643,37.6368655],[127.1498233,37.6367746],[127.1499142,37.6368548],[127.149922,37.6369839],[127.1498247,37.6369873],[127.149802,37.6372793],[127.1497694,37.6379465],[127.1498093,37.6379975],[127.1498486,37.6380639],[127.1498985,37.6380513],[127.1500335,37.6380093],[127.1500715,37.63806],[127.1500857,37.6381565],[127.1499644,37.6382069],[127.1497214,37.638215],[127.149528,37.6388935],[127.1495444,37.6395798]],[[127.145356,37.6304533],[127.1453747,37.6304792],[127.1454427,37.6305519],[127.14624,37.6309846],[127.1462316,37.6309526],[127.1461125,37.630825],[127.1459841,37.6306623],[127.145781,37.6303442],[127.145795,37.6302573],[127.1457459,37.6301796],[127.1455101,37.6299318],[127.1454471,37.6298597],[127.1453537,37.629782],[127.1451529,37.6296378],[127.1451692,37.6296119],[127.1451085,37.6295675],[127.1450384,37.6295287],[127.1450268,37.6295601],[127.1450314,37.629599],[127.1450641,37.6296323],[127.1451178,37.6296729],[127.1451178,37.6297136],[127.1451085,37.629782],[127.1451132,37.6298061],[127.1450889,37.629801],[127.1450431,37.6297691],[127.144945,37.629697],[127.144952,37.6297747],[127.1449777,37.6299485],[127.1449917,37.6300114],[127.1450151,37.6300298],[127.1450501,37.6300188],[127.1450945,37.6300354],[127.1451575,37.6300742],[127.1452206,37.6301408],[127.1452836,37.6302296],[127.1453583,37.6303128],[127.14537,37.630396],[127.145356,37.6304533]],[[127.1460705,37.630396],[127.1459818,37.6303387],[127.1460355,37.6304108],[127.1460448,37.6304774],[127.1460635,37.6305532],[127.1461382,37.630629],[127.1463157,37.6307547],[127.1463881,37.6308158],[127.1464675,37.6308916],[127.1466029,37.6309619],[127.1468924,37.6310321],[127.1470489,37.6310636],[127.1471002,37.6310525],[127.1471026,37.6310303],[127.1470886,37.6309896],[127.1470535,37.63096],[127.146785,37.6307252],[127.1466589,37.6306512],[127.1466216,37.6306272],[127.1465912,37.630568],[127.1465655,37.6305273],[127.1464908,37.6304885],[127.1463694,37.6304552],[127.1463834,37.6304811],[127.146325,37.6304459],[127.1462596,37.6304274],[127.1462059,37.630433],[127.1461452,37.63042],[127.1460705,37.630396]],[[127.1458534,37.6299614],[127.1457203,37.6299041],[127.1457063,37.6299152],[127.1457203,37.6299281],[127.1458464,37.6300391],[127.1458393,37.6300539],[127.145851,37.6300927],[127.1459071,37.6301353],[127.1459771,37.6302425],[127.1460472,37.6303054],[127.1461009,37.6303294],[127.1461219,37.6303165],[127.1461779,37.6303294],[127.146297,37.6303646],[127.1464231,37.6304126],[127.1465258,37.6304681],[127.1465795,37.6305033],[127.1466449,37.6305088],[127.1467056,37.6304903],[127.146757,37.6304108],[127.146736,37.6303461],[127.1466519,37.6302481],[127.1465118,37.6301463],[127.1463297,37.6300502],[127.1461266,37.6299781],[127.1459794,37.6299855],[127.1458534,37.6299614]],[[127.1490367,37.6362369],[127.149049,37.6363608],[127.1490325,37.6367279],[127.1491178,37.6372319],[127.1491385,37.6374404],[127.1492261,37.6374492],[127.1493234,37.6372647],[127.1493697,37.637019],[127.1493568,37.6369017],[127.1493288,37.6366394],[127.1492701,37.6363707],[127.1492593,37.6361286],[127.1492057,37.6360054],[127.149136,37.6359778],[127.1490796,37.6360627],[127.1490367,37.6362369]],[[127.1495705,37.6372968],[127.1496188,37.6373371],[127.1496349,37.6372628],[127.1496268,37.63718],[127.1496134,37.6371099],[127.1495812,37.6371077],[127.1495571,37.6372012],[127.1495705,37.6372968]]]}},{"type":"Feature","id":"relation/14405864","properties":{"osmType":"relation","osmId":14405864,"osmVersion":1,"osmTimestamp":"2022-07-31T13:29:01Z","sourceUrl":"https://www.openstreetmap.org/relation/14405864","name":null,"waterType":"river","sourceTags":{"natural":"water","water":"river"},"sourceSurveyed":false},"geometry":{"type":"Polygon","coordinates":[[[127.164635,37.6988211],[127.1640549,37.6987641],[127.1639997,37.6987474],[127.1639575,37.6987425],[127.1638112,37.6987402],[127.1635696,37.6987148],[127.1635098,37.6987413],[127.1634221,37.6987776],[127.1632997,37.698712],[127.1631557,37.6986492],[127.1630154,37.6986338],[127.1629119,37.6986496],[127.1625595,37.6983984],[127.1623434,37.6982565],[127.1622292,37.6981883],[127.1621047,37.6980628],[127.1620022,37.6979036],[127.1618676,37.697912],[127.1618077,37.6978228],[127.1618248,37.6976984],[127.1617269,37.697652],[127.1617062,37.6975705],[127.1616399,37.6973105],[127.1617374,37.6972313],[127.161727,37.6971474],[127.1617834,37.6971003],[127.1617845,37.69705],[127.1618229,37.6969599],[127.1618066,37.6968456],[127.1618595,37.6967797],[127.1618656,37.696614],[127.1618229,37.6964339],[127.1617538,37.6962569],[127.1616582,37.6958211],[127.1616379,37.6956489],[127.1616328,37.6955734],[127.1616505,37.6955275],[127.1617005,37.6954465],[127.1617733,37.6953951],[127.1618818,37.6952308],[127.1619204,37.6949686],[127.1619591,37.6948029],[127.1620404,37.6946614],[127.1621827,37.6943831],[127.1623046,37.694166],[127.1624388,37.6938137],[127.1626258,37.6934196],[127.1627722,37.6931976],[127.1629714,37.6927054],[127.1630201,37.6926395],[127.1633337,37.6925929],[127.1635106,37.6923724],[127.1635195,37.6921737],[127.16356,37.6920947],[127.1635445,37.6919914],[127.1636049,37.6919102],[127.1635981,37.6918431],[127.1635964,37.6916611],[127.1638093,37.6910303],[127.1643066,37.691078],[127.1642884,37.6912162],[127.1641273,37.6915049],[127.1641113,37.6915668],[127.1641544,37.6916287],[127.1641081,37.6916639],[127.1640295,37.6916662],[127.1639337,37.6917568],[127.1638156,37.6919108],[127.163861,37.6920891],[127.1640537,37.6921849],[127.1641763,37.692317],[127.1642653,37.692715],[127.164398,37.6930294],[127.1647175,37.6937574],[127.1646625,37.6938006],[127.1646997,37.6938706],[127.1647266,37.6939774],[127.164705,37.6941411],[127.1647255,37.6942313],[127.1648547,37.6942782],[127.1649235,37.6944558],[127.1652274,37.6952922],[127.1652546,37.6957915],[127.1652535,37.6959492],[127.1651179,37.6960117],[127.1648613,37.6961251],[127.1646807,37.6962679],[127.1644652,37.6964699],[127.1644662,37.6966771],[127.1644637,37.6967427],[127.1644489,37.6967616],[127.1643878,37.6967217],[127.1643356,37.696704],[127.1643478,37.6967788],[127.1644429,37.6968224],[127.1644425,37.6969011],[127.164362,37.6971666],[127.16439,37.697494],[127.164133,37.6979594],[127.164193,37.698488],[127.1642042,37.6985414],[127.1642648,37.6986046],[127.1643934,37.6986685],[127.1645683,37.6987116],[127.1646478,37.698707],[127.164677,37.6986693],[127.1647183,37.6986603],[127.1647303,37.6987354],[127.1646718,37.6987737],[127.1646163,37.6987784],[127.164635,37.6988211]],[[127.1640064,37.6927502],[127.1640478,37.6927455],[127.163808,37.6923471],[127.1636036,37.6923518],[127.163343,37.6926284],[127.1630172,37.6926799],[127.1627743,37.6932845],[127.1625344,37.693779],[127.162333,37.6942477],[127.1621346,37.6946743],[127.162028,37.6950281],[127.1620339,37.6952273],[127.1619273,37.6953047],[127.1618325,37.6954687],[127.1618621,37.6960827],[127.1619658,37.6967061],[127.1619569,37.6969006],[127.1619332,37.6970669],[127.1619539,37.6975638],[127.1619391,37.6977184],[127.1621198,37.6978754],[127.1624989,37.6981051],[127.1628839,37.698391],[127.1632334,37.6985527],[127.1634111,37.6986534],[127.163879,37.6986558],[127.1640538,37.6986089],[127.1641071,37.6985456],[127.1638405,37.6978473],[127.1639383,37.6975661],[127.164033,37.6971607],[127.1641367,37.6967951],[127.1641752,37.6961999],[127.1642581,37.6956749],[127.1642877,37.695389],[127.1642344,37.6953211],[127.1642522,37.6952554],[127.1643233,37.6952133],[127.1643114,37.6951102],[127.1643055,37.6950188],[127.1643944,37.6949859],[127.1643914,37.6948172],[127.1643351,37.6946883],[127.1643766,37.6944657],[127.1643322,37.6943509],[127.1642907,37.6945055],[127.1642611,37.6945477],[127.1642492,37.6944235],[127.1642019,37.6942407],[127.1641959,37.6941985],[127.1644714,37.6941774],[127.1645513,37.6941774],[127.1645188,37.6937017],[127.1643174,37.6936197],[127.1643114,37.69354],[127.1642137,37.6934556],[127.164187,37.6934838],[127.1642167,37.6935634],[127.1641782,37.6935869],[127.1640627,37.693383],[127.1639679,37.6930947],[127.1639708,37.6929049],[127.1639501,37.6927994],[127.1639294,37.6927385],[127.1639027,37.6926565],[127.1639294,37.6926494],[127.1639827,37.6927127],[127.1640064,37.6927502]],[[127.1642956,37.6961802],[127.1642864,37.6965801],[127.1643234,37.6965727],[127.164348,37.696541],[127.1644528,37.6963704],[127.1646068,37.6962436],[127.1647239,37.6961193],[127.1649673,37.6959754],[127.1650936,37.6958926],[127.1651183,37.6958121],[127.1650474,37.6958438],[127.1650967,37.6956585],[127.1649796,37.6953026],[127.1649365,37.6951417],[127.1648656,37.6952148],[127.1647331,37.6949003],[127.1646561,37.6945224],[127.1645421,37.6942616],[127.1643881,37.6942396],[127.1643881,37.694364],[127.1644497,37.6944517],[127.1644189,37.6945761],[127.164385,37.6947297],[127.164425,37.6947979],[127.1644404,37.6948979],[127.1644312,37.6949808],[127.1643418,37.6950539],[127.1643603,37.6951295],[127.1644004,37.6953172],[127.1643665,37.6955415],[127.1642833,37.6960315],[127.1642956,37.6961802]],[[127.1639923,37.6978455],[127.1640242,37.6978735],[127.1640914,37.6978763],[127.1641197,37.6978371],[127.1642365,37.6976074],[127.1642436,37.6973722],[127.164187,37.6973386],[127.1641268,37.6973498],[127.164056,37.6974394],[127.1639923,37.6975262],[127.1639852,37.697585],[127.1640242,37.6976886],[127.1639923,37.6977502],[127.1639923,37.6978455]]]}},{"type":"Feature","id":"relation/14405911","properties":{"osmType":"relation","osmId":14405911,"osmVersion":1,"osmTimestamp":"2022-07-31T13:52:19Z","sourceUrl":"https://www.openstreetmap.org/relation/14405911","name":"왕숙천","waterType":"river","sourceTags":{"name":"왕숙천","natural":"water","water":"river"},"sourceSurveyed":false},"geometry":{"type":"Polygon","coordinates":[[[127.1539441,37.6715472],[127.1538657,37.6716434],[127.1536487,37.6714873],[127.1533177,37.6714075],[127.153182,37.6713945],[127.1531274,37.6714049],[127.1529298,37.6714426],[127.1524495,37.6703512],[127.1522403,37.6700073],[127.1522725,37.6695615],[127.1520687,37.6693491],[127.1516878,37.6682196],[127.1516363,37.6679818],[127.1515891,37.6679285],[127.1515812,37.6677278],[127.1515058,37.6676765],[127.1515274,37.6676361],[127.1514303,37.6676252],[127.1514104,37.6676694],[127.151364,37.6675869],[127.1513526,37.6674849],[127.1513689,37.6674649],[127.1514122,37.6674801],[127.1514307,37.6674526],[127.1514075,37.6674172],[127.1514462,37.6673695],[127.151443,37.6673275],[127.1514815,37.6673123],[127.151475,37.6672361],[127.1514611,37.6671613],[127.1514246,37.6671083],[127.1513628,37.6671017],[127.1513215,37.6670983],[127.151264,37.6670713],[127.1512535,37.6670384],[127.1513261,37.6670447],[127.1513426,37.6670291],[127.1512978,37.666955],[127.1512755,37.6668714],[127.1512387,37.6668575],[127.1511477,37.6667061],[127.1511574,37.666659],[127.1512542,37.6666729],[127.1512111,37.6664315],[127.1511023,37.6663746],[127.1510975,37.6663405],[127.151166,37.6663419],[127.1511536,37.6662678],[127.1510916,37.6662215],[127.1507297,37.6637361],[127.1508697,37.6636141],[127.1507067,37.663169],[127.1506363,37.6630941],[127.1505454,37.6629249],[127.1504061,37.6628189],[127.1503144,37.6627821],[127.1499051,37.6624376],[127.1498658,37.6624029],[127.1498219,37.6625405],[127.1498693,37.6626634],[127.1497854,37.6626004],[127.1497296,37.6624671],[127.1493018,37.6620073],[127.1493329,37.6619444],[127.1487642,37.6614296],[127.1486199,37.661247],[127.1481389,37.6610348],[127.1479602,37.6608639],[127.1476169,37.6602997],[127.1474961,37.6599408],[127.1475572,37.6597971],[127.1475168,37.6596823],[127.1474793,37.6596386],[127.1474234,37.6596359],[127.1473863,37.659611],[127.1473799,37.6595923],[127.1474066,37.6595681],[127.1473919,37.659532],[127.1473539,37.6595037],[127.1472963,37.6593382],[127.1472608,37.6593205],[127.1471985,37.6590571],[127.1469721,37.6586145],[127.1469494,37.6574054],[127.1471155,37.6568679],[127.1477955,37.6562288],[127.1486146,37.6550521],[127.1491441,37.6542996],[127.1493506,37.6540237],[127.1502023,37.6527897],[127.1503106,37.652742],[127.1503368,37.6526716],[127.1503157,37.6526283],[127.1503957,37.6524906],[127.1503771,37.6523741],[127.1505624,37.6522313],[127.1507249,37.6520595],[127.1506986,37.6518952],[127.1508636,37.6515485],[127.1511124,37.651239],[127.1513117,37.6508289],[127.1514373,37.6504103],[127.1515668,37.6494679],[127.1519056,37.6482482],[127.1519745,37.6480012],[127.1519062,37.6479182],[127.1518688,37.6478495],[127.1519346,37.6477533],[127.1519493,37.647627],[127.1520374,37.6474093],[127.1521716,37.6472952],[127.1522399,37.6471877],[127.1522929,37.646971],[127.1524113,37.6468233],[127.1523651,37.6466684],[127.1522466,37.6463384],[127.1521557,37.6460852],[127.1522619,37.6460123],[127.1525527,37.6465078],[127.1525552,37.6466438],[127.1524005,37.6469605],[127.1523116,37.6472107],[127.1522121,37.6473982],[127.1521584,37.6474566],[127.1520553,37.6475978],[127.1520383,37.647721],[127.1521144,37.6477967],[127.1521862,37.6478543],[127.1522184,37.6479507],[127.1521654,37.6480578],[127.1521676,37.6482428],[127.1522003,37.648306],[127.1522457,37.6483714],[127.1522816,37.6485771],[127.1521785,37.6485528],[127.1521845,37.6488141],[127.1521464,37.6489087],[127.1522149,37.6490264],[127.1522113,37.6491027],[127.151969,37.6494676],[127.1519241,37.6496633],[127.1518733,37.6495028],[127.1518158,37.6494994],[127.1518014,37.6498373],[127.1521288,37.6499148],[127.1522883,37.6502192],[127.1523061,37.6503181],[127.1523318,37.6504957],[127.1522055,37.6507076],[127.1520819,37.6510402],[127.1524118,37.6511435],[127.1523631,37.6512479],[127.1520424,37.6511619],[127.1519703,37.6512577],[127.1519353,37.6514516],[127.151874,37.6515399],[127.1518289,37.6515811],[127.1518115,37.651562],[127.1518767,37.6513846],[127.1518736,37.6513172],[127.1517444,37.6514168],[127.1517646,37.6515005],[127.1515228,37.6518699],[127.1512967,37.6523212],[127.1508541,37.6532238],[127.1507045,37.6532034],[127.1503326,37.6532015],[127.1502372,37.6532485],[127.1500708,37.6533982],[127.1500009,37.6535399],[127.1500276,37.6537143],[127.1502447,37.6540467],[127.1501536,37.6541229],[127.1497238,37.6547062],[127.1496232,37.6547783],[127.1495936,37.6548829],[127.1492913,37.6551482],[127.1491532,37.6553026],[127.1491531,37.6553328],[127.1491991,37.6553735],[127.1491686,37.6554174],[127.1491445,37.655452],[127.1491025,37.6554499],[127.1489823,37.6556853],[127.1487978,37.6559006],[127.1485596,37.6560986],[127.1484451,37.6562072],[127.1484091,37.656264],[127.1484051,37.6563209],[127.148274,37.6565066],[127.1480148,37.6567426],[127.147841,37.6569165],[127.1478236,37.6569585],[127.1478424,37.65698],[127.1477736,37.6570877],[127.1477399,37.6571145],[127.1476764,37.6571166],[127.1476547,37.65714],[127.1476662,37.6571804],[127.1476711,37.6572393],[127.147632,37.6572816],[127.1476003,37.6573246],[127.1475683,37.6573185],[127.1475528,37.6572821],[127.1475777,37.6572367],[127.1475673,37.6572215],[127.1475495,37.6572096],[127.1475134,37.6572127],[127.1475003,37.6572437],[127.1474986,37.6572668],[127.1475233,37.6572773],[127.1475089,37.657319],[127.1474812,37.6573364],[127.1474988,37.6574876],[127.1475103,37.6575099],[127.1474925,37.6575485],[127.1474333,37.6575526],[127.1474859,37.657619],[127.147459,37.6578372],[127.1473907,37.6580026],[127.1474098,37.6585336],[127.1474653,37.6588414],[127.1474936,37.658857],[127.14757,37.6591908],[127.1475337,37.6592212],[127.1475966,37.6595704],[127.1476404,37.659806],[127.1476268,37.6599247],[127.147669,37.6600852],[127.1477145,37.6602045],[127.1479699,37.6605859],[127.148039,37.6607823],[127.1481632,37.6608746],[127.148277,37.660929],[127.1483265,37.6610134],[127.1484966,37.6610933],[127.1486859,37.6611564],[127.148761,37.6612383],[127.1488559,37.6612679],[127.1503495,37.6626943],[127.150425,37.6627188],[127.1504775,37.6627743],[127.150518,37.6627872],[127.1505424,37.662835],[127.1505668,37.6628827],[127.1506212,37.6628929],[127.1506363,37.6629107],[127.150626,37.6629848],[127.1506544,37.663009],[127.150684,37.6630178],[127.1506797,37.6630513],[127.1507092,37.6630734],[127.1508292,37.6632048],[127.1509627,37.6634032],[127.1509995,37.663719],[127.1510052,37.6637864],[127.1511062,37.6637705],[127.1511235,37.6638153],[127.1511197,37.66388],[127.1511628,37.6639169],[127.1513437,37.6643853],[127.1513549,37.6646324],[127.151418,37.6650195],[127.1513843,37.6652828],[127.1514139,37.6659369],[127.1513265,37.665874],[127.1512491,37.6661251],[127.1513143,37.6661724],[127.1513649,37.6661811],[127.1513561,37.6661581],[127.1513806,37.6661379],[127.1513744,37.6661196],[127.1514051,37.6661177],[127.1514378,37.6663361],[127.1513945,37.6663502],[127.151377,37.6662749],[127.1513432,37.6663095],[127.1513527,37.6664577],[127.1513788,37.6665169],[127.1513548,37.666625],[127.1513695,37.6668206],[127.1513989,37.6669114],[127.1514028,37.6669898],[127.1514503,37.6670372],[127.1515229,37.6670764],[127.1519853,37.6676848],[127.1525134,37.669254],[127.152369,37.6700446],[127.1525348,37.6703551],[127.15268,37.6704092],[127.152793,37.6705661],[127.153013,37.6707],[127.1533847,37.6709874],[127.1536209,37.6711094],[127.1538303,37.671076],[127.153849,37.6710422],[127.154093,37.6711351],[127.1540873,37.6712718],[127.1541804,37.6712939],[127.1541789,37.6713451],[127.153885,37.6713168],[127.1539086,37.6714086],[127.1539169,37.6714412],[127.1539441,37.6715472]],[[127.1520035,37.64835],[127.1520338,37.6483629],[127.1520525,37.64835],[127.1520618,37.6482557],[127.1520618,37.6481318],[127.1520758,37.6480671],[127.1521202,37.6479821],[127.1521109,37.6479303],[127.1520688,37.6479063],[127.1520431,37.6479063],[127.1520268,37.6479211],[127.1520268,37.6479913],[127.1520385,37.6480579],[127.1520338,37.6481282],[127.1520058,37.6481651],[127.1519848,37.6482317],[127.1519871,37.648313],[127.1520035,37.64835]],[[127.1521132,37.6502856],[127.1520175,37.6502486],[127.1518377,37.650354],[127.1517373,37.6504409],[127.1517886,37.6505444],[127.1517303,37.6506294],[127.151798,37.6508032],[127.1519031,37.6508309],[127.1520361,37.6507274],[127.1521179,37.6505943],[127.1521225,37.6504797],[127.1521342,37.6504076],[127.1521132,37.6502856]],[[127.1516345,37.6512912],[127.1517046,37.6512986],[127.1517863,37.6511563],[127.1517956,37.6510472],[127.1517419,37.6509788],[127.1516556,37.6509603],[127.1515481,37.6509899],[127.1514337,37.651062],[127.1514081,37.6511822],[127.1514571,37.6512709],[127.1515902,37.6513338],[127.1516345,37.6512912]],[[127.1515785,37.6516462],[127.1515995,37.6516314],[127.1516229,37.651526],[127.1516392,37.6514502],[127.1516789,37.6513985],[127.1517069,37.6513707],[127.1516485,37.6513541],[127.1515855,37.6514059],[127.1515411,37.651478],[127.1515318,37.6515667],[127.1514874,37.6515907],[127.1515365,37.6516314],[127.1515785,37.6516462]],[[127.1514034,37.6517553],[127.1513917,37.6517275],[127.1513754,37.6516259],[127.1514407,37.6515001],[127.1514734,37.6514114],[127.1514174,37.6513763],[127.1513077,37.651417],[127.1512539,37.6514964],[127.1512376,37.6515889],[127.1512539,37.6516702],[127.1512843,37.6517386],[127.151338,37.6517774],[127.1514034,37.6517553]],[[127.1509014,37.6527239],[127.1508944,37.6527942],[127.1509504,37.6526796],[127.1510205,37.6526001],[127.1510485,37.6525391],[127.1511582,37.6524078],[127.1510998,37.6523967],[127.1511701,37.6523048],[127.1512461,37.652176],[127.1513136,37.6520824],[127.1512632,37.6520281],[127.1511922,37.6520131],[127.1510783,37.6521134],[127.1510375,37.652175],[127.1509911,37.6521739],[127.1509644,37.6522137],[127.1509177,37.6522599],[127.1508967,37.6523283],[127.1509434,37.6524152],[127.1509504,37.6524688],[127.150906,37.6525187],[127.1509271,37.6525613],[127.1509714,37.6525187],[127.1510111,37.6524947],[127.1510251,37.6525132],[127.1510251,37.6525372],[127.1509598,37.6525797],[127.1509201,37.6526426],[127.1509014,37.6527239]],[[127.1505745,37.6528922],[127.1506842,37.6528737],[127.1507356,37.6527979],[127.1507496,37.6527276],[127.1507239,37.6526814],[127.1507286,37.6525945],[127.1507706,37.6525779],[127.150808,37.6526167],[127.1508383,37.6525742],[127.1508899,37.6524683],[127.1508548,37.6523877],[127.1507543,37.6525058],[127.1507169,37.6525705],[127.1506796,37.6526223],[127.1506912,37.6526833],[127.1506936,37.6527202],[127.1506445,37.6527886],[127.1505535,37.6528459],[127.1505745,37.6528922]],[[127.1507286,37.6529753],[127.1506959,37.6529532],[127.1505605,37.6529532],[127.1505044,37.6529827],[127.1505185,37.6530363],[127.1504718,37.6531195],[127.1504834,37.6531584],[127.1505581,37.6531639],[127.1506399,37.6531232],[127.1507263,37.653029],[127.1507286,37.6529753]],[[127.1498156,37.6544352],[127.1498063,37.6543465],[127.1496615,37.6543132],[127.1494981,37.6543354],[127.149421,37.6543779],[127.1493673,37.6544851],[127.1493977,37.6545535],[127.1494374,37.654535],[127.1495144,37.6544796],[127.1495658,37.6545073],[127.1495191,37.6546275],[127.1495238,37.654657],[127.1495775,37.6546496],[127.1497059,37.6545849],[127.1497713,37.6545018],[127.1498156,37.6544352]],[[127.1485104,37.6560394],[127.1485392,37.6560622],[127.1486255,37.6560288],[127.14866,37.6559817],[127.1486869,37.6559377],[127.1487463,37.655883],[127.1487597,37.6558375],[127.148754,37.655798],[127.1486849,37.6558101],[127.148706,37.6558603],[127.1485718,37.6559665],[127.1485315,37.6560151],[127.1485104,37.6560394]],[[127.1476159,37.6569705],[127.14766,37.6570135],[127.1476497,37.6570309],[127.1476732,37.6570391],[127.1477099,37.6570344],[127.1477275,37.6570112],[127.1476761,37.656931],[127.1476233,37.6569182],[127.1476159,37.6569705]],[[127.153013,37.6713389],[127.1533158,37.6713469],[127.153387,37.6713131],[127.1533423,37.6711973],[127.1528402,37.6710219],[127.153013,37.6713389]],[[127.1537463,37.6714581],[127.1538416,37.671527],[127.1538652,37.6714892],[127.1538307,37.6713235],[127.1538957,37.6712591],[127.1537229,37.6711867],[127.1536213,37.6711465],[127.1533733,37.6710146],[127.1529708,37.6707378],[127.1527757,37.6706107],[127.1526496,37.6704144],[127.1525502,37.670381],[127.1526027,37.670495],[127.1528905,37.6709718],[127.1533001,37.6711494],[127.1534025,37.6711786],[127.1534119,37.6712109],[127.1535192,37.6712481],[127.1535623,37.6712334],[127.1537839,37.6713315],[127.1537107,37.6713846],[127.1537463,37.6714581]]]}},{"type":"Feature","id":"relation/14405917","properties":{"osmType":"relation","osmId":14405917,"osmVersion":3,"osmTimestamp":"2024-07-29T01:54:39Z","sourceUrl":"https://www.openstreetmap.org/relation/14405917","name":null,"waterType":"river","sourceTags":{"natural":"water","water":"river"},"sourceSurveyed":false},"geometry":{"type":"Polygon","coordinates":[[[127.1643355,37.6910362],[127.1643066,37.691078],[127.1638093,37.6910303],[127.1639017,37.6908366],[127.1639044,37.6907623],[127.1639872,37.6906421],[127.1640502,37.6905255],[127.1640707,37.6904113],[127.1641613,37.690294],[127.1642306,37.6901124],[127.164469,37.6896595],[127.1650208,37.6886773],[127.1650661,37.6885679],[127.1650531,37.6885222],[127.1650462,37.6884741],[127.1650726,37.6884437],[127.1656471,37.6889057],[127.165713,37.6888016],[127.1656279,37.6887652],[127.1655346,37.6886869],[127.1652585,37.688466],[127.165298,37.6884005],[127.165336,37.6883244],[127.1654079,37.6882992],[127.1654194,37.6883348],[127.1654496,37.6883703],[127.1654972,37.6883881],[127.1656409,37.6884002],[127.165666,37.6884915],[127.1656176,37.6884985],[127.1655792,37.6885503],[127.1655965,37.6886743],[127.1656499,37.6887428],[127.1656991,37.68875],[127.1657364,37.6887087],[127.1658202,37.6885997],[127.165951,37.6885163],[127.1659609,37.6884862],[127.1659395,37.6884647],[127.166025,37.6883729],[127.1660295,37.6883197],[127.1661234,37.6882361],[127.1661451,37.6881134],[127.1661925,37.6880498],[127.1662577,37.687859],[127.1662402,37.6878353],[127.1661914,37.6878654],[127.1661664,37.6879432],[127.1661282,37.6880116],[127.1660981,37.6880707],[127.1660831,37.6881079],[127.1660811,37.6881454],[127.1659932,37.6881649],[127.1660468,37.6880169],[127.1660621,37.6878509],[127.1661094,37.6877892],[127.1663778,37.6875348],[127.1665,37.6873091],[127.166617,37.6868923],[127.1666474,37.686732],[127.1668775,37.6863691],[127.1671264,37.6857416],[127.1671945,37.6854725],[127.1671445,37.6854592],[127.1670911,37.6854784],[127.1670593,37.6854686],[127.1670656,37.6854142],[127.1671781,37.6853234],[127.1671632,37.6852382],[127.1672186,37.6850042],[127.1673001,37.6849597],[127.1673157,37.6849047],[127.1672555,37.6848513],[127.1673195,37.6848393],[127.1673359,37.6847956],[127.1672964,37.6847313],[127.1675987,37.6840671],[127.1676185,37.6839411],[127.1676816,37.6838309],[127.1678327,37.6831865],[127.1677942,37.683098],[127.1678831,37.6829306],[127.167895,37.6828639],[127.1679445,37.6825939],[127.1678206,37.6822348],[127.1675817,37.6820301],[127.1675431,37.6820502],[127.1675349,37.6820839],[127.1675755,37.6821544],[127.1675973,37.6822372],[127.1676358,37.6823128],[127.1676066,37.6823469],[127.1675389,37.6822542],[127.1674837,37.682159],[127.167412,37.6820728],[127.1673025,37.6821099],[127.1672636,37.6820346],[127.1672277,37.6819786],[127.1674548,37.6819155],[127.1675868,37.681796],[127.1675579,37.6816374],[127.1676188,37.6816464],[127.1676458,37.6815701],[127.1677569,37.6816608],[127.1677878,37.681683],[127.167814,37.6816575],[127.167799,37.6816134],[127.1677179,37.6813348],[127.1674983,37.6811369],[127.1670621,37.680858],[127.1668488,37.6805057],[127.1667805,37.6801592],[127.1664558,37.679736],[127.1662507,37.6794485],[127.1660011,37.6790084],[127.1659335,37.678949],[127.1658976,37.6788866],[127.1658583,37.6788337],[127.1657449,37.6787342],[127.1657785,37.6787147],[127.1657417,37.6786617],[127.1656827,37.6786475],[127.1655396,37.6784479],[127.1653343,37.6779816],[127.1650693,37.6776589],[127.1647917,37.6774618],[127.1647686,37.6775785],[127.1647034,37.6775499],[127.1646895,37.6774918],[127.1645919,37.6774035],[127.1645463,37.677312],[127.1644329,37.6772666],[127.1642726,37.677162],[127.1642571,37.6770943],[127.1641794,37.6769884],[127.1640414,37.6768534],[127.1639602,37.6766662],[127.1637258,37.6763361],[127.1630809,37.6756535],[127.1622843,37.6751874],[127.162028,37.6750949],[127.161406,37.6747897],[127.1609672,37.6747309],[127.16093,37.674805],[127.1608523,37.6747928],[127.1608621,37.6747236],[127.1605572,37.6747464],[127.1604388,37.6747884],[127.1603742,37.6748638],[127.1603945,37.6749224],[127.1603474,37.6749034],[127.1603347,37.6748831],[127.1603282,37.6747955],[127.1602547,37.6747631],[127.1602471,37.6747491],[127.1602581,37.6746863],[127.1602345,37.6746857],[127.1602296,37.6745356],[127.1602263,37.6744267],[127.1601937,37.6743575],[127.1601691,37.6743319],[127.1597928,37.6742877],[127.1594982,37.6741021],[127.1582238,37.673765],[127.1581026,37.6737194],[127.1580243,37.6736526],[127.1578409,37.6736421],[127.1577674,37.6736485],[127.1578117,37.673684],[127.1579194,37.6737339],[127.1578725,37.6737484],[127.1578113,37.6737485],[127.1577135,37.6736903],[127.1575782,37.6736322],[127.1575232,37.6735838],[127.1573399,37.6735191],[127.1568213,37.6733061],[127.1563635,37.6731419],[127.1548703,37.6724497],[127.1547435,37.6721901],[127.1546545,37.672196],[127.1544497,37.6720454],[127.1544028,37.6719774],[127.1542802,37.6719274],[127.1542959,37.671883],[127.1541127,37.6717876],[127.1541033,37.6718539],[127.1542037,37.6719551],[127.1541207,37.6719367],[127.1540138,37.6718667],[127.1539003,37.6716956],[127.1538657,37.6716434],[127.1539441,37.6715472],[127.1540774,37.6716336],[127.1546024,37.6718996],[127.1548495,37.6721164],[127.1549433,37.6723597],[127.1553674,37.6725818],[127.1563309,37.6730216],[127.1567094,37.6731077],[127.1573212,37.6733193],[127.1575612,37.6734176],[127.157594,37.6733452],[127.1578394,37.6734187],[127.1578395,37.6734587],[127.1579691,37.673532],[127.1580932,37.6735318],[127.1580311,37.6734826],[127.158188,37.6735284],[127.1583059,37.6735753],[127.1583991,37.6736002],[127.158523,37.6735927],[127.1585826,37.6736348],[127.1588298,37.6737155],[127.1598041,37.6739399],[127.1599067,37.6739112],[127.1602215,37.6739512],[127.1602418,37.6735672],[127.1603322,37.6735787],[127.1604197,37.6736103],[127.1605717,37.6737],[127.1610722,37.6739536],[127.161809,37.6743297],[127.1624937,37.6746401],[127.1631596,37.6750207],[127.1639155,37.6755337],[127.1639966,37.6756549],[127.163975,37.6757059],[127.1643584,37.6760424],[127.1642873,37.6760591],[127.1641135,37.6760277],[127.1641068,37.67605],[127.1641358,37.6761205],[127.1645759,37.6766518],[127.1650652,37.6771465],[127.1656729,37.6777355],[127.1658165,37.6781113],[127.1658434,37.6782803],[127.166042,37.6785403],[127.1660223,37.6785645],[127.1659522,37.6785452],[127.1659462,37.6786226],[127.1660204,37.6786673],[127.1660508,37.6786284],[127.166138,37.6787313],[127.1661893,37.6787417],[127.1662301,37.67879],[127.1662132,37.6788003],[127.1662249,37.6788793],[127.1662616,37.6788822],[127.1662955,37.6789425],[127.1663176,37.678948],[127.1663604,37.6790808],[127.166475,37.6792922],[127.1664658,37.6793612],[127.1666539,37.6797707],[127.1668838,37.6800824],[127.1669375,37.6804888],[127.1669772,37.6805358],[127.167229,37.680603],[127.1674687,37.6806384],[127.1676597,37.6806209],[127.1678249,37.6806478],[127.1678888,37.680694],[127.1679323,37.6807468],[127.1680398,37.6807621],[127.1681621,37.6809976],[127.1682866,37.6811001],[127.1684139,37.6814453],[127.1685347,37.6817217],[127.1685523,37.6817793],[127.1686877,37.6823855],[127.1687229,37.6836135],[127.1686449,37.6837414],[127.1687344,37.6838075],[127.1687422,37.6838727],[127.1686717,37.683889],[127.1685941,37.6838628],[127.1685218,37.6838985],[127.1684968,37.6839709],[127.1685381,37.6840162],[127.1685886,37.6840427],[127.1686766,37.6840609],[127.1686745,37.6840875],[127.1684717,37.6841406],[127.1682319,37.6846264],[127.1681633,37.6847582],[127.1681394,37.6847928],[127.1680741,37.6848028],[127.1680758,37.6848846],[127.1681214,37.6849132],[127.1680188,37.6851659],[127.1679737,37.6851602],[127.1679194,37.6852325],[127.1679554,37.685341],[127.1680234,37.6853575],[127.1680158,37.6853994],[127.167965,37.685434],[127.1679114,37.6854272],[127.1678928,37.6853569],[127.1677803,37.6854215],[127.1678418,37.685486],[127.1677331,37.6856728],[127.1677195,37.685708],[127.1676453,37.685703],[127.1676419,37.6857909],[127.1676809,37.6857835],[127.1676731,37.6858081],[127.1676412,37.6858443],[127.1676694,37.6859024],[127.1675362,37.6859472],[127.167537,37.6860317],[127.1674379,37.6860842],[127.1673722,37.686207],[127.1673965,37.6862702],[127.1674624,37.6862668],[127.1674658,37.6863351],[127.1674289,37.6863734],[127.1673577,37.686386],[127.1673334,37.6864149],[127.167293,37.6864111],[127.1672721,37.686444],[127.1672952,37.6864598],[127.1671254,37.6866831],[127.1669441,37.6869597],[127.1668001,37.6871904],[127.1666344,37.6874822],[127.1663803,37.6879374],[127.1663026,37.6881289],[127.1662927,37.6881549],[127.1662541,37.6881858],[127.1662501,37.6882115],[127.1662638,37.6882314],[127.1662212,37.6883441],[127.1661221,37.6884887],[127.1659463,37.68902],[127.1658727,37.6890842],[127.1657207,37.6891089],[127.1655197,37.6891667],[127.1653884,37.689295],[127.1652109,37.6895596],[127.164969,37.6900162],[127.1648552,37.6900705],[127.1647779,37.6902306],[127.1646691,37.6904153],[127.164717,37.6904828],[127.1647577,37.6905048],[127.1647648,37.6905503],[127.1648911,37.6907284],[127.1648438,37.6906977],[127.164692,37.6905059],[127.1646348,37.6904812],[127.1646285,37.6904933],[127.1645828,37.690526],[127.1644843,37.6907372],[127.1644866,37.6908089],[127.1643355,37.6910362]],[[127.1599251,37.6739734],[127.1597544,37.6740265],[127.1597544,37.6740474],[127.1597991,37.6740635],[127.1598946,37.6740989],[127.1599495,37.6740828],[127.1600735,37.6741294],[127.1601385,37.6741294],[127.1601812,37.6740908],[127.160165,37.6740104],[127.1600715,37.6739846],[127.1599251,37.6739734]],[[127.1596263,37.6740651],[127.1596243,37.6740876],[127.1597259,37.6741857],[127.1598031,37.6742195],[127.1599353,37.6742453],[127.1600898,37.6742469],[127.1600796,37.6741873],[127.159797,37.6740972],[127.159671,37.674057],[127.1596263,37.6740651]],[[127.1594145,37.6738645],[127.1593211,37.6738682],[127.1594472,37.6739476],[127.1596106,37.6739957],[127.1597134,37.6739587],[127.1597134,37.6739403],[127.1594145,37.6738645]],[[127.1683021,37.6814155],[127.1683407,37.6813995],[127.1682675,37.6811292],[127.1681862,37.6810825],[127.1681293,37.6810439],[127.1680114,37.6808589],[127.1680135,37.6808058],[127.1679769,37.6807736],[127.167924,37.6807704],[127.1678671,37.6807447],[127.1677268,37.6806578],[127.1675967,37.6806498],[127.1674138,37.6806594],[127.1672898,37.6806433],[127.1671577,37.6806112],[127.1669686,37.6805613],[127.1670032,37.6806707],[127.1670865,37.6807608],[127.1671943,37.6808155],[127.1673426,37.6809393],[127.1676902,37.6811791],[127.1677736,37.6812884],[127.1678427,37.6813415],[127.1678691,37.6814252],[127.1679077,37.6814735],[127.1680013,37.6814847],[127.1680948,37.6813962],[127.1681354,37.6813914],[127.1681923,37.6814332],[127.1683021,37.6814155]],[[127.1658023,37.6889412],[127.165828,37.6889565],[127.1659495,37.6889318],[127.1659831,37.68885],[127.1660217,37.6887082],[127.1660155,37.6886669],[127.1660079,37.6886583],[127.1658023,37.6889412]]]}},{"type":"Feature","id":"relation/14410319","properties":{"osmType":"relation","osmId":14410319,"osmVersion":1,"osmTimestamp":"2022-08-01T12:09:43Z","sourceUrl":"https://www.openstreetmap.org/relation/14410319","name":"왕숙천","waterType":"river","sourceTags":{"name":"왕숙천","name:ko":"왕숙천","natural":"water","water":"river"},"sourceSurveyed":false},"geometry":{"type":"Polygon","coordinates":[[[127.1521064,37.6453234],[127.1522619,37.6460123],[127.1521557,37.6460852],[127.1520784,37.6458707],[127.1517328,37.644717],[127.1516955,37.6443435],[127.1515414,37.6435781],[127.1510463,37.6435337],[127.1510697,37.6436668],[127.1510043,37.6436816],[127.1509249,37.6436372],[127.1506214,37.6428015],[127.1505186,37.6424835],[127.1503318,37.6420582],[127.1502571,37.6416811],[127.1501777,37.6414555],[127.1499069,37.6408675],[127.1499489,37.6407603],[127.1498088,37.640531],[127.1493856,37.6397599],[127.1493685,37.6397134],[127.1492994,37.6395628],[127.1495444,37.6395798],[127.1495927,37.6396542],[127.1496733,37.6396804],[127.149712,37.6396769],[127.1497333,37.6396455],[127.1497351,37.639626],[127.149774,37.6396341],[127.1497849,37.6397035],[127.1498742,37.6398062],[127.1504439,37.6401612],[127.1505513,37.6404311],[127.1509296,37.6408601],[127.150981,37.6412484],[127.1510323,37.6416367],[127.1513546,37.6420398],[127.1513919,37.64238],[127.1513639,37.6423578],[127.1512892,37.6421248],[127.150981,37.6416663],[127.1508829,37.6412003],[127.1508829,37.6409821],[127.1505093,37.6405273],[127.1503505,37.6402056],[127.1498835,37.6399245],[127.1498041,37.6399319],[127.1501264,37.6404422],[127.1502805,37.6408231],[127.1501731,37.640886],[127.150542,37.641866],[127.1505725,37.6420045],[127.1504841,37.6419778],[127.1504673,37.6420102],[127.1505747,37.6421729],[127.1508383,37.6423227],[127.1510326,37.6425125],[127.1510446,37.6423894],[127.1509924,37.6422294],[127.1510473,37.6422369],[127.1511458,37.642339],[127.1511399,37.6424704],[127.1511891,37.6424963],[127.1512478,37.6424113],[127.1512845,37.6424243],[127.1514573,37.6427978],[127.1516628,37.6432711],[127.1518449,37.6437593],[127.1518916,37.6442696],[127.1520084,37.6449093],[127.1521064,37.6453234]],[[127.1509814,37.6433581],[127.1509781,37.643476],[127.1514182,37.6435153],[127.1514546,37.6434787],[127.1513388,37.6431355],[127.151127,37.6426848],[127.1507995,37.6423338],[127.1506307,37.6422971],[127.1505943,37.6423181],[127.1505645,37.6423862],[127.1505811,37.64247],[127.1505811,37.6425748],[127.1506638,37.6427084],[127.1507763,37.6427713],[127.1509351,37.6432533],[127.1509814,37.6433581]]]}},{"type":"Feature","id":"relation/14413714","properties":{"osmType":"relation","osmId":14413714,"osmVersion":2,"osmTimestamp":"2024-07-29T01:58:56Z","sourceUrl":"https://www.openstreetmap.org/relation/14413714","name":null,"waterType":"river","sourceTags":{"natural":"water","water":"river"},"sourceSurveyed":false},"geometry":{"type":"Polygon","coordinates":[[[127.1492922,37.6392644],[127.1492994,37.6395628],[127.1491569,37.6400186],[127.1490074,37.6403895],[127.1488771,37.640537],[127.1486163,37.6409593],[127.1485603,37.6410244],[127.1484711,37.6410502],[127.1484266,37.6412197],[127.1481281,37.6415264],[127.1479455,37.6419543],[127.1478397,37.642111],[127.1478167,37.6420867],[127.147722,37.6421441],[127.1477326,37.6421949],[127.1476636,37.6422974],[127.1476922,37.6423466],[127.1475034,37.6426367],[127.1472509,37.6430694],[127.1470678,37.6434318],[127.1470157,37.6434788],[127.1470038,37.6435584],[127.1469587,37.6436476],[127.1466522,37.6439252],[127.1466272,37.6439679],[127.1464108,37.6440802],[127.1462671,37.6441607],[127.1459126,37.6443127],[127.1454485,37.644445],[127.1451657,37.644487],[127.144939,37.6444977],[127.1448921,37.6444988],[127.1448585,37.6444775],[127.1446632,37.6444749],[127.1443744,37.6445147],[127.1441169,37.6445954],[127.1438728,37.6447196],[127.1436073,37.6448683],[127.14361,37.6448417],[127.1435979,37.6448364],[127.1435496,37.6449978],[127.1432935,37.6452251],[127.1431406,37.6453685],[127.1429877,37.6454959],[127.1427624,37.6456955],[127.1424392,37.645909],[127.1423774,37.6458837],[127.1422873,37.6459],[127.1423304,37.6459291],[127.1423533,37.6459645],[127.142283,37.64601],[127.1422628,37.6459747],[127.1421843,37.6459836],[127.1421236,37.646052],[127.142024,37.6461249],[127.141943,37.6461702],[127.1416184,37.6462817],[127.1414068,37.6463219],[127.141121,37.6463984],[127.1409352,37.6464085],[127.1407307,37.6464438],[127.1402216,37.6463474],[127.1399918,37.6462666],[127.139389,37.6459593],[127.1391723,37.6458],[127.1390006,37.6456748],[127.1389325,37.645716],[127.13891,37.645695],[127.1389661,37.6456496],[127.1387048,37.645459],[127.1385714,37.6454046],[127.1383139,37.6451433],[127.1380476,37.6448887],[127.1377574,37.6447819],[127.1375173,37.6446623],[127.1373296,37.6445752],[127.1372451,37.6445826],[127.1371083,37.6445147],[127.1370023,37.6445678],[127.1366121,37.6444754],[127.1352753,37.6441811],[127.1349577,37.6440625],[127.1347688,37.6439759],[127.1346602,37.6439642],[127.1344465,37.6438818],[127.1342894,37.6437572],[127.1342553,37.6437468],[127.1342028,37.6436976],[127.1341201,37.6436781],[127.1341563,37.6437129],[127.1338631,37.643706],[127.1336761,37.6436823],[127.1334994,37.6436354],[127.1329093,37.64332],[127.1327752,37.6431894],[127.132683,37.6430695],[127.1326683,37.6429265],[127.1326513,37.6428182],[127.1325452,37.6426412],[127.1323568,37.6424917],[127.1321408,37.6423547],[127.131595,37.6419491],[127.131477,37.6417749],[127.1314314,37.6415243],[127.1313563,37.6412439],[127.1311283,37.6410315],[127.1309607,37.6409073],[127.1308292,37.640851],[127.1306509,37.6408553],[127.1303706,37.6409179],[127.1300071,37.6410241],[127.1296062,37.6411738],[127.1293822,37.6413013],[127.1292588,37.641451],[127.129059,37.6416846],[127.128866,37.6418104],[127.1291542,37.6413958],[127.1291435,37.6413661],[127.1290308,37.6413756],[127.1293178,37.6411877],[127.129645,37.6410422],[127.1299562,37.6409137],[127.1303344,37.640799],[127.1306469,37.6407523],[127.1308748,37.6407926],[127.1311176,37.6408924],[127.1313107,37.6410209],[127.1315119,37.6412418],[127.1317613,37.6417016],[127.1321274,37.6422645],[127.1322696,37.6423558],[127.1325621,37.6425225],[127.1325552,37.6425596],[127.1325927,37.6426096],[127.1326928,37.6427059],[127.1327976,37.6429231],[127.1329349,37.6431439],[127.1330191,37.6432688],[127.1330944,37.6433253],[127.1333076,37.6434761],[127.1334364,37.6435292],[127.1335731,37.6435547],[127.1336742,37.6435892],[127.1339382,37.6435552],[127.1340025,37.6435555],[127.1340728,37.6435776],[127.1340503,37.6434991],[127.1343711,37.6436673],[127.1347922,37.6438797],[127.1349772,37.6439117],[127.1352144,37.6440057],[127.1354038,37.6440309],[127.135857,37.644143],[127.1362607,37.6441802],[127.1370211,37.6443278],[127.1373926,37.6444435],[127.1378741,37.6446803],[127.1382161,37.644856],[127.1382415,37.6450078],[127.138266,37.6450269],[127.1383341,37.6449869],[127.1384641,37.6451003],[127.1385374,37.645165],[127.1387113,37.6452872],[127.1392149,37.6456731],[127.1395209,37.6458612],[127.1398106,37.645978],[127.1403095,37.6461617],[127.1408299,37.6462174],[127.1410506,37.6462332],[127.1412195,37.6462319],[127.1412704,37.646246],[127.1413192,37.6462395],[127.1415162,37.6462114],[127.1413856,37.6461697],[127.1415166,37.6461431],[127.1416172,37.6461573],[127.1417591,37.6461005],[127.1417158,37.6460835],[127.1419718,37.6460097],[127.1421871,37.6458484],[127.1426792,37.6455635],[127.1427396,37.64555],[127.1428053,37.6454821],[127.1429117,37.6453301],[127.1429998,37.6452283],[127.1431603,37.6450529],[127.1432848,37.6449366],[127.1434093,37.6449072],[127.1435973,37.6447727],[127.1438696,37.6446145],[127.1441679,37.6444786],[127.1444508,37.6444011],[127.1446922,37.6443872],[127.1450094,37.6443638],[127.145444,37.6443133],[127.1459247,37.6441879],[127.146007,37.6441535],[127.1461368,37.644034],[127.1464142,37.6439043],[127.1465285,37.6437755],[127.1466309,37.6436357],[127.146763,37.6434925],[127.147032,37.643043],[127.1471616,37.6426441],[127.1474791,37.6422188],[127.1477929,37.641794],[127.1482163,37.6410729],[127.148308,37.6410433],[127.1484411,37.6409154],[127.1485281,37.6407742],[127.1485958,37.6406706],[127.1486526,37.640605],[127.1488173,37.6404554],[127.1489321,37.6404061],[127.1490269,37.6400955],[127.1491047,37.6397291],[127.1492286,37.6395189],[127.1492922,37.6392644]],[[127.1484988,37.6409001],[127.1484895,37.6409212],[127.1485054,37.6409317],[127.148552,37.6409317],[127.1485587,37.6409106],[127.148588,37.6408948],[127.1486319,37.6408463],[127.1486719,37.6408083],[127.1486879,37.6407704],[127.1486998,37.6407219],[127.1486745,37.6407145],[127.1486532,37.6407314],[127.1486093,37.6407946],[127.1485494,37.6408484],[127.1485401,37.6408748],[127.1484988,37.6409001]],[[127.1435104,37.6448808],[127.1434943,37.6448802],[127.1434247,37.6449261],[127.1433366,37.6449628],[127.1432532,37.6450197],[127.1431929,37.6450968],[127.143281,37.6450619],[127.1433227,37.6450215],[127.1433923,37.644972],[127.1434119,37.6449715],[127.1435117,37.6449251],[127.1435104,37.6448808]],[[127.1407788,37.6462663],[127.1407221,37.6462688],[127.1407102,37.646292],[127.1407222,37.6463173],[127.1407992,37.6463341],[127.1408479,37.6463268],[127.1408896,37.6463066],[127.1409313,37.6462772],[127.1410078,37.6462588],[127.1410211,37.6462504],[127.1409971,37.6462441],[127.1408973,37.6462357],[127.1408547,37.6462304],[127.1408334,37.6462473],[127.1408054,37.6462568],[127.1407788,37.6462663]],[[127.1410472,37.6463561],[127.1411029,37.6463543],[127.1411516,37.6463378],[127.1411562,37.6463139],[127.1411214,37.6462992],[127.1410519,37.6462992],[127.1410032,37.6463102],[127.1410009,37.6463323],[127.1410472,37.6463561]],[[127.1373832,37.6445094],[127.1373068,37.6444512],[127.1372941,37.6444528],[127.1372884,37.6444597],[127.1373052,37.6444742],[127.1373251,37.644496],[127.1373113,37.6445081],[127.1373251,37.6445239],[127.1373481,37.644536],[127.137371,37.6445324],[127.1373802,37.6445239],[127.1373832,37.6445094]],[[127.1371943,37.644406],[127.1372306,37.6444348],[127.1372654,37.6444389],[127.1372899,37.6444367],[127.1372886,37.6444252],[127.1372792,37.6444173],[127.1372181,37.6443992],[127.1372031,37.6443983],[127.1371943,37.644406]]]}},{"type":"Feature","id":"relation/14472583","properties":{"osmType":"relation","osmId":14472583,"osmVersion":2,"osmTimestamp":"2022-08-18T13:12:54Z","sourceUrl":"https://www.openstreetmap.org/relation/14472583","name":null,"waterType":"river","sourceTags":{"natural":"water","water":"river"},"sourceSurveyed":false},"geometry":{"type":"Polygon","coordinates":[[[127.1663343,37.7014658],[127.16635039960474,37.7014794],[127.16620783341149,37.7014794],[127.1662075,37.701479],[127.1660676,37.7013302],[127.1658795,37.7011869],[127.1658199,37.7011633],[127.1655676,37.7008257],[127.1654208,37.7005716],[127.1653428,37.7004501],[127.1651639,37.700274],[127.1651455,37.700176],[127.1650194,37.7000798],[127.1649483,37.6999437],[127.1648473,37.6998621],[127.1647143,37.6996697],[127.1646937,37.6996189],[127.164618,37.6995481],[127.1646294,37.6996588],[127.1646019,37.6996606],[127.1645675,37.6996116],[127.1645285,37.6995989],[127.1644391,37.699461],[127.164306,37.6995735],[127.1642991,37.6995318],[127.1644001,37.6994374],[127.1644459,37.6994247],[127.1644299,37.6993194],[127.1643198,37.6990653],[127.1640549,37.6987641],[127.164635,37.6988211],[127.1648168,37.6991718],[127.1648886,37.6993472],[127.1650124,37.6995052],[127.1649725,37.6995652],[127.1650384,37.6995826],[127.1651362,37.6998654],[127.1652461,37.7000282],[127.1653,37.700055],[127.1653359,37.7000992],[127.1654358,37.7002699],[127.1655156,37.7003931],[127.1656175,37.700559],[127.1656893,37.7006712],[127.1657073,37.7007818],[127.1657832,37.7008718],[127.1659629,37.7010646],[127.1659909,37.7011056],[127.1662005,37.701311],[127.1662065,37.7013442],[127.1662225,37.7013916],[127.1662884,37.7014137],[127.1663343,37.7014658]]]}},{"type":"Feature","id":"relation/14670863","properties":{"osmType":"relation","osmId":14670863,"osmVersion":8,"osmTimestamp":"2023-07-13T07:33:02Z","sourceUrl":"https://www.openstreetmap.org/relation/14670863","name":"유수 물놀이장","waterType":"pool","sourceTags":{"name":"유수 물놀이장","natural":"water","water":"pool"},"sourceSurveyed":false},"geometry":{"type":"Polygon","coordinates":[[[127.0666511,37.5301107],[127.0666471,37.530082],[127.066643,37.5300639],[127.0666377,37.5300479],[127.0666229,37.5300288],[127.0666015,37.530016],[127.0665693,37.5300011],[127.0665438,37.5299916],[127.0665183,37.5299767],[127.0665022,37.5299607],[127.0664875,37.5299416],[127.0664821,37.5299192],[127.0664808,37.5299012],[127.0664801,37.5298792],[127.0664848,37.5298533],[127.0664954,37.5298371],[127.0665103,37.5298214],[127.0665264,37.5298076],[127.0665485,37.5297916],[127.0665693,37.529781],[127.0665921,37.5297725],[127.0666162,37.5297714],[127.0666377,37.5297703],[127.0666618,37.5297725],[127.0666846,37.5297778],[127.0667074,37.5297852],[127.0667249,37.5297959],[127.0667423,37.5298086],[127.0667557,37.5298225],[127.0667624,37.5298374],[127.0667678,37.5298522],[127.0667745,37.5298661],[127.0667825,37.5298799],[127.0667973,37.529899],[127.0668093,37.5299118],[127.0668281,37.5299278],[127.0668469,37.5299405],[127.0668791,37.5299533],[127.0668965,37.5299575],[127.06693,37.529965],[127.0669555,37.5299682],[127.0669864,37.529965],[127.0670172,37.5299565],[127.0670427,37.5299469],[127.0670829,37.5299192],[127.0671071,37.5298937],[127.0671299,37.5298746],[127.0671567,37.5298608],[127.0671875,37.5298522],[127.0672278,37.5298491],[127.0672734,37.5298533],[127.0673015,37.5298586],[127.0673297,37.5298746],[127.0673512,37.5298927],[127.0673699,37.5299086],[127.067386,37.5299363],[127.0673914,37.5299607],[127.0673927,37.5299852],[127.0673927,37.5300224],[127.067382,37.530049],[127.0673686,37.5300692],[127.0673418,37.5300979],[127.0673176,37.5301107],[127.0672841,37.5301245],[127.06726,37.5301309],[127.0672237,37.5301309],[127.0671795,37.5301266],[127.0671393,37.5301213],[127.0670977,37.5301203],[127.0670655,37.5301224],[127.067032,37.5301298],[127.0670065,37.5301383],[127.066973,37.5301543],[127.0669488,37.5301702],[127.066918,37.5301947],[127.0668952,37.5302192],[127.0668818,37.5302351],[127.0668482,37.53025],[127.0668194,37.5302558],[127.0667979,37.530258],[127.0667785,37.5302585],[127.0667617,37.530258],[127.066745,37.5302554],[127.0667289,37.5302511],[127.0667128,37.5302447],[127.0666994,37.5302351],[127.066686,37.5302247],[127.0666759,37.5302162],[127.0666679,37.5302073],[127.0666595,37.5301945],[127.0666551,37.5301841],[127.0666457,37.5301585],[127.0666457,37.5301362],[127.0666511,37.5301107]],[[127.0666057,37.5298742],[127.0665946,37.5298675],[127.0665812,37.5298657],[127.0665678,37.5298638],[127.0665543,37.5298646],[127.0665436,37.5298691],[127.0665363,37.5298743],[127.0665302,37.5298824],[127.0665255,37.5298914],[127.0665242,37.5299021],[127.0665262,37.5299154],[127.0665336,37.5299313],[127.0665423,37.5299398],[127.0665584,37.5299547],[127.0665865,37.5299664],[127.0666107,37.5299749],[127.0666348,37.5299888],[127.0666549,37.5300015],[127.066671,37.5300217],[127.0666844,37.5300462],[127.0666911,37.5300675],[127.0666952,37.5300877],[127.0666952,37.5301175],[127.0666925,37.530143],[127.0666935,37.5301627],[127.0667047,37.530182],[127.0667271,37.5301998],[127.0667566,37.5302135],[127.0667809,37.5302159],[127.0668104,37.5302135],[127.0668328,37.5302102],[127.066848,37.5302046],[127.0668582,37.5301949],[127.0668744,37.5301772],[127.0668907,37.5301603],[127.066911,37.5301433],[127.0669354,37.5301288],[127.0669547,37.5301184],[127.0669822,37.5301087],[127.0670015,37.5300982],[127.06703,37.5300893],[127.0670655,37.5300829],[127.0670981,37.5300813],[127.0671438,37.5300829],[127.0671773,37.5300861],[127.0672007,37.5300902],[127.0672424,37.5300893],[127.0672749,37.5300845],[127.0672993,37.5300773],[127.0673206,37.5300627],[127.0673338,37.5300499],[127.067343,37.5300329],[127.0673399,37.5300104],[127.0673318,37.5299942],[127.0673166,37.529991],[127.0672952,37.529991],[127.0672779,37.529995],[127.0672769,37.529962],[127.0672912,37.5299604],[127.0673023,37.5299547],[127.0673125,37.529941],[127.0673115,37.5299281],[127.0673054,37.5299169],[127.0672942,37.5299015],[127.067279,37.5298911],[127.0672597,37.5298846],[127.0672281,37.5298822],[127.0671997,37.5298846],[127.0671763,37.5298903],[127.067155,37.5299015],[127.0671367,37.5299136],[127.0671163,37.5299314],[127.0670991,37.5299483],[127.0670787,37.5299604],[127.0670584,37.5299701],[127.067035,37.5299838],[127.0670137,37.5299918],[127.0669852,37.5299991],[127.0669598,37.5300023],[127.0669324,37.5300031],[127.0669019,37.5299991],[127.0668724,37.5299942],[127.0668389,37.529983],[127.0668165,37.5299676],[127.0667911,37.5299539],[127.0667759,37.529941],[127.0667606,37.5299273],[127.0667494,37.5299161],[127.0667413,37.5299064],[127.0667322,37.5298911],[127.066724,37.5298733],[127.06672,37.5298588],[127.0667108,37.5298395],[127.0666996,37.5298242],[127.0666834,37.5298185],[127.0666651,37.5298185],[127.0666488,37.5298234],[127.0666397,37.5298322],[127.0666346,37.5298451],[127.0666346,37.529854],[127.0666366,37.5298661],[127.0666458,37.5298741],[127.0666227,37.5298916],[127.0666136,37.5298817],[127.0666057,37.5298742]]]}},{"type":"Feature","id":"relation/15457595","properties":{"osmType":"relation","osmId":15457595,"osmVersion":1,"osmTimestamp":"2023-02-10T06:19:24Z","sourceUrl":"https://www.openstreetmap.org/relation/15457595","name":"부용지","waterType":"pond","sourceTags":{"name":"부용지","name:en":"Buyongji Pond","natural":"water","water":"pond"},"sourceSurveyed":false},"geometry":{"type":"Polygon","coordinates":[[[126.9930184,37.5818692],[126.9926079,37.5817427],[126.9927431,37.5815109],[126.993166,37.581652],[126.9930184,37.5818692]],[[126.9928286,37.581705],[126.9928386,37.5817189],[126.9928537,37.5817295],[126.9928722,37.5817359],[126.9928923,37.5817373],[126.992913,37.5817333],[126.9929309,37.581724],[126.9929438,37.5817105],[126.9929504,37.5816943],[126.9929497,37.5816774],[126.992942,37.5816616],[126.9929281,37.5816487],[126.9929095,37.5816403],[126.9928885,37.5816372],[126.9928674,37.5816399],[126.9928496,37.5816474],[126.9928356,37.581659],[126.992827,37.5816735],[126.9928246,37.5816893],[126.9928286,37.581705]]]}},{"type":"Feature","id":"relation/16259781","properties":{"osmType":"relation","osmId":16259781,"osmVersion":1,"osmTimestamp":"2023-08-30T16:06:28Z","sourceUrl":"https://www.openstreetmap.org/relation/16259781","name":"중랑천","waterType":"river","sourceTags":{"name":"중랑천","name:en":"Jungnangcheon Stream","name:ko":"중랑천","natural":"water","water":"river","intermittent":"no","tidal":"no","salt":"no"},"sourceSurveyed":false},"geometry":{"type":"Polygon","coordinates":[[[127.0489161,37.7010456],[127.04936289172846,37.7014794],[127.04893520388102,37.7014794],[127.0483999,37.7006911],[127.0482123,37.699848],[127.048338,37.6967766],[127.0483714,37.6965508],[127.0483734,37.6964863],[127.0483776,37.6963511],[127.0483809,37.6962813],[127.0483875,37.696117],[127.04841,37.6957324],[127.0485559,37.6944284],[127.048719,37.6934301],[127.048779,37.6930361],[127.0488992,37.6927577],[127.0491996,37.6921328],[127.0495601,37.6916302],[127.0496803,37.6913518],[127.0497747,37.6910258],[127.0497318,37.6904416],[127.049654,37.689634],[127.0496439,37.6887894],[127.0496392,37.6883401],[127.0496762,37.6881966],[127.0497575,37.6879965],[127.0502631,37.6873064],[127.0505456,37.6868745],[127.0508121,37.6864622],[127.0508964,37.6864392],[127.051185,37.6860061],[127.0515205,37.6855815],[127.0518248,37.685116],[127.0519311,37.6849006],[127.0519913,37.6845935],[127.0519368,37.6842223],[127.0518468,37.683855],[127.0517437,37.6834612],[127.0515223,37.682589],[127.0514938,37.6824332],[127.0512111,37.6813845],[127.0510131,37.6806443],[127.0508252,37.6799409],[127.0507819,37.6798112],[127.0507993,37.6797495],[127.0507659,37.6797082],[127.0507542,37.6796651],[127.0507223,37.6795594],[127.0506867,37.6793831],[127.0506659,37.6792728],[127.050666,37.6792569],[127.0506663,37.6791739],[127.0506601,37.6791375],[127.0506237,37.6789247],[127.050549,37.6786717],[127.0505478,37.678607],[127.0504365,37.6782588],[127.0503213,37.6779064],[127.0502734,37.6776904],[127.050145,37.6772772],[127.0498869,37.6764916],[127.0496975,37.6759472],[127.049478,37.6753204],[127.0493465,37.674898],[127.049165,37.6742864],[127.0490823,37.6740516],[127.0490254,37.6739328],[127.0489951,37.67389],[127.0489868,37.6738413],[127.0489757,37.6737755],[127.0489621,37.6737472],[127.0489522,37.6736765],[127.0489316,37.6735979],[127.0489005,37.6734957],[127.0488853,37.6734458],[127.0488922,37.6734307],[127.0488646,37.6732261],[127.0488196,37.672887],[127.0488081,37.6727582],[127.0487942,37.6727426],[127.048788,37.6726862],[127.0487997,37.6726576],[127.0487573,37.672432],[127.0487457,37.6723373],[127.0487402,37.6722929],[127.0487236,37.6721577],[127.0487062,37.6720651],[127.0486591,37.6717659],[127.0486359,37.671498],[127.048618,37.6713961],[127.0486199,37.6712699],[127.0485961,37.6711371],[127.0485882,37.6710932],[127.0485696,37.6709051],[127.0485319,37.6706511],[127.0484876,37.6701047],[127.0484826,37.6700621],[127.048476,37.6700409],[127.0484694,37.6700229],[127.0484688,37.6699023],[127.0484551,37.6695055],[127.0484685,37.6693104],[127.0484835,37.6689351],[127.048483,37.6687222],[127.0485376,37.6683942],[127.0485816,37.6680999],[127.0486228,37.6679284],[127.048625,37.6679209],[127.0486498,37.6678374],[127.0486755,37.6677507],[127.0487771,37.6674759],[127.0488709,37.6671962],[127.049044,37.6668495],[127.0494212,37.6662875],[127.0495464,37.6661156],[127.0496291,37.6659729],[127.0498723,37.6657934],[127.0499134,37.6657588],[127.0499393,37.6657336],[127.0501609,37.6656016],[127.0501815,37.6655414],[127.0505021,37.6650859],[127.0505299,37.6650082],[127.0506452,37.6648577],[127.0506876,37.6648136],[127.0508506,37.6644627],[127.0508615,37.6644237],[127.050867,37.6644038],[127.0509141,37.6642347],[127.0509506,37.6641039],[127.0509667,37.6639975],[127.0509935,37.6638203],[127.0510226,37.6636273],[127.0510672,37.6633325],[127.051073,37.6632809],[127.0511039,37.6630052],[127.0511285,37.6627852],[127.0511305,37.6626712],[127.0511335,37.6625008],[127.0511376,37.6622636],[127.0511275,37.6620407],[127.051126,37.661996],[127.0511174,37.6617404],[127.0511162,37.6617042],[127.0511145,37.6616494],[127.0511056,37.6613601],[127.0510837,37.6611605],[127.0510669,37.6610067],[127.051061,37.6609125],[127.0510674,37.6608584],[127.0510776,37.6607215],[127.0511493,37.6606519],[127.051259,37.6604457],[127.0514021,37.6601768],[127.0515538,37.659883],[127.0517454,37.6595032],[127.0518824,37.6592438],[127.0519366,37.6590658],[127.0522537,37.658374],[127.0524332,37.6580215],[127.0526824,37.6576387],[127.0530108,37.6571486],[127.0532406,37.6568111],[127.0533402,37.6566009],[127.0534427,37.6562809],[127.0534544,37.6562316],[127.0534885,37.6561239],[127.0535617,37.6559478],[127.0536589,37.6555853],[127.0537324,37.6553203],[127.0538205,37.6550438],[127.0538568,37.6548867],[127.0538681,37.6547919],[127.0538758,37.6546674],[127.053873,37.6545646],[127.053868,37.6543854],[127.0538633,37.6542998],[127.0538726,37.6541931],[127.0538819,37.6541026],[127.0538643,37.6531743],[127.0538859,37.6527694],[127.0539159,37.65231],[127.0539513,37.6517546],[127.0539765,37.651179],[127.0540186,37.6505519],[127.0540283,37.6503544],[127.0540522,37.6501368],[127.0540943,37.6499464],[127.0543111,37.6495093],[127.0544566,37.6492736],[127.0547605,37.6487097],[127.055009,37.6482078],[127.0551108,37.6479719],[127.0552176,37.6474005],[127.0553158,37.6466741],[127.0553528,37.6464084],[127.0554573,37.6460582],[127.0554833,37.6459106],[127.0554831,37.645541],[127.0554756,37.6453924],[127.0554653,37.6452414],[127.0553797,37.6447532],[127.0552122,37.6442602],[127.0551158,37.6439944],[127.0549701,37.6435227],[127.0548932,37.6432734],[127.0547856,37.6427909],[127.0547328,37.6425973],[127.054718,37.6424508],[127.0546719,37.6423477],[127.0546064,37.6419618],[127.0545932,37.6418569],[127.0545653,37.6418168],[127.054574,37.6416852],[127.0546278,37.6416694],[127.0546651,37.6416402],[127.0546818,37.6414613],[127.0546911,37.6413794],[127.0547413,37.6412701],[127.054769,37.6411429],[127.0548106,37.6409936],[127.0548864,37.6409087],[127.0550123,37.6406768],[127.0551204,37.6404211],[127.0554996,37.6399505],[127.0560033,37.6395087],[127.0569571,37.6388176],[127.0576797,37.638315],[127.058229,37.6377781],[127.0585336,37.6374233],[127.0587954,37.6370005],[127.0593188,37.6359936],[127.0595611,37.6356279],[127.0597964,37.6354783],[127.0601448,37.635173],[127.0601472,37.6350849],[127.0605003,37.6347729],[127.0608137,37.6344586],[127.0613172,37.6339746],[127.0618071,37.6335597],[127.0621901,37.6332997],[127.0625881,37.632979],[127.0629598,37.6326901],[127.0631907,37.6323973],[127.0634267,37.6321361],[127.0635447,37.6319534],[127.06368,37.6316721],[127.0638969,37.6310042],[127.0640972,37.6301159],[127.0642157,37.6297302],[127.0643487,37.629268],[127.0644844,37.6288869],[127.0646352,37.6285929],[127.0648106,37.6283435],[127.0650911,37.6280494],[127.0652729,37.6278389],[127.0654892,37.6276952],[127.0658668,37.6273302],[127.0664028,37.6269064],[127.0685776,37.6251362],[127.0688949,37.6248607],[127.069043,37.6246796],[127.0693796,37.6241777],[127.0696609,37.623602],[127.0704897,37.6211839],[127.0706497,37.6204915],[127.0706928,37.619769],[127.0707712,37.6170158],[127.0712065,37.6153761],[127.0711202,37.6148694],[127.0712066,37.6144386],[127.071125,37.6143826],[127.0709875,37.6143383],[127.0709319,37.6142374],[127.0709001,37.6142305],[127.0703081,37.6143509],[127.0696655,37.614416],[127.0693757,37.6145371],[127.069093,37.6147233],[127.0686873,37.6146911],[127.068113,37.614783],[127.0677004,37.6147245],[127.0673446,37.6146466],[127.0664359,37.6144888],[127.0662713,37.6144359],[127.0655835,37.6142327],[127.0654858,37.6142401],[127.065439,37.6142255],[127.0654024,37.6141944],[127.0653555,37.6141397],[127.0653291,37.6140677],[127.0653271,37.6140064],[127.0654582,37.6139948],[127.0656213,37.6139994],[127.0670506,37.614388],[127.0674636,37.6144834],[127.068014,37.6145199],[127.0684661,37.6144738],[127.0689965,37.614444],[127.0691819,37.6144076],[127.0695979,37.6142185],[127.0700943,37.6140459],[127.0702901,37.6139537],[127.0704755,37.6138144],[127.07091,37.6135664],[127.0709734,37.6135587],[127.0710205,37.6135416],[127.0710402,37.6134987],[127.0711842,37.6126727],[127.0711776,37.6117243],[127.0711665,37.61009],[127.0711322,37.609314],[127.0711773,37.6086693],[127.071204,37.6080225],[127.071293,37.6074771],[127.0714087,37.6072408],[127.0714882,37.6070785],[127.0716781,37.6058448],[127.0719505,37.604295],[127.0722323,37.6029522],[127.0722854,37.6023306],[127.0724161,37.6021857],[127.0723826,37.6014546],[127.0720549,37.601332],[127.0719253,37.6009913],[127.0716074,37.600475],[127.0713902,37.6000457],[127.0711327,37.5998268],[127.0708587,37.5994706],[127.0707679,37.5993465],[127.0702569,37.5988843],[127.0701255,37.5987334],[127.0698412,37.5984179],[127.069577,37.5981278],[127.0694938,37.5980035],[127.0692699,37.5976337],[127.0690208,37.5969266],[127.0688806,37.5961018],[127.0689664,37.5956122],[127.069108,37.5951415],[127.0693097,37.5943677],[127.0695394,37.5937977],[127.0696883,37.5933567],[127.0698439,37.5928147],[127.0698814,37.592615],[127.0700276,37.5921198],[127.0700973,37.5919115],[127.0701416,37.5915162],[127.0702373,37.590921],[127.0704112,37.5898775],[127.0704742,37.5895789],[127.0705184,37.5894291],[127.0705895,37.5892166],[127.0706123,37.5890561],[127.0706606,37.5888712],[127.07066,37.5886124],[127.0706994,37.5884854],[127.0707947,37.5882123],[127.0711023,37.5878068],[127.0713251,37.5875208],[127.0715657,37.5872217],[127.0717362,37.5870266],[127.071876,37.5868005],[127.0722378,37.5864053],[127.0725153,37.5860773],[127.0730424,37.5853939],[127.0738502,37.5844922],[127.0748372,37.5833087],[127.0759061,37.5820693],[127.0765746,37.5812606],[127.0767925,37.5809378],[127.0771483,37.5802935],[127.0772627,37.5800098],[127.0772313,37.5799547],[127.0772966,37.579578],[127.0773378,37.5790685],[127.0774149,37.5784943],[127.077534,37.5778917],[127.0776404,37.5771135],[127.0777284,37.5764944],[127.0778316,37.5756425],[127.0779844,37.5743867],[127.0781009,37.5733292],[127.0781041,37.5728523],[127.0780737,37.5721801],[127.0779975,37.5716219],[127.0778791,37.5711255],[127.077768,37.5707989],[127.0776157,37.5703712],[127.0772926,37.569702],[127.0769317,37.5690177],[127.0765107,37.5681961],[127.075803,37.567024],[127.0750835,37.5657945],[127.0741779,37.5641611],[127.0737061,37.5633318],[127.0730357,37.5621261],[127.0723775,37.5609818],[127.072027,37.5604056],[127.0712982,37.5594477],[127.0706097,37.5588276],[127.0701466,37.558375],[127.0697931,37.557986],[127.069143,37.5573736],[127.0687218,37.5570345],[127.0680306,37.5562952],[127.0673301,37.5555659],[127.0668589,37.5550316],[127.066584,37.5547451],[127.0661253,37.5541945],[127.0654346,37.5533866],[127.0650785,37.5529771],[127.0644517,37.5532999],[127.0643573,37.5531638],[127.0649356,37.5528278],[127.0640824,37.5517635],[127.0636213,37.5512691],[127.0631797,37.5509767],[127.0629256,37.5508023],[127.0629162,37.5506626],[127.0627581,37.5504836],[127.0625199,37.5503444],[127.062086,37.5501728],[127.0616358,37.5500851],[127.061307,37.5501202],[127.0611044,37.5501964],[127.0609585,37.5503174],[127.0603128,37.5503406],[127.0595109,37.5505136],[127.0576565,37.5510178],[127.0565946,37.5513415],[127.0561565,37.5514541],[127.0558381,37.551559],[127.0554555,37.5516819],[127.0544139,37.5520968],[127.054728,37.5525946],[127.0546118,37.5526604],[127.0544941,37.5525296],[127.0543921,37.552572],[127.0544059,37.5527265],[127.0543502,37.552756],[127.05419,37.5526735],[127.0539751,37.5527586],[127.0540537,37.5528836],[127.0539671,37.552923],[127.0536218,37.5525156],[127.0534408,37.5524273],[127.0532001,37.5523851],[127.0517896,37.55276],[127.0500162,37.5533048],[127.0464062,37.5535468],[127.0435614,37.5531949],[127.0422166,37.5529616],[127.0406254,37.5524724],[127.0405423,37.5524324],[127.0404831,37.5523751],[127.0403592,37.552327],[127.0403633,37.5523573],[127.040284,37.5523415],[127.0402195,37.552315],[127.040248,37.5522886],[127.0401656,37.5522483],[127.0400925,37.5522506],[127.0399887,37.552221],[127.0397663,37.5521524],[127.0397223,37.5521752],[127.0396118,37.5521333],[127.0394495,37.552053],[127.0391057,37.5519476],[127.0390293,37.5519272],[127.0388779,37.5518768],[127.0387631,37.551817],[127.0385998,37.5517427],[127.0384374,37.551671],[127.03825,37.551579],[127.0379635,37.5514271],[127.0372627,37.5510332],[127.0364215,37.550547],[127.0356091,37.5497928],[127.0343179,37.5485939],[127.0332536,37.5476057],[127.031208,37.5459724],[127.0306528,37.5456587],[127.0305723,37.5457225],[127.0300278,37.5455152],[127.0298628,37.5454897],[127.0296483,37.5454641],[127.0294283,37.545344],[127.029254,37.545227],[127.0288637,37.5451345],[127.0282736,37.5449718],[127.0279853,37.5448336],[127.0278499,37.5447134],[127.0276393,37.5445986],[127.0275369,37.5443877],[127.0270544,37.5440287],[127.0269835,37.5439016],[127.0262083,37.5433304],[127.0261161,37.5431735],[127.0259984,37.543136],[127.0258477,37.5430188],[127.025775,37.5431237],[127.0257908,37.5432452],[127.025667,37.5436652],[127.0255924,37.5433191],[127.0254789,37.5431349],[127.0254106,37.5431946],[127.0252904,37.543202],[127.0252174,37.5431019],[127.0252113,37.5431961],[127.0251281,37.5431951],[127.0251427,37.5432521],[127.0252241,37.5432494],[127.025286,37.5435833],[127.0247982,37.5432146],[127.0247621,37.5431169],[127.0244775,37.5430143],[127.0243468,37.5431008],[127.0241048,37.5432035],[127.0227557,37.5422992],[127.0219663,37.5417687],[127.0208068,37.5410935],[127.0251649,37.5414681],[127.0279571,37.541367],[127.0278054,37.5414732],[127.0276859,37.5415794],[127.0276063,37.541698],[127.0275497,37.5418235],[127.0275343,37.5419589],[127.0275545,37.5420835],[127.0275944,37.5422047],[127.0276613,37.5423098],[127.0277591,37.5424166],[127.0279486,37.5425581],[127.0296729,37.5435788],[127.030863,37.5443004],[127.031433,37.5446328],[127.0316304,37.544748],[127.0319844,37.5450287],[127.0323326,37.5454132],[127.0328213,37.5457943],[127.0335938,37.5463557],[127.0339916,37.5466921],[127.0352748,37.5479309],[127.0364602,37.5490858],[127.0368142,37.549392],[127.0373185,37.5497493],[127.0380266,37.5502766],[127.0387404,37.5508012],[127.0392553,37.551122],[127.0396162,37.5513516],[127.039905,37.5515125],[127.0409951,37.5519206],[127.0412917,37.5520167],[127.0423683,37.5522376],[127.0428831,37.5523009],[127.0432017,37.5523289],[127.0434804,37.5523408],[127.0437468,37.5523632],[127.044273,37.5524207],[127.0444382,37.5524778],[127.0460805,37.5527007],[127.0464792,37.552735],[127.0468674,37.552735],[127.0470471,37.5526828],[127.0471545,37.5526863],[127.0471917,37.5527229],[127.0475283,37.5527559],[127.047768,37.5527247],[127.0478808,37.5526907],[127.0481006,37.552599],[127.0484418,37.5525325],[127.0489045,37.5524925],[127.0497904,37.5523855],[127.050531,37.5522807],[127.0514024,37.5521021],[127.0515399,37.5520457],[127.0521957,37.5519048],[127.0527388,37.5517692],[127.053105,37.5516249],[127.0533294,37.5516288],[127.0537502,37.5515257],[127.054066,37.551412],[127.0544021,37.5513263],[127.0546719,37.5512462],[127.0549692,37.5511347],[127.0560229,37.5508202],[127.0592075,37.5498605],[127.0593792,37.5498543],[127.0599398,37.5496996],[127.0599637,37.5496424],[127.0600439,37.5496197],[127.0600717,37.5496495],[127.0601461,37.5496462],[127.0604904,37.5495718],[127.0605638,37.5494857],[127.060646,37.5494666],[127.0606988,37.54952],[127.061106,37.5494247],[127.0613357,37.5494101],[127.0619235,37.5494244],[127.0622881,37.549495],[127.062615,37.5495604],[127.0629425,37.5496439],[127.0632399,37.5497513],[127.063531,37.5499021],[127.0637956,37.550074],[127.0641366,37.5503373],[127.0648193,37.5510683],[127.0659506,37.5525292],[127.0660178,37.5527085],[127.0662108,37.5530645],[127.066341,37.5531952],[127.066496,37.5533032],[127.066787,37.5535683],[127.0686674,37.5557509],[127.0694195,37.5564807],[127.0701232,37.5571552],[127.0711196,37.5581662],[127.0716794,37.5587947],[127.0721382,37.559333],[127.0728871,37.5604189],[127.0738029,37.5620376],[127.0746527,37.5635292],[127.0760463,37.5661458],[127.0767663,37.5674623],[127.077822,37.569311],[127.0783177,37.5703995],[127.0784464,37.571033],[127.0785806,37.571505],[127.0786803,37.5720509],[127.078719,37.5726751],[127.0787211,37.5734608],[127.0785537,37.5746886],[127.0784676,37.575876],[127.078355,37.5765229],[127.0783746,37.5766241],[127.0783348,37.5768185],[127.0783024,37.5769768],[127.0782974,37.5770098],[127.0782896,37.5770604],[127.0782853,37.5772165],[127.0780522,37.5788392],[127.0779202,37.5799804],[127.077733,37.580443],[127.0776342,37.5806802],[127.077459,37.5810725],[127.0772479,37.5814178],[127.0764529,37.5823903],[127.075221,37.5838578],[127.0748303,37.5843544],[127.074133,37.5852662],[127.0731802,37.5864894],[127.0728395,37.5869251],[127.0724227,37.5873765],[127.0719362,37.5878658],[127.0716741,37.5882679],[127.071526,37.5885375],[127.0714241,37.5887959],[127.0713511,37.5892572],[127.0711007,37.5904108],[127.0709121,37.5916622],[127.0707817,37.5923946],[127.0706804,37.5928207],[127.0705928,37.5930204],[127.0703773,37.593525],[127.0701838,37.5942453],[127.0699363,37.5946601],[127.0698366,37.5950746],[127.0697577,37.5953707],[127.0696803,37.59572],[127.0697058,37.5961547],[127.069656,37.5963534],[127.0699607,37.5972775],[127.0703001,37.5978332],[127.0708153,37.5984697],[127.0711243,37.5988605],[127.0714583,37.5991141],[127.071716,37.5994919],[127.0722955,37.6002135],[127.0726945,37.600951],[127.0729732,37.6016939],[127.0730295,37.602055],[127.0730167,37.6027847],[127.0729269,37.6032858],[127.0727391,37.6041138],[127.072329,37.6061599],[127.0721083,37.6071273],[127.0719857,37.6077987],[127.0719609,37.6080478],[127.0719116,37.6084333],[127.0719069,37.6089309],[127.0718836,37.6102777],[127.0719186,37.6110067],[127.0718921,37.6129174],[127.0718741,37.6140305],[127.0717886,37.6153967],[127.0718788,37.6155379],[127.0717854,37.6157338],[127.0717044,37.6158075],[127.071503,37.616963],[127.0714701,37.6180498],[127.0715213,37.619551],[127.0711534,37.6211498],[127.0698969,37.6243902],[127.0693431,37.6251151],[127.0688806,37.6255904],[127.0687116,37.6257688],[127.0681682,37.6261954],[127.0668005,37.6272731],[127.0662408,37.6277301],[127.0658318,37.6281006],[127.0656069,37.6283271],[127.0652891,37.6287581],[127.0650806,37.6291595],[127.0649335,37.6298547],[127.064868,37.630271],[127.0646882,37.6308688],[127.0645075,37.6315651],[127.0642065,37.6320562],[127.0638166,37.6325036],[127.0633188,37.632925],[127.0628467,37.6332988],[127.0622888,37.6337271],[127.0618167,37.6340533],[127.0615335,37.6343388],[127.0610099,37.6349506],[127.0603318,37.6356303],[127.059317,37.637372],[127.0590843,37.6378066],[127.0587569,37.6380402],[127.0580316,37.6385937],[127.0572162,37.6391578],[127.0565647,37.6395124],[127.0561741,37.639815],[127.0559841,37.6400172],[127.0557732,37.6403331],[127.0556612,37.640773],[127.0555,37.6412154],[127.0553335,37.6416363],[127.0553321,37.6419432],[127.0553101,37.6420857],[127.0552769,37.642485],[127.055401,37.6431435],[127.0556278,37.6442561],[127.0559604,37.645137],[127.0561326,37.6455316],[127.0561669,37.6460167],[127.0560462,37.6464185],[127.0558263,37.6470632],[127.0555694,37.6477356],[127.0553321,37.6484129],[127.0545687,37.6502785],[127.0545392,37.6506606],[127.0544995,37.6514163],[127.0544213,37.6525686],[127.0543795,37.6540703],[127.0544031,37.6541622],[127.0544021,37.6544396],[127.0543869,37.6546182],[127.0543852,37.6548961],[127.0543479,37.6554947],[127.0543249,37.6557567],[127.0540805,37.6563872],[127.053518,37.6573844],[127.053174,37.6579906],[127.0527078,37.6589217],[127.052383,37.6594796],[127.0522567,37.6596775],[127.0520151,37.6601292],[127.0520027,37.6602611],[127.0519629,37.6604756],[127.0519219,37.6606387],[127.0519036,37.6607848],[127.0518663,37.6613248],[127.0518434,37.6615004],[127.0518307,37.6615638],[127.051811,37.6616081],[127.0518035,37.6617134],[127.05175,37.6620661],[127.0516553,37.6625321],[127.0516516,37.6627781],[127.0516455,37.6628638],[127.0516327,37.6629918],[127.0516062,37.6630801],[127.0515345,37.6635973],[127.0514536,37.6641896],[127.0514254,37.664289],[127.0513883,37.6643949],[127.0513137,37.6645406],[127.0513169,37.6645889],[127.0512684,37.664635],[127.0511937,37.6648851],[127.0510506,37.6652952],[127.0507374,37.6658345],[127.0505787,37.6660976],[127.0502721,37.6665907],[127.0500339,37.666767],[127.0497693,37.6671728],[127.0496116,37.6674666],[127.0494178,37.66798],[127.0493495,37.6681637],[127.0492426,37.6686591],[127.049217,37.6689721],[127.0491932,37.6694232],[127.049216,37.6697973],[127.0491504,37.6703305],[127.0491354,37.6710413],[127.0491589,37.6716475],[127.0492093,37.6723152],[127.0493242,37.6730305],[127.049348,37.6731517],[127.049403,37.6735683],[127.0494864,37.673757],[127.0495132,37.6738553],[127.0495554,37.6741904],[127.0498064,37.6749364],[127.0502223,37.6760543],[127.0504348,37.6766743],[127.0507396,37.6774308],[127.0509302,37.6779074],[127.0511159,37.6784353],[127.051238,37.6788195],[127.0512983,37.6792972],[127.0513209,37.6795887],[127.0514369,37.6803609],[127.051678,37.6813383],[127.0519374,37.6823846],[127.0522972,37.6840784],[127.0523576,37.6843643],[127.0523784,37.6845512],[127.0523418,37.6847132],[127.0523007,37.6849207],[127.0519968,37.6855177],[127.0514981,37.6861823],[127.0509935,37.6868622],[127.0508392,37.6870899],[127.0506911,37.6874092],[127.0505821,37.687637],[127.0503979,37.688014],[127.0503489,37.6882955],[127.050272,37.6890016],[127.0502615,37.6897946],[127.0502964,37.6907536],[127.0502022,37.6912177],[127.0500897,37.6914689],[127.0498176,37.6918883],[127.0494635,37.6926448],[127.0493219,37.6931142],[127.0492415,37.6936075],[127.0490762,37.6944573],[127.0489206,37.6956357],[127.0488616,37.6960533],[127.0488557,37.6963717],[127.048705,37.6974795],[127.0487105,37.6991511],[127.0487458,37.7005565],[127.0489161,37.7010456]],[[127.0726766,37.5863329],[127.072686,37.5863387],[127.0726116,37.5864313],[127.0725338,37.5864747],[127.0725002,37.586521],[127.0724453,37.5865701],[127.0724382,37.5865967],[127.0724683,37.5866318],[127.0724931,37.5866416],[127.0724825,37.5866767],[127.0724696,37.586698],[127.0724898,37.5867118],[127.0725116,37.5866821],[127.0725231,37.5866786],[127.0725452,37.5866513],[127.0725841,37.5866261],[127.0726001,37.586577],[127.0725915,37.5865781],[127.072644,37.5864944],[127.0726639,37.5864472],[127.0727151,37.5863801],[127.0727303,37.5863477],[127.0727303,37.5863218],[127.0727676,37.5862876],[127.072812,37.5862543],[127.0728657,37.5862117],[127.0728482,37.5861858],[127.0728704,37.5861405],[127.0728529,37.5861118],[127.0727886,37.5861525],[127.0726917,37.5862432],[127.0726789,37.5862432],[127.0726369,37.5862876],[127.0726135,37.5863301],[127.072659,37.5863283],[127.0726766,37.5863329]],[[127.0729281,37.5862307],[127.0729441,37.58627],[127.0729844,37.5862796],[127.073097,37.5862243],[127.0731923,37.5861234],[127.073203,37.5860479],[127.0731735,37.585999],[127.0730648,37.5861234],[127.0730635,37.5860808],[127.0730125,37.5861021],[127.0729281,37.5862307]]]}},{"type":"Feature","id":"relation/16500679","properties":{"osmType":"relation","osmId":16500679,"osmVersion":1,"osmTimestamp":"2023-10-16T13:09:08Z","sourceUrl":"https://www.openstreetmap.org/relation/16500679","name":null,"waterType":"pond","sourceTags":{"natural":"water","water":"pond"},"sourceSurveyed":false},"geometry":{"type":"Polygon","coordinates":[[[126.9129738,37.5311544],[126.9127986,37.5310489],[126.9129446,37.5309081],[126.9131197,37.5310118],[126.9129738,37.5311544]],[[126.912961,37.5310092],[126.9129525,37.5310097],[126.9129447,37.5310124],[126.9129384,37.5310169],[126.9129342,37.531023],[126.9129328,37.5310298],[126.9129343,37.5310366],[126.9129385,37.5310426],[126.9129449,37.5310472],[126.912953,37.5310499],[126.9129615,37.5310503],[126.9129697,37.5310485],[126.9129767,37.5310447],[126.9129819,37.5310394],[126.9129846,37.5310329],[126.9129845,37.5310262],[126.9129817,37.5310198],[126.9129764,37.5310145],[126.9129693,37.5310108],[126.912961,37.5310092]]]}},{"type":"Feature","id":"relation/16871083","properties":{"osmType":"relation","osmId":16871083,"osmVersion":1,"osmTimestamp":"2023-12-25T08:10:00Z","sourceUrl":"https://www.openstreetmap.org/relation/16871083","name":"과천저수지","waterType":"lake","sourceTags":{"name":"과천저수지","name:en":"Gwacheon Lake","natural":"water","water":"lake"},"sourceSurveyed":false},"geometry":{"type":"Polygon","coordinates":[[[127.0124969,37.4285779],[127.01260778598675,37.4285424],[127.0142882414329,37.4285424],[127.0142647,37.4287961],[127.0136897,37.4290688],[127.0133807,37.4293414],[127.0131971,37.4296449],[127.013068,37.4297698],[127.0128968,37.4298687],[127.0128769,37.4299384],[127.0129125,37.4300492],[127.0129762,37.4301508],[127.0130777,37.4302937],[127.0131506,37.430426],[127.0132233,37.4304761],[127.0133414,37.4304789],[127.0134238,37.4305201],[127.0134642,37.4305595],[127.01355,37.4306511],[127.0136382,37.4306815],[127.0137125,37.4306984],[127.0138043,37.4306874],[127.0139459,37.4306498],[127.0140723,37.4306724],[127.0141859,37.4307163],[127.0143222,37.4307841],[127.0144563,37.4308718],[127.0145892,37.431053],[127.0146964,37.4312341],[127.0147505,37.4314002],[127.0147743,37.4315626],[127.0148243,37.4317809],[127.0148843,37.4319871],[127.0149353,37.4320651],[127.0150003,37.4321284],[127.0152738,37.4322362],[127.0155614,37.4323635],[127.015725,37.4324089],[127.0160601,37.4324144],[127.0162061,37.4324311],[127.0164678,37.4324906],[127.0167411,37.4325335],[127.0170015,37.4325689],[127.0172338,37.4326191],[127.0174473,37.4327081],[127.0176048,37.4328175],[127.0177828,37.4329584],[127.0179117,37.4330177],[127.0181442,37.4331155],[127.0182944,37.4331544],[127.018458,37.4331739],[127.0185847,37.4331816],[127.0187003,37.4331822],[127.018888,37.4331783],[127.0188827,37.4332725],[127.0186198,37.433271],[127.0183893,37.4332744],[127.0182583,37.4332805],[127.0181408,37.4333],[127.0180946,37.433317],[127.0180572,37.4333395],[127.0180287,37.4333662],[127.018014,37.4333982],[127.0180051,37.4334372],[127.0180014,37.4336446],[127.0179956,37.4338747],[127.0179838,37.4339486],[127.0179788,37.4339996],[127.0179836,37.4340472],[127.0179935,37.4340733],[127.018012,37.434097],[127.0180435,37.4341198],[127.0181468,37.4341673],[127.0182504,37.4341933],[127.0183193,37.4342032],[127.0184574,37.4342087],[127.0186306,37.434211],[127.0188752,37.4342115],[127.0188769,37.4342899],[127.0184698,37.4342913],[127.018367,37.4342934],[127.0183022,37.4342899],[127.0182387,37.4342819],[127.0180346,37.4342352],[127.0179576,37.434225],[127.0178976,37.4342239],[127.0178515,37.4342273],[127.0178072,37.4342352],[127.0175394,37.434361],[127.017391,37.434436],[127.017257,37.434496],[127.0171263,37.4345315],[127.0170067,37.4345543],[127.0168394,37.4345704],[127.0166927,37.4345723],[127.0166,37.4345706],[127.0165249,37.4345593],[127.0164448,37.4345417],[127.0163346,37.4345058],[127.0160905,37.4344034],[127.0158285,37.4342659],[127.0156155,37.4341885],[127.0154308,37.4341814],[127.0151831,37.4342078],[127.0150115,37.4343577],[127.0145315,37.4344282],[127.0141752,37.4345432],[127.013956,37.4347049],[127.0139901,37.4350393],[127.0142963,37.4353828],[127.0139468,37.4355154],[127.0137073,37.4355174],[127.0136157,37.4355641],[127.0130301,37.4354845],[127.0104882,37.4316588],[127.0104796,37.4314134],[127.0108068,37.431159],[127.0109252,37.4311182],[127.0112085,37.4311039],[127.0113804,37.4311585],[127.0115274,37.4312384],[127.0116474,37.431268],[127.0117638,37.4312583],[127.0118409,37.4311968],[127.0119228,37.4309557],[127.0119434,37.4306238],[127.0118347,37.4305252],[127.0117242,37.4302684],[127.0117247,37.43025],[127.0117328,37.4299681],[127.0118023,37.4296678],[127.0120697,37.4290013],[127.0121664,37.4288804],[127.0123108,37.4287018],[127.0124969,37.4285779]],[[127.0156024,37.4329495],[127.0155992,37.4330402],[127.015688,37.4334192],[127.0157419,37.4335503],[127.0158013,37.4336491],[127.015879,37.4337186],[127.0159949,37.4337891],[127.0162491,37.433931],[127.0166435,37.4341612],[127.0167228,37.4341957],[127.0167998,37.4342165],[127.0169116,37.4342347],[127.0170797,37.4342467],[127.0172003,37.4342518],[127.0172937,37.4342486],[127.0173659,37.4342404],[127.0174611,37.434209],[127.0175834,37.4341537],[127.0176835,37.4340836],[127.017726,37.434042],[127.0177487,37.4340045],[127.0177645,37.4339622],[127.0177794,37.4338695],[127.0177807,37.4336401],[127.0177686,37.4335615],[127.0177253,37.4334602],[127.0176513,37.4333471],[127.0175006,37.4331718],[127.0173797,37.4330304],[127.017278,37.4329269],[127.0171399,37.4328305],[127.0170669,37.4327969],[127.0166737,37.4327216],[127.0164051,37.4326944],[127.0160828,37.4326985],[127.0159356,37.4327145],[127.015791,37.4327524],[127.0156818,37.4328097],[127.0156318,37.4328717],[127.0156024,37.4329495]]]}},{"type":"Feature","id":"relation/17669501","properties":{"osmType":"relation","osmId":17669501,"osmVersion":1,"osmTimestamp":"2024-06-02T20:44:19Z","sourceUrl":"https://www.openstreetmap.org/relation/17669501","name":null,"waterType":"pond","sourceTags":{"natural":"water","water":"pond"},"sourceSurveyed":false},"geometry":{"type":"Polygon","coordinates":[[[126.8597119,37.5927096],[126.8595135,37.5929051],[126.8593954,37.5928414],[126.8595939,37.5921188],[126.8597227,37.5919997],[126.8600714,37.592157],[126.8602359,37.5923709],[126.8600982,37.5925226],[126.8599802,37.5925821],[126.8597119,37.5927096]],[[126.8596476,37.5924843],[126.8596583,37.5925693],[126.8599372,37.5924333],[126.8598085,37.5923164],[126.8596476,37.592293],[126.8596476,37.5924843]]]}},{"type":"Feature","id":"relation/18097274","properties":{"osmType":"relation","osmId":18097274,"osmVersion":1,"osmTimestamp":"2024-09-27T23:00:03Z","sourceUrl":"https://www.openstreetmap.org/relation/18097274","name":null,"waterType":"pond","sourceTags":{"natural":"water","water":"pond"},"sourceSurveyed":false},"geometry":{"type":"Polygon","coordinates":[[[126.9506739,37.6684891],[126.9504521,37.6686683],[126.9502886,37.6685501],[126.9503213,37.6683782],[126.9503657,37.6683301],[126.9504124,37.6682876],[126.9504918,37.6682617],[126.9506739,37.6684891]],[[126.9504054,37.6685482],[126.9504754,37.6685575],[126.9505268,37.6685427],[126.9505268,37.6685112],[126.9504964,37.6684854],[126.9504474,37.6684576],[126.950403,37.668465],[126.950375,37.6684891],[126.9503773,37.6685205],[126.9504054,37.6685482]]]}},{"type":"Feature","id":"relation/18141851","properties":{"osmType":"relation","osmId":18141851,"osmVersion":1,"osmTimestamp":"2024-10-09T03:46:47Z","sourceUrl":"https://www.openstreetmap.org/relation/18141851","name":null,"waterType":"pond","sourceTags":{"natural":"water","water":"pond"},"sourceSurveyed":false},"geometry":{"type":"Polygon","coordinates":[[[126.7975798,37.6788137],[126.7957211,37.6788435],[126.7956674,37.678109],[126.797612,37.6780962],[126.7975798,37.6788137]],[[126.7964533,37.6784316],[126.7963997,37.6785505],[126.796405,37.6785802],[126.7964372,37.678593],[126.7964801,37.6786057],[126.7965284,37.6786057],[126.796574,37.678593],[126.7966196,37.6785802],[126.7966786,37.6785908],[126.7967725,37.6785993],[126.7968422,37.6785887],[126.7969012,37.6785739],[126.79692,37.6785441],[126.79692,37.6784656],[126.7969012,37.6784168],[126.7968664,37.6783977],[126.7968235,37.6784083],[126.7965794,37.678404],[126.7964989,37.6784083],[126.7964533,37.6784316]]]}},{"type":"Feature","id":"relation/18367965","properties":{"osmType":"relation","osmId":18367965,"osmVersion":1,"osmTimestamp":"2024-12-03T17:05:37Z","sourceUrl":"https://www.openstreetmap.org/relation/18367965","name":null,"waterType":"river","sourceTags":{"natural":"water","water":"river"},"sourceSurveyed":false},"geometry":{"type":"Polygon","coordinates":[[[126.9443655,37.5193849],[126.9443129,37.5194621],[126.944207,37.5192658],[126.9440501,37.5190179],[126.9439052,37.518879],[126.9437541,37.5187801],[126.9435379,37.5185976],[126.9432426,37.5184028],[126.9427251,37.5181359],[126.9421312,37.5179473],[126.9420455,37.5179268],[126.9418355,37.5178592],[126.9417758,37.5178499],[126.94131,37.5177068],[126.9408119,37.5175846],[126.9401434,37.5174422],[126.9396015,37.5173094],[126.939218,37.5172869],[126.9388916,37.5172669],[126.9386639,37.5172235],[126.9382033,37.5171163],[126.9375537,37.5169423],[126.9374371,37.5168931],[126.9370399,37.5167975],[126.9366981,37.516713],[126.9361523,37.5166436],[126.9354478,37.5165663],[126.934939,37.5165141],[126.9343886,37.5164395],[126.9338549,37.5163262],[126.9333233,37.5161991],[126.9326663,37.5160904],[126.932305,37.5160759],[126.9312849,37.5158811],[126.9311438,37.5158325],[126.9304301,37.5157247],[126.9302495,37.5156674],[126.9296914,37.5156041],[126.9292412,37.5156524],[126.9290178,37.515724],[126.9287074,37.5158817],[126.9285714,37.5159083],[126.928433,37.5159186],[126.9282811,37.5159717],[126.927696,37.516038],[126.926685,37.5160301],[126.9262234,37.5160686],[126.9259085,37.5161113],[126.9256279,37.5162265],[126.9251171,37.516347],[126.9245899,37.5165469],[126.9234428,37.5169827],[126.9219573,37.5175497],[126.9202311,37.5181556],[126.9197584,37.5183007],[126.9189055,37.5186252],[126.918761,37.5186623],[126.9185086,37.5188095],[126.9181091,37.5189699],[126.9179194,37.5190538],[126.9177542,37.5191812],[126.9176259,37.5192475],[126.9174044,37.5194701],[126.9170535,37.5197919],[126.9169541,37.5199229],[126.9168052,37.5201798],[126.9166281,37.5204851],[126.9165143,37.5205734],[126.9159626,37.5211492],[126.9156858,37.5215616],[126.9153002,37.5219919],[126.9151225,37.5222709],[126.9150131,37.5225415],[126.9148753,37.5227375],[126.9148391,37.5227783],[126.9147935,37.5228368],[126.9146131,37.5227915],[126.9145798,37.5227594],[126.914536,37.5227564],[126.9145119,37.522724],[126.9145676,37.5226444],[126.9146266,37.5225589],[126.9148696,37.5222038],[126.9150742,37.5219278],[126.9154088,37.5215565],[126.9157198,37.5212218],[126.9158642,37.521015],[126.9163523,37.5204909],[126.9165324,37.5202938],[126.9167048,37.5200162],[126.9168499,37.5198165],[126.9171175,37.5195576],[126.9174245,37.5193027],[126.9177793,37.5190702],[126.9185353,37.5186547],[126.918693,37.5185821],[126.9190724,37.5184084],[126.9202171,37.5180224],[126.9211673,37.5176859],[126.922365,37.5172654],[126.9233696,37.5168449],[126.9237878,37.5166535],[126.924659,37.5163688],[126.9252822,37.5162025],[126.9258026,37.5160647],[126.9261801,37.5159928],[126.9267139,37.5158907],[126.9274995,37.5159287],[126.9280721,37.5158922],[126.9287388,37.5157546],[126.928898,37.5156868],[126.9294233,37.515573],[126.9298546,37.515555],[126.9303662,37.515627],[126.9314869,37.5157656],[126.9321482,37.5158098],[126.9327453,37.5159738],[126.9335142,37.5161571],[126.9340245,37.5162466],[126.9347383,37.5163784],[126.9350459,37.5164608],[126.935407,37.5164147],[126.935538,37.5164651],[126.936502,37.5166055],[126.9369622,37.5166928],[126.9377085,37.516899],[126.9379664,37.5169814],[126.9383521,37.5170849],[126.9389147,37.5171955],[126.9395187,37.517243],[126.9396204,37.5172518],[126.9402288,37.517394],[126.9408638,37.5175426],[126.9413687,37.517651],[126.9418891,37.517814],[126.9421694,37.5178702],[126.9429518,37.518094],[126.9433061,37.5182733],[126.9436248,37.5185386],[126.943967,37.5187099],[126.9442169,37.5189714],[126.9443787,37.5190569],[126.9447117,37.5190032],[126.9443655,37.5193849]]]}},{"type":"Feature","id":"relation/18367966","properties":{"osmType":"relation","osmId":18367966,"osmVersion":1,"osmTimestamp":"2024-12-03T17:05:37Z","sourceUrl":"https://www.openstreetmap.org/relation/18367966","name":null,"waterType":"river","sourceTags":{"natural":"water","water":"river"},"sourceSurveyed":false},"geometry":{"type":"Polygon","coordinates":[[[126.9109033,37.5307634],[126.9107826,37.5308679],[126.9107292,37.5307508],[126.9108424,37.5297868],[126.9108657,37.5296297],[126.9108786,37.5294699],[126.9109232,37.5291408],[126.9110497,37.5286743],[126.9111861,37.5282584],[126.9112442,37.5281525],[126.9114419,37.5278415],[126.9115417,37.5275607],[126.9116587,37.5271399],[126.9117742,37.5268547],[126.9118576,37.5266227],[126.9119201,37.5265214],[126.9122485,37.5260123],[126.9123968,37.5256906],[126.9127841,37.5252249],[126.9132424,37.5246311],[126.9132873,37.524504],[126.9136205,37.5240539],[126.9140014,37.5234501],[126.9142601,37.5230683],[126.9145119,37.522724],[126.914536,37.5227564],[126.9143084,37.52311],[126.9139248,37.523687],[126.9134354,37.5244121],[126.9133681,37.5245291],[126.9134317,37.5245771],[126.9135064,37.5245621],[126.9137208,37.5243253],[126.9141757,37.5238977],[126.9143796,37.5236114],[126.914461,37.5234022],[126.9145782,37.5229636],[126.9146131,37.5227915],[126.914679,37.5228069],[126.9147935,37.5228368],[126.9147651,37.5229136],[126.9145997,37.5233403],[126.9144915,37.5237185],[126.914326,37.523944],[126.9138045,37.5244338],[126.9134899,37.5247809],[126.9132066,37.525034],[126.9127855,37.5254552],[126.9124824,37.5259029],[126.9121373,37.5264821],[126.9121075,37.5267103],[126.9119346,37.5269068],[126.9119192,37.5270717],[126.9118366,37.5271679],[126.9117489,37.5272463],[126.9116725,37.5274318],[126.9115296,37.5278816],[126.9114015,37.5280822],[126.9113298,37.5282294],[126.9111314,37.5289667],[126.9110229,37.529445],[126.9110209,37.5295765],[126.9109741,37.5298328],[126.9109211,37.5303674],[126.9109033,37.5307634]]]}},{"type":"Feature","id":"relation/18367967","properties":{"osmType":"relation","osmId":18367967,"osmVersion":1,"osmTimestamp":"2024-12-03T17:05:37Z","sourceUrl":"https://www.openstreetmap.org/relation/18367967","name":null,"waterType":"river","sourceTags":{"natural":"water","water":"river"},"sourceSurveyed":false},"geometry":{"type":"Polygon","coordinates":[[[126.9099922,37.5336796],[126.9097777,37.5345813],[126.9096524,37.5344277],[126.9095188,37.5343133],[126.9097976,37.5338477],[126.9098703,37.5336153],[126.9099259,37.5334613],[126.9098582,37.5331881],[126.9098415,37.5329363],[126.9099127,37.5326858],[126.9101661,37.532077],[126.9103503,37.5317811],[126.9104439,37.5316996],[126.9104556,37.5318242],[126.9102197,37.5322752],[126.909996,37.5329606],[126.910041,37.5335437],[126.9099922,37.5336796]]]}},{"type":"Feature","id":"relation/19286397","properties":{"osmType":"relation","osmId":19286397,"osmVersion":1,"osmTimestamp":"2025-06-25T08:09:15Z","sourceUrl":"https://www.openstreetmap.org/relation/19286397","name":"여의도공원 지당","waterType":"pond","sourceTags":{"name":"여의도공원 지당","name:en":"Yeouido Park Jidang Pond","name:ko":"여의도공원 지당","natural":"water","water":"pond"},"sourceSurveyed":false},"geometry":{"type":"Polygon","coordinates":[[[126.925546,37.5281536],[126.9255618,37.5281045],[126.9255417,37.5280928],[126.9255375,37.5280676],[126.9255493,37.5280562],[126.9254917,37.5280188],[126.9254788,37.5280312],[126.9254673,37.5280305],[126.9254062,37.5280353],[126.9253854,37.5279805],[126.9254062,37.5279279],[126.9254458,37.5279157],[126.925539,37.5279439],[126.9256121,37.527846],[126.9256537,37.5278556],[126.925655,37.5278854],[126.9256765,37.5279189],[126.9257188,37.5279163],[126.9258119,37.5278734],[126.9258951,37.5279221],[126.9259085,37.5280013],[126.9259521,37.527997],[126.9259782,37.5280252],[126.9260305,37.5279965],[126.9260681,37.5280008],[126.9260801,37.5280874],[126.9261137,37.5281497],[126.9260647,37.5281786],[126.9260211,37.5281906],[126.9260149,37.5282273],[126.926008,37.5282708],[126.9259771,37.528273],[126.9259285,37.5282964],[126.9258947,37.5283347],[126.9258604,37.5283592],[126.9258421,37.5283858],[126.925659,37.5284347],[126.925573,37.5284186],[126.9255249,37.5283794],[126.9255574,37.5283299],[126.9255712,37.5282805],[126.925548,37.5282353],[126.9255061,37.5282028],[126.925546,37.5281536]],[[126.925712,37.5279984],[126.9256723,37.5279984],[126.9256361,37.5280271],[126.9256408,37.5280568],[126.9256712,37.5280827],[126.9257459,37.5280966],[126.9257681,37.5280836],[126.9257856,37.528054],[126.9257692,37.5280206],[126.925712,37.5279984]],[[126.9257278,37.528202],[126.9256905,37.5281974],[126.9256636,37.5282029],[126.9256566,37.5282168],[126.9256578,37.528239],[126.9256765,37.5282557],[126.9257068,37.5282687],[126.9257477,37.5282696],[126.9257675,37.5282622],[126.9257755,37.5282522],[126.9257764,37.528234],[126.9257664,37.5282159],[126.9257278,37.528202]],[[126.9259285,37.5281101],[126.9258888,37.5281202],[126.9258713,37.5281378],[126.9258864,37.528161],[126.925925,37.5281647],[126.9259483,37.5281582],[126.9259623,37.5281415],[126.9259612,37.5281212],[126.9259285,37.5281101]]]}}]}
