{"type":"FeatureCollection","bbox":[126.92,37.5,127.11,37.59],"name":"Seoul current OSM source water features before overlap union","attribution":"© OpenStreetMap contributors, ODbL 1.0","sourceSnapshot":"2026-09-06T14:44:00Z","features":[{"type":"Feature","id":"way/101293867","properties":{"osmType":"way","osmId":101293867,"osmVersion":5,"osmTimestamp":"2021-07-21T06:16:23Z","sourceUrl":"https://www.openstreetmap.org/way/101293867","name":"아사달 연못","waterType":"pond","sourceTags":{"name":"아사달 연못","natural":"water","water":"pond"},"sourceSurveyed":false},"geometry":{"type":"Polygon","coordinates":[[[127.0753195,37.551242],[127.0748498,37.5515811],[127.0746618,37.5514174],[127.0751314,37.5510782],[127.0753195,37.551242]]]}},{"type":"Feature","id":"way/154112475","properties":{"osmType":"way","osmId":154112475,"osmVersion":5,"osmTimestamp":"2022-08-31T14:12:33Z","sourceUrl":"https://www.openstreetmap.org/way/154112475","name":null,"waterType":"unspecified","sourceTags":{"natural":"water"},"sourceSurveyed":false},"geometry":{"type":"Polygon","coordinates":[[[126.9764079,37.5024777],[126.9750118,37.5006211],[126.97421646827571,37.5],[126.97442851563108,37.5],[126.9751183,37.5005009],[126.9765215,37.5024239],[126.9764079,37.5024777]]]}},{"type":"Feature","id":"way/154806809","properties":{"osmType":"way","osmId":154806809,"osmVersion":3,"osmTimestamp":"2017-10-01T08:33:56Z","sourceUrl":"https://www.openstreetmap.org/way/154806809","name":"서울숲호수","waterType":"unspecified","sourceTags":{"name":"서울숲호수","natural":"water"},"sourceSurveyed":false},"geometry":{"type":"Polygon","coordinates":[[[127.0379516,37.5454909],[127.0378892,37.54551],[127.0378051,37.5455124],[127.0376978,37.5454136],[127.0376442,37.5452605],[127.037612,37.5451627],[127.0377997,37.544984],[127.0379767,37.5449372],[127.0381269,37.5448054],[127.0381913,37.5446863],[127.0382986,37.5445502],[127.0383093,37.5444226],[127.0383308,37.544295],[127.0383683,37.5442354],[127.0384756,37.5442354],[127.0385507,37.5441972],[127.0386366,37.5441716],[127.0387439,37.5441249],[127.0388511,37.5440993],[127.0389477,37.5440781],[127.0390657,37.5441164],[127.0391033,37.5441164],[127.0391355,37.5441674],[127.0390282,37.5441674],[127.0389316,37.5441461],[127.0388619,37.5441674],[127.0388029,37.5442525],[127.0388511,37.5443163],[127.0388511,37.544363],[127.0388511,37.5444524],[127.0387975,37.5445502],[127.0387331,37.544631],[127.0386527,37.5446948],[127.0385937,37.5447884],[127.0386097,37.5448734],[127.038568,37.5449823],[127.0385476,37.5450688],[127.0384763,37.5451632],[127.0384059,37.5452307],[127.0383147,37.5452605],[127.0381591,37.54532],[127.0380733,37.5453796],[127.0379516,37.5454909]]]}},{"type":"Feature","id":"way/222074695","properties":{"osmType":"way","osmId":222074695,"osmVersion":26,"osmTimestamp":"2022-01-02T19:53:28Z","sourceUrl":"https://www.openstreetmap.org/way/222074695","name":"성내천","waterType":"stream","sourceTags":{"name":"성내천","name:en":"Seongnaecheon Stream","name:ko":"성내천","natural":"water","water":"stream"},"sourceSurveyed":false},"geometry":{"type":"Polygon","coordinates":[[[127.1062073,37.5237377],[127.11,37.52380150079349],[127.11,37.52395074919165],[127.1068358,37.5239602],[127.1067867,37.5239801],[127.1066477,37.5239426],[127.1064903,37.5239423],[127.1064577,37.5239656],[127.1063354,37.5239661],[127.1062738,37.5240035],[127.1063368,37.5241802],[127.1062788,37.5242096],[127.106257,37.5242846],[127.1061077,37.5242853],[127.1060626,37.5241725],[127.1059836,37.5240456],[127.1059127,37.5240046],[127.1057996,37.5239907],[127.1054726,37.5239921],[127.1052621,37.5239789],[127.10507,37.5239785],[127.104927,37.5239582],[127.1048371,37.5240181],[127.1048413,37.5241346],[127.1047128,37.5240961],[127.1047192,37.5240641],[127.1046339,37.5240324],[127.1045818,37.5240275],[127.104539,37.52405],[127.104478,37.5239814],[127.1044142,37.5239561],[127.1041992,37.5239875],[127.1040676,37.5239595],[127.1038412,37.5239717],[127.1037327,37.5239383],[127.1036609,37.5238401],[127.1032274,37.5238248],[127.1029369,37.5239683],[127.1027678,37.5239676],[127.1024803,37.5240324],[127.1022581,37.5240825],[127.1020567,37.5241209],[127.101954,37.5241405],[127.1011412,37.524116],[127.1008541,37.5240945],[127.1004036,37.5240894],[127.1003779,37.52409],[127.1003484,37.5240907],[127.1003077,37.5241053],[127.1002943,37.5241223],[127.1002896,37.5241617],[127.1001273,37.5238671],[127.0999879,37.5236246],[127.100535,37.5236501],[127.1017567,37.523669],[127.1062073,37.5237377]]]}},{"type":"Feature","id":"way/224704568","properties":{"osmType":"way","osmId":224704568,"osmVersion":2,"osmTimestamp":"2017-05-24T07:55:18Z","sourceUrl":"https://www.openstreetmap.org/way/224704568","name":"하늘못","waterType":"unspecified","sourceTags":{"name":"하늘못","natural":"water"},"sourceSurveyed":false},"geometry":{"type":"Polygon","coordinates":[[[127.0614949,37.5840795],[127.0614922,37.584037],[127.0614834,37.5840149],[127.0614735,37.5839902],[127.0614359,37.583952],[127.0614359,37.5839286],[127.0614118,37.5839052],[127.0614413,37.5838648],[127.0614681,37.5838117],[127.0614439,37.5837904],[127.0614091,37.5837437],[127.061408,37.5836795],[127.0614395,37.5836354],[127.0615012,37.5836094],[127.0616478,37.5836057],[127.0616862,37.5836215],[127.0617317,37.5836447],[127.0617545,37.5836941],[127.061739,37.5837777],[127.0616827,37.5838393],[127.0616076,37.5838925],[127.0616076,37.5839498],[127.0616178,37.5839667],[127.0616371,37.5839987],[127.0617014,37.5840497],[127.0617524,37.5841029],[127.0617765,37.584156],[127.0617604,37.58419],[127.0617095,37.5842432],[127.0616585,37.5842772],[127.0616049,37.5842772],[127.0615271,37.5842751],[127.0614708,37.5842559],[127.0614386,37.5842049],[127.0614413,37.5841603],[127.0614413,37.5841114],[127.0614949,37.5840795]]]}},{"type":"Feature","id":"way/229995724","properties":{"osmType":"way","osmId":229995724,"osmVersion":12,"osmTimestamp":"2025-11-18T01:42:23Z","sourceUrl":"https://www.openstreetmap.org/way/229995724","name":"전쟁기념관 호수","waterType":"unspecified","sourceTags":{"name":"전쟁기념관 호수","name:en":"Reflecting Pool","name:ko":"전쟁기념관 호수","natural":"water"},"sourceSurveyed":false},"geometry":{"type":"Polygon","coordinates":[[[126.9762117,37.5362294],[126.9761676,37.5363093],[126.976216,37.5353821],[126.9782127,37.5354704],[126.9781682,37.5360401],[126.9780114,37.5360362],[126.9780241,37.5356321],[126.9779061,37.5356298],[126.977898,37.5358605],[126.9776744,37.5358527],[126.977661,37.5357905],[126.9776221,37.5357293],[126.9775598,37.5356559],[126.97749,37.5356054],[126.9774196,37.5355661],[126.9773539,37.5355482],[126.9772407,37.5355386],[126.977166,37.5355362],[126.9770471,37.5355447],[126.9769693,37.535564],[126.976906,37.5355895],[126.9768606,37.5356182],[126.9768189,37.5356579],[126.9767709,37.5357109],[126.9767337,37.5357582],[126.9767068,37.5358112],[126.9765106,37.5358103],[126.976524,37.5356073],[126.9763953,37.5356047],[126.9763693,37.5360021],[126.9763674,37.5360249],[126.9763655,37.5360464],[126.976358,37.5361724],[126.9763466,37.536174],[126.9762973,37.536179],[126.9762617,37.5362057],[126.9762117,37.5362294]]]}},{"type":"Feature","id":"way/241751836","properties":{"osmType":"way","osmId":241751836,"osmVersion":3,"osmTimestamp":"2025-09-08T00:20:20Z","sourceUrl":"https://www.openstreetmap.org/way/241751836","name":null,"waterType":"basin","sourceTags":{"natural":"water","water":"basin"},"sourceSurveyed":false},"geometry":{"type":"Polygon","coordinates":[[[127.0915636,37.5727646],[127.0915495,37.5730204],[127.0913672,37.5729332],[127.091276,37.5728546],[127.0911848,37.572693],[127.0915522,37.5724358],[127.0917077,37.5724562],[127.0917518,37.5725389],[127.0916846,37.5726957],[127.0915636,37.5727646]]]}},{"type":"Feature","id":"way/248405787","properties":{"osmType":"way","osmId":248405787,"osmVersion":10,"osmTimestamp":"2022-08-31T14:12:33Z","sourceUrl":"https://www.openstreetmap.org/way/248405787","name":"반포천","waterType":"river","sourceTags":{"name":"반포천","natural":"water","water":"river"},"sourceSurveyed":false},"geometry":{"type":"MultiPolygon","coordinates":[[[[126.9845925,37.5003346],[126.98496749811275,37.5],[126.98513828486486,37.5],[126.9846523,37.5004096],[126.9840324,37.5008466],[126.9836859,37.5010785],[126.9831321,37.5013945],[126.9826246,37.5016484],[126.9817592,37.5019963],[126.9810775,37.5022481],[126.9803522,37.5025514],[126.9802105,37.5026714],[126.9798633,37.5031319],[126.9797695,37.5033145],[126.9793733,37.5040834],[126.9789608,37.5048762],[126.9786716,37.5053433],[126.9786682,37.5053661],[126.9786836,37.5053917],[126.9789297,37.5054938],[126.9789418,37.5055098],[126.9789478,37.5055278],[126.9789357,37.5057364],[126.978976,37.5058864],[126.9790243,37.5059885],[126.9791087,37.5060853],[126.979208,37.5061609],[126.9793998,37.5062502],[126.9779757,37.5063478],[126.9765285,37.50643],[126.9768052,37.5063525],[126.977062,37.5062532],[126.9776414,37.5059355],[126.9778571,37.5057677],[126.9779549,37.5056622],[126.9781807,37.5052566],[126.9782008,37.5052374],[126.9782256,37.5052278],[126.9783014,37.5052167],[126.9783323,37.5052097],[126.9783537,37.5051959],[126.9786595,37.5048055],[126.9791539,37.504009],[126.9796353,37.5032722],[126.9798143,37.5030863],[126.9801168,37.5026216],[126.9802787,37.5024729],[126.9810605,37.5021467],[126.9817059,37.5019152],[126.9825875,37.5015712],[126.9830159,37.5013656],[126.9833784,37.5011616],[126.9839822,37.5007916],[126.9845925,37.5003346]]],[[[126.9987513,37.5005326],[126.9973837444162,37.5],[126.99759101482302,37.5],[126.9979069,37.5001244],[126.9999812,37.5009472],[127.0019695,37.5017529],[127.0019492,37.5017811],[127.0019167,37.5018263],[127.0011966,37.5015223],[126.9987513,37.5005326]]]]}},{"type":"Feature","id":"way/278615339","properties":{"osmType":"way","osmId":278615339,"osmVersion":1,"osmTimestamp":"2014-05-01T17:23:31Z","sourceUrl":"https://www.openstreetmap.org/way/278615339","name":null,"waterType":"pond","sourceTags":{"natural":"water","water":"pond"},"sourceSurveyed":false},"geometry":{"type":"Polygon","coordinates":[[[126.9987693,37.5027604],[126.9988712,37.5025157],[126.9989409,37.5025072],[126.9989929,37.5025833],[126.9991408,37.5026053],[126.9992332,37.5026004],[126.9993138,37.5026668],[126.9992762,37.5027668],[126.999177,37.502803],[126.9991072,37.5028094],[126.999,37.50282],[126.9989141,37.5028455],[126.9988766,37.5028774],[126.9988632,37.50292],[126.9988229,37.5029413],[126.9987827,37.5029115],[126.9987827,37.5028647],[126.9987773,37.5027817],[126.9987693,37.5027604]]]}},{"type":"Feature","id":"way/304260845","properties":{"osmType":"way","osmId":304260845,"osmVersion":3,"osmTimestamp":"2022-04-09T06:32:29Z","sourceUrl":"https://www.openstreetmap.org/way/304260845","name":null,"waterType":"now empty","sourceTags":{"natural":"water","water":"now empty"},"sourceSurveyed":false},"geometry":{"type":"Polygon","coordinates":[[[126.9819567,37.5540272],[126.9819296,37.5540108],[126.9819103,37.5539885],[126.9819006,37.5539626],[126.9819014,37.5539356],[126.9819128,37.55391],[126.9819335,37.5538886],[126.9819616,37.5538732],[126.9819943,37.5538655],[126.9820284,37.5538662],[126.9820606,37.5538752],[126.9820877,37.5538916],[126.982107,37.5539139],[126.9821167,37.5539398],[126.9821159,37.5539668],[126.9821045,37.5539924],[126.9820838,37.5540138],[126.9820557,37.5540292],[126.982023,37.5540369],[126.9819889,37.5540362],[126.9819567,37.5540272]]]}},{"type":"Feature","id":"way/369953105","properties":{"osmType":"way","osmId":369953105,"osmVersion":2,"osmTimestamp":"2019-03-22T14:45:52Z","sourceUrl":"https://www.openstreetmap.org/way/369953105","name":"관어지","waterType":"pond","sourceTags":{"name":"관어지","name:en":"Gwaneoji Pond","name:ko":"관어지","natural":"water","water":"pond"},"sourceSurveyed":false},"geometry":{"type":"Polygon","coordinates":[[[126.9932945,37.5578496],[126.9931812,37.5579132],[126.9931199,37.5578446],[126.9932331,37.557781],[126.9932945,37.5578496]]]}},{"type":"Feature","id":"way/370027259","properties":{"osmType":"way","osmId":370027259,"osmVersion":3,"osmTimestamp":"2015-10-28T12:38:44Z","sourceUrl":"https://www.openstreetmap.org/way/370027259","name":null,"waterType":"fountain","sourceTags":{"natural":"water","water":"fountain"},"sourceSurveyed":false},"geometry":{"type":"Polygon","coordinates":[[[126.9786459,37.5692095],[126.9785566,37.5692158],[126.9785447,37.5691088],[126.978634,37.5691025],[126.9786459,37.5692095]]]}},{"type":"Feature","id":"way/377289796","properties":{"osmType":"way","osmId":377289796,"osmVersion":1,"osmTimestamp":"2015-10-28T12:38:38Z","sourceUrl":"https://www.openstreetmap.org/way/377289796","name":null,"waterType":"fountain","sourceTags":{"natural":"water","water":"fountain"},"sourceSurveyed":false},"geometry":{"type":"Polygon","coordinates":[[[126.9741797,37.5659451],[126.9741538,37.5659446],[126.9741548,37.5659096],[126.9741421,37.5659094],[126.9741435,37.5658569],[126.9741563,37.5658571],[126.9741569,37.5658353],[126.9741832,37.5658358],[126.9741897,37.5658187],[126.974206,37.5658065],[126.9742278,37.5658024],[126.9742493,37.5658073],[126.9742649,37.5658201],[126.9742705,37.5658373],[126.9742946,37.5658377],[126.974294,37.5658596],[126.9743034,37.5658598],[126.9743019,37.5659122],[126.9742925,37.5659121],[126.9742915,37.5659471],[126.974267,37.5659467],[126.9742576,37.565961],[126.9742417,37.565971],[126.9742219,37.5659744],[126.9742023,37.5659705],[126.9741869,37.5659601],[126.9741797,37.5659451]]]}},{"type":"Feature","id":"way/378466667","properties":{"osmType":"way","osmId":378466667,"osmVersion":3,"osmTimestamp":"2021-07-24T04:29:50Z","sourceUrl":"https://www.openstreetmap.org/way/378466667","name":null,"waterType":"unspecified","sourceTags":{"natural":"water"},"sourceSurveyed":false},"geometry":{"type":"Polygon","coordinates":[[[126.9780114,37.5360362],[126.9781682,37.5360401],[126.9781477,37.5363886],[126.9781311,37.536313],[126.9781038,37.5362779],[126.9780693,37.5362365],[126.9780384,37.5362131],[126.9780063,37.5361986],[126.9780099,37.5360831],[126.9780114,37.5360362]]]}},{"type":"Feature","id":"way/382079354","properties":{"osmType":"way","osmId":382079354,"osmVersion":1,"osmTimestamp":"2015-11-22T21:12:31Z","sourceUrl":"https://www.openstreetmap.org/way/382079354","name":null,"waterType":"pond","sourceTags":{"natural":"water","water":"pond"},"sourceSurveyed":false},"geometry":{"type":"Polygon","coordinates":[[[126.9822371,37.5223248],[126.9821867,37.5223336],[126.9821285,37.5223311],[126.9820812,37.5222973],[126.9820245,37.5222599],[126.9819993,37.5221949],[126.9820544,37.5221487],[126.9821159,37.5221187],[126.9821883,37.522145],[126.9822623,37.5221999],[126.9823048,37.5222224],[126.9823064,37.5222399],[126.9823001,37.5222948],[126.9822796,37.5223173],[126.9822371,37.5223248]]]}},{"type":"Feature","id":"way/382079358","properties":{"osmType":"way","osmId":382079358,"osmVersion":3,"osmTimestamp":"2019-03-29T14:20:12Z","sourceUrl":"https://www.openstreetmap.org/way/382079358","name":"나들못","waterType":"pond","sourceTags":{"name":"나들못","name:en":"Nadeulmot Pond","name:ko":"나들못","natural":"water","water":"pond"},"sourceSurveyed":false},"geometry":{"type":"Polygon","coordinates":[[[126.9788261,37.5215467],[126.9792819,37.5214055],[126.9793298,37.5214153],[126.9793699,37.5214392],[126.9793961,37.5214731],[126.9794047,37.5215084],[126.979398,37.5215439],[126.979377,37.521576],[126.9787686,37.5217646],[126.9787326,37.5216916],[126.9783875,37.5217985],[126.9782417,37.5215026],[126.9785869,37.5213956],[126.9786831,37.521591],[126.9788261,37.5215467]]]}},{"type":"Feature","id":"way/382946998","properties":{"osmType":"way","osmId":382946998,"osmVersion":5,"osmTimestamp":"2020-02-17T06:05:41Z","sourceUrl":"https://www.openstreetmap.org/way/382946998","name":null,"waterType":"pond","sourceTags":{"natural":"water","water":"pond"},"sourceSurveyed":false},"geometry":{"type":"Polygon","coordinates":[[[126.9810909,37.5614665],[126.9810564,37.5614822],[126.9810172,37.5614877],[126.9809779,37.5614826],[126.9809431,37.5614673],[126.9809182,37.5614454],[126.9809032,37.5614185],[126.9808996,37.5613893],[126.9809077,37.5613606],[126.9809268,37.5613353],[126.9809548,37.5613161],[126.9809891,37.5613047],[126.9810261,37.5613025],[126.9810621,37.5613095],[126.9810956,37.5613266],[126.9811199,37.5613516],[126.9811322,37.5613816],[126.9811312,37.5614131],[126.9811169,37.5614426],[126.9810909,37.5614665]]]}},{"type":"Feature","id":"way/383097706","properties":{"osmType":"way","osmId":383097706,"osmVersion":1,"osmTimestamp":"2015-11-27T17:08:43Z","sourceUrl":"https://www.openstreetmap.org/way/383097706","name":null,"waterType":"pond","sourceTags":{"natural":"water","water":"pond"},"sourceSurveyed":false},"geometry":{"type":"Polygon","coordinates":[[[126.9847912,37.5554647],[126.9847568,37.5554705],[126.9847445,37.5554588],[126.9847379,37.5554329],[126.9847437,37.5554075],[126.9847674,37.5553946],[126.9847969,37.5553913],[126.984828,37.5553952],[126.9848444,37.5554069],[126.9848469,37.5554374],[126.9848469,37.5554621],[126.9848215,37.5554647],[126.9847912,37.5554647]]]}},{"type":"Feature","id":"way/469161237","properties":{"osmType":"way","osmId":469161237,"osmVersion":1,"osmTimestamp":"2017-01-26T19:56:10Z","sourceUrl":"https://www.openstreetmap.org/way/469161237","name":"실로암","waterType":"pond","sourceTags":{"name":"실로암","natural":"water","water":"pond"},"sourceSurveyed":false},"geometry":{"type":"Polygon","coordinates":[[[126.9620977,37.5675941],[126.9616578,37.5674198],[126.9616873,37.5673773],[126.9621272,37.5675495],[126.9620977,37.5675941]]]}},{"type":"Feature","id":"way/469936980","properties":{"osmType":"way","osmId":469936980,"osmVersion":1,"osmTimestamp":"2017-01-29T13:04:37Z","sourceUrl":"https://www.openstreetmap.org/way/469936980","name":"주연","waterType":"pond","sourceTags":{"name":"주연","natural":"water","water":"pond"},"sourceSurveyed":false},"geometry":{"type":"Polygon","coordinates":[[[126.9228354,37.5012335],[126.9227662,37.5012494],[126.9227309,37.5011527],[126.9228001,37.5011368],[126.9228354,37.5012335]]]}},{"type":"Feature","id":"way/472433059","properties":{"osmType":"way","osmId":472433059,"osmVersion":1,"osmTimestamp":"2017-02-06T01:18:03Z","sourceUrl":"https://www.openstreetmap.org/way/472433059","name":null,"waterType":"pond","sourceTags":{"natural":"water","water":"pond"},"sourceSurveyed":false},"geometry":{"type":"Polygon","coordinates":[[[127.0882211,37.5128217],[127.088079,37.5128578],[127.088087,37.5127855],[127.0881648,37.5127238],[127.0882855,37.512677],[127.0883981,37.5127706],[127.0883552,37.5128451],[127.0882211,37.5128217]]]}},{"type":"Feature","id":"way/472445697","properties":{"osmType":"way","osmId":472445697,"osmVersion":2,"osmTimestamp":"2020-11-25T06:40:21Z","sourceUrl":"https://www.openstreetmap.org/way/472445697","name":null,"waterType":"unspecified","sourceTags":{"natural":"water"},"sourceSurveyed":false},"geometry":{"type":"Polygon","coordinates":[[[127.0865108,37.5127957],[127.0864956,37.5128077],[127.0859765,37.5122643],[127.0859976,37.5122508],[127.0865108,37.5127957]]]}},{"type":"Feature","id":"way/472445703","properties":{"osmType":"way","osmId":472445703,"osmVersion":1,"osmTimestamp":"2017-02-06T04:05:27Z","sourceUrl":"https://www.openstreetmap.org/way/472445703","name":null,"waterType":"unspecified","sourceTags":{"natural":"water"},"sourceSurveyed":false},"geometry":{"type":"Polygon","coordinates":[[[127.090394,37.5126221],[127.0901258,37.5127093],[127.0900399,37.5126604],[127.0901445,37.5126051],[127.0903538,37.5125327],[127.0905764,37.5125136],[127.09074,37.5125753],[127.0905737,37.5126391],[127.090394,37.5126221]]]}},{"type":"Feature","id":"way/474025687","properties":{"osmType":"way","osmId":474025687,"osmVersion":1,"osmTimestamp":"2017-02-11T17:40:14Z","sourceUrl":"https://www.openstreetmap.org/way/474025687","name":null,"waterType":"pond","sourceTags":{"natural":"water","water":"pond"},"sourceSurveyed":false},"geometry":{"type":"Polygon","coordinates":[[[127.00559,37.5859275],[127.0055403,37.5859297],[127.0055323,37.5859148],[127.0055336,37.5858988],[127.0055403,37.585884],[127.0055377,37.5858701],[127.005535,37.5858606],[127.0055336,37.5858457],[127.0055269,37.585834],[127.0055202,37.5858234],[127.0055323,37.5858074],[127.0055497,37.5858064],[127.0055685,37.5858149],[127.0055806,37.5858244],[127.0055913,37.5858361],[127.0056007,37.5858446],[127.0056288,37.5858563],[127.0056436,37.5858669],[127.005657,37.585884],[127.0056691,37.5859041],[127.0056543,37.5859148],[127.0056288,37.5859211],[127.00559,37.5859275]]]}},{"type":"Feature","id":"way/476442536","properties":{"osmType":"way","osmId":476442536,"osmVersion":4,"osmTimestamp":"2024-07-21T14:27:34Z","sourceUrl":"https://www.openstreetmap.org/way/476442536","name":"습지조화원","waterType":"lake","sourceTags":{"name":"습지조화원","natural":"water","water":"lake"},"sourceSurveyed":false},"geometry":{"type":"Polygon","coordinates":[[[127.0394819,37.5492628],[127.0393974,37.5491554],[127.0394149,37.54904],[127.0395369,37.5489363],[127.0397817,37.5489113],[127.0400217,37.5489443],[127.0400713,37.5490953],[127.0401438,37.5492069],[127.0401022,37.5493632],[127.0403087,37.5494632],[127.0405219,37.5494047],[127.0405917,37.5494398],[127.0407267,37.5495832],[127.0406495,37.5501374],[127.0406027,37.5501641],[127.0403378,37.5500201],[127.040374,37.5496894],[127.0403221,37.5495886],[127.0401961,37.5495567],[127.0399372,37.5496131],[127.0398353,37.5495355],[127.0397113,37.549334],[127.0394819,37.5492628]]]}},{"type":"Feature","id":"way/566335760","properties":{"osmType":"way","osmId":566335760,"osmVersion":5,"osmTimestamp":"2021-01-20T13:11:32Z","sourceUrl":"https://www.openstreetmap.org/way/566335760","name":null,"waterType":"stream","sourceTags":{"natural":"water","water":"stream"},"sourceSurveyed":false},"geometry":{"type":"Polygon","coordinates":[[[127.0041909,37.5566613],[127.0041914,37.5566412],[127.0042115,37.5566317],[127.0042397,37.5566295],[127.0042746,37.5566295],[127.0042907,37.5566402],[127.0042866,37.5566614],[127.0042907,37.5566827],[127.0042974,37.5567093],[127.0042907,37.556738],[127.0042866,37.5567508],[127.004292,37.5567752],[127.0043081,37.5567965],[127.0043202,37.5568092],[127.0043322,37.5568358],[127.004351,37.5568528],[127.0043604,37.5568635],[127.0043644,37.5568911],[127.0043698,37.556922],[127.0043792,37.5569656],[127.0043926,37.5570007],[127.0044087,37.5570336],[127.0044261,37.5570591],[127.0044436,37.5570783],[127.0044691,37.5570942],[127.0044758,37.5571081],[127.0044905,37.5571336],[127.0045013,37.5571623],[127.0045133,37.5571857],[127.0045308,37.5572133],[127.0045375,37.5572367],[127.0045496,37.5572516],[127.004575,37.557274],[127.0045992,37.5572931],[127.0046207,37.5573027],[127.0046421,37.557325],[127.0046703,37.5573473],[127.0046757,37.5573707],[127.004681,37.5574016],[127.004681,37.5574218],[127.0046824,37.5574404],[127.0046897,37.5574638],[127.0047052,37.5574813],[127.004738,37.5575276],[127.0047441,37.5575462],[127.0047535,37.5575659],[127.0047635,37.5575824],[127.0047769,37.5575967],[127.0047883,37.5576063],[127.0047984,37.557618],[127.0048034,37.5576294],[127.0048048,37.5576414],[127.0048081,37.5576549],[127.0048128,37.5576664],[127.0048199,37.5576775],[127.0048272,37.5576863],[127.0048356,37.5576911],[127.004847,37.5576969],[127.0048554,37.5577039],[127.0048614,37.5577121],[127.0048671,37.5577235],[127.0048708,37.5577334],[127.0048755,37.5577411],[127.0048816,37.5577493],[127.0048849,37.5577573],[127.0048849,37.5577685],[127.0048842,37.5577796],[127.0048839,37.5577908],[127.0048849,37.5578012],[127.0048886,37.5578097],[127.004895,37.5578212],[127.0049071,37.5578393],[127.0049138,37.5578489],[127.0049258,37.557868],[127.0049406,37.5578829],[127.0049594,37.5578935],[127.0049754,37.5578999],[127.0049875,37.5579127],[127.0049982,37.5579307],[127.0049969,37.5579488],[127.0049848,37.5579637],[127.0049754,37.5579743],[127.0049701,37.5579903],[127.0049781,37.5580073],[127.0049915,37.5580307],[127.0050235,37.5580819],[127.0050333,37.5581002],[127.0050552,37.5581337],[127.0050638,37.5581435],[127.005076,37.5581614],[127.0050733,37.5581848],[127.0050787,37.5582018],[127.0050948,37.5582231],[127.0051149,37.5582433],[127.0051471,37.5582624],[127.0051659,37.5582848],[127.0051847,37.5583018],[127.0052008,37.5583103],[127.0052209,37.558339],[127.0052557,37.5583719],[127.0052624,37.5583921],[127.0052785,37.5584219],[127.0053054,37.5584687],[127.0053308,37.558491],[127.0054019,37.5586505],[127.0054033,37.5587313],[127.0052691,37.5587483],[127.0052463,37.5587419],[127.0052249,37.5587206],[127.0052115,37.5587015],[127.0052088,37.5586781],[127.0052088,37.5586494],[127.0052048,37.5586228],[127.0051914,37.5585973],[127.0051672,37.558542],[127.0051417,37.5585101],[127.0051278,37.5584892],[127.0051262,37.5584744],[127.0051217,37.5584452],[127.0051353,37.5584017],[127.0051283,37.5583502],[127.0051229,37.558321],[127.0050962,37.5582776],[127.0050784,37.5582288],[127.0050549,37.5581959],[127.0050492,37.5581827],[127.0050363,37.5581548],[127.0050319,37.5581473],[127.0050079,37.5581069],[127.0049978,37.5580925],[127.0049768,37.558053],[127.0049459,37.5580009],[127.0049272,37.5579967],[127.0049017,37.5579881],[127.0048856,37.5579594],[127.004891,37.5579286],[127.0048936,37.5579031],[127.0048936,37.5578861],[127.0048856,37.5578553],[127.0048762,37.5578319],[127.0048655,37.5578074],[127.0048521,37.5577978],[127.0048346,37.5577904],[127.0048172,37.5577787],[127.0048051,37.5577628],[127.0047984,37.5577415],[127.0047984,37.5577181],[127.0047984,37.5576979],[127.0047877,37.5576713],[127.0047703,37.5576564],[127.0047515,37.557649],[127.004734,37.5576352],[127.0047287,37.5576118],[127.0047314,37.5575927],[127.0047247,37.5575714],[127.0047032,37.5575193],[127.0046683,37.5574619],[127.0046496,37.5574364],[127.0046321,37.5574194],[127.0046147,37.5574055],[127.0045959,37.5573832],[127.0045825,37.5573566],[127.0045758,37.5573279],[127.0045678,37.5573014],[127.0045557,37.5572833],[127.0045409,37.5572663],[127.0045235,37.5572514],[127.0045168,37.5572344],[127.0045154,37.5572184],[127.004494,37.5571812],[127.0044752,37.5571493],[127.0044578,37.5571196],[127.0044403,37.5571004],[127.0044216,37.5570898],[127.0043974,37.5570685],[127.0043787,37.5570441],[127.0043652,37.5570186],[127.0043572,37.5569898],[127.0043505,37.5569569],[127.0043465,37.556925],[127.0043451,37.5568963],[127.0043384,37.5568761],[127.0043223,37.5568559],[127.0043022,37.5568357],[127.0042848,37.5568166],[127.00427,37.5567953],[127.0042539,37.5567581],[127.0042352,37.5567432],[127.0042191,37.5567304],[127.0042057,37.5567102],[127.0041963,37.5566826],[127.0041909,37.5566613]]]}},{"type":"Feature","id":"way/614403295","properties":{"osmType":"way","osmId":614403295,"osmVersion":1,"osmTimestamp":"2018-08-06T08:08:22Z","sourceUrl":"https://www.openstreetmap.org/way/614403295","name":null,"waterType":"pond","sourceTags":{"natural":"water","water":"pond"},"sourceSurveyed":false},"geometry":{"type":"Polygon","coordinates":[[[126.9926434,37.5828884],[126.992492,37.5828846],[126.992498,37.5827368],[126.9926493,37.5827407],[126.9926434,37.5828884]]]}},{"type":"Feature","id":"way/614403297","properties":{"osmType":"way","osmId":614403297,"osmVersion":3,"osmTimestamp":"2020-08-27T05:08:35Z","sourceUrl":"https://www.openstreetmap.org/way/614403297","name":"애련지","waterType":"pond","sourceTags":{"name":"애련지","name:en":"Aeryeonji Pond","natural":"water","water":"pond"},"sourceSurveyed":false},"geometry":{"type":"Polygon","coordinates":[[[126.9930163,37.5829096],[126.9928643,37.5829089],[126.9928659,37.5826902],[126.9932311,37.5826919],[126.9932309,37.5827197],[126.9932296,37.5829106],[126.9931826,37.5829104],[126.9931447,37.5829102],[126.9930858,37.5829099],[126.9930163,37.5829096]]]}},{"type":"Feature","id":"way/616037081","properties":{"osmType":"way","osmId":616037081,"osmVersion":3,"osmTimestamp":"2025-05-12T15:26:37Z","sourceUrl":"https://www.openstreetmap.org/way/616037081","name":null,"waterType":"pond","sourceTags":{"natural":"water","water":"pond"},"sourceSurveyed":false},"geometry":{"type":"Polygon","coordinates":[[[126.9842394,37.5210524],[126.9841213,37.521034],[126.9839533,37.5206935],[126.9836146,37.5205838],[126.9836514,37.5205179],[126.9838236,37.520476],[126.9838013,37.5204237],[126.9840659,37.5204635],[126.9842679,37.520438],[126.9842982,37.5203727],[126.9843587,37.5203222],[126.9844585,37.5202849],[126.9845637,37.5203271],[126.9845992,37.5204001],[126.9845825,37.5204835],[126.984527,37.5205467],[126.9844199,37.5206055],[126.9844428,37.5207063],[126.9842959,37.5208841],[126.9842394,37.5210524]]]}},{"type":"Feature","id":"way/618128760","properties":{"osmType":"way","osmId":618128760,"osmVersion":1,"osmTimestamp":"2018-08-20T03:22:59Z","sourceUrl":"https://www.openstreetmap.org/way/618128760","name":null,"waterType":"unspecified","sourceTags":{"natural":"water"},"sourceSurveyed":false},"geometry":{"type":"Polygon","coordinates":[[[126.9237373,37.5606632],[126.9237286,37.5606582],[126.923887,37.5604632],[126.9239834,37.5605537],[126.9237578,37.560675],[126.9237373,37.5606632]]]}},{"type":"Feature","id":"way/629022593","properties":{"osmType":"way","osmId":629022593,"osmVersion":3,"osmTimestamp":"2022-12-24T14:43:18Z","sourceUrl":"https://www.openstreetmap.org/way/629022593","name":"환경연못","waterType":"unspecified","sourceTags":{"name":"환경연못","natural":"water"},"sourceSurveyed":false},"geometry":{"type":"Polygon","coordinates":[[[127.0763254,37.5501958],[127.076202,37.549998],[127.076202,37.5499682],[127.0762154,37.5499491],[127.0762503,37.5499363],[127.0762986,37.5499151],[127.076662,37.549511],[127.0767143,37.5494611],[127.07678,37.5494409],[127.0768565,37.5494238],[127.0769115,37.5494259],[127.0770362,37.5494717],[127.0771126,37.5494823],[127.0771877,37.5494791],[127.0772454,37.5494685],[127.0773245,37.5494504],[127.0773755,37.5494632],[127.0773996,37.5495174],[127.0773996,37.549612],[127.077397,37.5496737],[127.0773903,37.549713],[127.0773473,37.5497333],[127.0772012,37.5497173],[127.0771153,37.5498024],[127.0771274,37.5498194],[127.0770362,37.5498491],[127.0769638,37.5498619],[127.076901,37.5498453],[127.076835,37.5498279],[127.0767385,37.5498385],[127.0766768,37.5498768],[127.0766339,37.5499533],[127.0765883,37.5500023],[127.0765507,37.5500427],[127.0765319,37.5500852],[127.0765454,37.5501873],[127.0765239,37.5502298],[127.0764783,37.5502532],[127.07643,37.5502596],[127.0763844,37.5502468],[127.0763254,37.5501958]]]}},{"type":"Feature","id":"way/629126159","properties":{"osmType":"way","osmId":629126159,"osmVersion":2,"osmTimestamp":"2025-09-20T15:16:58Z","sourceUrl":"https://www.openstreetmap.org/way/629126159","name":null,"waterType":"unspecified","sourceTags":{"natural":"water"},"sourceSurveyed":false},"geometry":{"type":"Polygon","coordinates":[[[127.0784234,37.54848],[127.0783544,37.5484856],[127.0782706,37.5484527],[127.0782432,37.5483967],[127.0781735,37.5482925],[127.0781894,37.5482456],[127.0782239,37.5482116],[127.0782727,37.5482108],[127.0783215,37.5481952],[127.078343,37.5481791],[127.0783551,37.5481519],[127.078346,37.5481211],[127.0783135,37.5480978],[127.0782681,37.5480963],[127.078225,37.5481096],[127.0781949,37.5480437],[127.0782995,37.5479395],[127.0784926,37.5478204],[127.0786453,37.5477999],[127.0787957,37.5477906],[127.0791686,37.547814],[127.0792783,37.5478779],[127.0792873,37.5479009],[127.079287,37.5479238],[127.0792196,37.5479633],[127.0791794,37.5481078],[127.0790856,37.5481687],[127.0789684,37.548224],[127.0788053,37.5482735],[127.0786868,37.5483131],[127.0786337,37.5483378],[127.0786092,37.5483613],[127.0785906,37.5484583],[127.0785671,37.5484558],[127.0785198,37.5484512],[127.0784234,37.54848]]]}},{"type":"Feature","id":"way/633779315","properties":{"osmType":"way","osmId":633779315,"osmVersion":2,"osmTimestamp":"2018-11-23T17:35:52Z","sourceUrl":"https://www.openstreetmap.org/way/633779315","name":"아이파크 내 인공 폭포","waterType":"pond","sourceTags":{"name":"아이파크 내 인공 폭포","natural":"water","water":"pond"},"sourceSurveyed":false},"geometry":{"type":"Polygon","coordinates":[[[127.0128279,37.5007522],[127.0124176,37.5006671],[127.0124739,37.5004415],[127.0125463,37.5004458],[127.0129701,37.5007075],[127.0129165,37.5007522],[127.0128279,37.5007522]]]}},{"type":"Feature","id":"way/668917855","properties":{"osmType":"way","osmId":668917855,"osmVersion":2,"osmTimestamp":"2024-07-21T14:27:34Z","sourceUrl":"https://www.openstreetmap.org/way/668917855","name":null,"waterType":"lake","sourceTags":{"natural":"water","water":"lake"},"sourceSurveyed":false},"geometry":{"type":"Polygon","coordinates":[[[127.0332235,37.543063],[127.0330357,37.543131],[127.0329124,37.5434458],[127.0326388,37.543752],[127.0323706,37.543718],[127.0322204,37.5435862],[127.0322257,37.5434415],[127.0323124,37.5433763],[127.0325323,37.5433422],[127.0326047,37.5431328],[127.0326906,37.5430971],[127.0327482,37.5430897],[127.0329668,37.5431094],[127.0331162,37.5430502],[127.0331486,37.542852],[127.033164,37.5427957],[127.0332344,37.5427489],[127.0335375,37.542885],[127.0336642,37.5428116],[127.0338305,37.5427106],[127.0341095,37.542684],[127.0342865,37.5426245],[127.0343515,37.542616],[127.0343763,37.5426447],[127.0343113,37.5427399],[127.0340337,37.5429036],[127.03397,37.5429488],[127.0338412,37.5429504],[127.0337868,37.543046],[127.0336857,37.5430817],[127.0336258,37.5430757],[127.0335348,37.5430344],[127.0334113,37.5429184],[127.0333685,37.5428972],[127.0333093,37.5429056],[127.0332235,37.543063]]]}},{"type":"Feature","id":"way/675327350","properties":{"osmType":"way","osmId":675327350,"osmVersion":1,"osmTimestamp":"2019-03-08T01:18:45Z","sourceUrl":"https://www.openstreetmap.org/way/675327350","name":null,"waterType":"pond","sourceTags":{"natural":"water","water":"pond"},"sourceSurveyed":false},"geometry":{"type":"Polygon","coordinates":[[[126.9371883,37.562356],[126.937221,37.5623725],[126.9372455,37.5623963],[126.9372592,37.5624251],[126.9372604,37.5624576],[126.9372479,37.5624886],[126.937223,37.5625144],[126.9371886,37.5625322],[126.9371487,37.5625399],[126.9371079,37.5625366],[126.9370708,37.5625226],[126.9370418,37.5624996],[126.937024,37.5624703],[126.9370196,37.5624397],[126.9370276,37.5624096],[126.9370471,37.5623831],[126.9370763,37.5623628],[126.937112,37.5623509],[126.9371507,37.5623485],[126.9371883,37.562356]]]}},{"type":"Feature","id":"way/687940675","properties":{"osmType":"way","osmId":687940675,"osmVersion":2,"osmTimestamp":"2022-02-16T10:37:09Z","sourceUrl":"https://www.openstreetmap.org/way/687940675","name":null,"waterType":"unspecified","sourceTags":{"natural":"water"},"sourceSurveyed":false},"geometry":{"type":"Polygon","coordinates":[[[127.0110986,37.5066877],[127.0111708,37.5068237],[127.0110535,37.5068809],[127.0109814,37.5067378],[127.0110986,37.5066877]]]}},{"type":"Feature","id":"way/687940677","properties":{"osmType":"way","osmId":687940677,"osmVersion":1,"osmTimestamp":"2019-05-05T12:53:19Z","sourceUrl":"https://www.openstreetmap.org/way/687940677","name":"115동 앞 인공 연못","waterType":"pond","sourceTags":{"name":"115동 앞 인공 연못","natural":"water","water":"pond"},"sourceSurveyed":false},"geometry":{"type":"Polygon","coordinates":[[[127.0133631,37.5080475],[127.0134894,37.507933],[127.0136998,37.507974],[127.0135345,37.5080618],[127.0133631,37.5080475]]]}},{"type":"Feature","id":"way/687940678","properties":{"osmType":"way","osmId":687940678,"osmVersion":2,"osmTimestamp":"2022-02-16T10:37:09Z","sourceUrl":"https://www.openstreetmap.org/way/687940678","name":null,"waterType":"pond","sourceTags":{"natural":"water","water":"pond"},"sourceSurveyed":false},"geometry":{"type":"Polygon","coordinates":[[[127.0156457,37.5077684],[127.0154666,37.5078544],[127.0154382,37.5075322],[127.0156005,37.5074893],[127.0156318,37.5076827],[127.0156457,37.5077684]]]}},{"type":"Feature","id":"way/687940679","properties":{"osmType":"way","osmId":687940679,"osmVersion":2,"osmTimestamp":"2022-02-16T10:37:09Z","sourceUrl":"https://www.openstreetmap.org/way/687940679","name":null,"waterType":"pond","sourceTags":{"natural":"water","water":"pond"},"sourceSurveyed":false},"geometry":{"type":"Polygon","coordinates":[[[127.0164937,37.5057287],[127.0162952,37.5058146],[127.0163584,37.5056428],[127.0164937,37.5057287]]]}},{"type":"Feature","id":"way/687940680","properties":{"osmType":"way","osmId":687940680,"osmVersion":2,"osmTimestamp":"2022-02-16T10:37:09Z","sourceUrl":"https://www.openstreetmap.org/way/687940680","name":null,"waterType":"pond","sourceTags":{"natural":"water","water":"pond"},"sourceSurveyed":false},"geometry":{"type":"Polygon","coordinates":[[[127.0158171,37.5046122],[127.0158532,37.5047482],[127.0156625,37.504835],[127.0156366,37.504741],[127.0158171,37.5046122]]]}},{"type":"Feature","id":"way/744071475","properties":{"osmType":"way","osmId":744071475,"osmVersion":2,"osmTimestamp":"2024-08-28T18:44:24Z","sourceUrl":"https://www.openstreetmap.org/way/744071475","name":"청룡연못","waterType":"pond","sourceTags":{"name":"청룡연못","natural":"water","water":"pond","intermittent":"no","salt":"no"},"sourceSurveyed":false},"geometry":{"type":"Polygon","coordinates":[[[126.9573509,37.505731],[126.957294,37.5057475],[126.9572525,37.5057577],[126.9572133,37.5057518],[126.9571759,37.5057061],[126.9571598,37.5056606],[126.9571625,37.5056152],[126.9572049,37.5055568],[126.9572349,37.5055428],[126.9572764,37.5055192],[126.957323,37.5055145],[126.9573825,37.5055104],[126.9574245,37.5055297],[126.9574529,37.5055652],[126.957461,37.5056056],[126.9574607,37.505642],[126.9574475,37.5056798],[126.9573509,37.505731]]]}},{"type":"Feature","id":"way/759409653","properties":{"osmType":"way","osmId":759409653,"osmVersion":1,"osmTimestamp":"2019-12-29T17:45:39Z","sourceUrl":"https://www.openstreetmap.org/way/759409653","name":null,"waterType":"pond","sourceTags":{"natural":"water","water":"pond"},"sourceSurveyed":false},"geometry":{"type":"Polygon","coordinates":[[[127.0115957,37.5674586],[127.0115329,37.5676192],[127.0114133,37.5675898],[127.011476,37.5674292],[127.0115957,37.5674586]]]}},{"type":"Feature","id":"way/760129914","properties":{"osmType":"way","osmId":760129914,"osmVersion":4,"osmTimestamp":"2024-06-09T18:15:36Z","sourceUrl":"https://www.openstreetmap.org/way/760129914","name":null,"waterType":"unspecified","sourceTags":{"natural":"water"},"sourceSurveyed":false},"geometry":{"type":"Polygon","coordinates":[[[126.9945661,37.5718933],[126.9944703,37.5719822],[126.9944517,37.5719789],[126.9945542,37.5718805],[126.9946089,37.5717588],[126.9946685,37.5716229],[126.994776,37.5714354],[126.994821,37.5713433],[126.9948614,37.5712383],[126.9948941,37.5711281],[126.9949087,37.5710535],[126.9949127,37.5710332],[126.9949284,37.5709326],[126.994943,37.5709334],[126.9949266,37.5710306],[126.9949233,37.5710518],[126.9949091,37.5711277],[126.9948778,37.5712361],[126.9948337,37.5713469],[126.994788,37.5714371],[126.9946913,37.5716222],[126.9946409,37.5717291],[126.9946163,37.571783],[126.9945995,37.5718282],[126.9945888,37.5718494],[126.9945661,37.5718933]]]}},{"type":"Feature","id":"way/767779592","properties":{"osmType":"way","osmId":767779592,"osmVersion":3,"osmTimestamp":"2020-08-24T07:31:45Z","sourceUrl":"https://www.openstreetmap.org/way/767779592","name":null,"waterType":"pond","sourceTags":{"natural":"water","water":"pond"},"sourceSurveyed":false},"geometry":{"type":"Polygon","coordinates":[[[126.9946396,37.5601115],[126.9946393,37.5601113],[126.9946264,37.560088],[126.9946265,37.5600877],[126.9946268,37.5600872],[126.9946906,37.5600642],[126.9946911,37.5600637],[126.9946911,37.5600629],[126.9946437,37.5599781],[126.9946437,37.559978],[126.9946437,37.5599779],[126.9946643,37.5599708],[126.9946805,37.5599644],[126.9946816,37.5599648],[126.9946827,37.5599658],[126.9947107,37.5600172],[126.9947428,37.5600755],[126.9947428,37.5600759],[126.9947427,37.5600762],[126.9946401,37.5601115],[126.9946396,37.5601115]]]}},{"type":"Feature","id":"way/767874478","properties":{"osmType":"way","osmId":767874478,"osmVersion":1,"osmTimestamp":"2020-01-29T13:55:20Z","sourceUrl":"https://www.openstreetmap.org/way/767874478","name":null,"waterType":"pond","sourceTags":{"natural":"water","water":"pond"},"sourceSurveyed":false},"geometry":{"type":"Polygon","coordinates":[[[126.9743247,37.5601923],[126.9743062,37.5602022],[126.9742713,37.5602087],[126.974241,37.5602106],[126.9742083,37.5602093],[126.9741828,37.5602043],[126.9741588,37.5601948],[126.9741333,37.5601853],[126.974111,37.560172],[126.9740903,37.560155],[126.9740775,37.5601373],[126.9740751,37.5601227],[126.9740815,37.5601088],[126.9740863,37.5601006],[126.9741014,37.5600899],[126.9741238,37.5600823],[126.9741517,37.5600804],[126.9741899,37.5600791],[126.974225,37.5600829],[126.9742569,37.5600905],[126.9742912,37.560105],[126.9743255,37.5601284],[126.9743359,37.5601442],[126.9743415,37.5601588],[126.9743383,37.5601714],[126.9743303,37.5601841],[126.9743247,37.5601923]]]}},{"type":"Feature","id":"way/768444114","properties":{"osmType":"way","osmId":768444114,"osmVersion":1,"osmTimestamp":"2020-01-31T07:29:25Z","sourceUrl":"https://www.openstreetmap.org/way/768444114","name":null,"waterType":"stream","sourceTags":{"natural":"water","water":"stream"},"sourceSurveyed":false},"geometry":{"type":"Polygon","coordinates":[[[126.9714811,37.570507],[126.9714838,37.5704566],[126.9716338,37.5704603],[126.9716311,37.5705106],[126.9714811,37.570507]]]}},{"type":"Feature","id":"way/768444115","properties":{"osmType":"way","osmId":768444115,"osmVersion":1,"osmTimestamp":"2020-01-31T07:29:25Z","sourceUrl":"https://www.openstreetmap.org/way/768444115","name":null,"waterType":"stream","sourceTags":{"natural":"water","water":"stream"},"sourceSurveyed":false},"geometry":{"type":"Polygon","coordinates":[[[126.9716433,37.5702762],[126.9716414,37.5703163],[126.9714904,37.5703125],[126.9714923,37.5702717],[126.9716433,37.5702762]]]}},{"type":"Feature","id":"way/771233468","properties":{"osmType":"way","osmId":771233468,"osmVersion":2,"osmTimestamp":"2024-01-13T12:56:55Z","sourceUrl":"https://www.openstreetmap.org/way/771233468","name":null,"waterType":"unspecified","sourceTags":{"name:ko":"회동 제생동천","natural":"water"},"sourceSurveyed":false},"geometry":{"type":"Polygon","coordinates":[[[126.9950093,37.5708703],[126.9950047,37.5709316],[126.9948288,37.5709239],[126.994835,37.5708636],[126.9950093,37.5708703]]]}},{"type":"Feature","id":"way/771233469","properties":{"osmType":"way","osmId":771233469,"osmVersion":2,"osmTimestamp":"2024-01-13T12:56:55Z","sourceUrl":"https://www.openstreetmap.org/way/771233469","name":null,"waterType":"unspecified","sourceTags":{"name:ko":"회동 제생동천","natural":"water"},"sourceSurveyed":false},"geometry":{"type":"Polygon","coordinates":[[[126.9953093,37.5708848],[126.995304,37.5709453],[126.9951258,37.5709373],[126.9951304,37.570876],[126.9953093,37.5708848]]]}},{"type":"Feature","id":"way/775090209","properties":{"osmType":"way","osmId":775090209,"osmVersion":1,"osmTimestamp":"2020-02-20T18:40:11Z","sourceUrl":"https://www.openstreetmap.org/way/775090209","name":null,"waterType":"unspecified","sourceTags":{"natural":"water"},"sourceSurveyed":false},"geometry":{"type":"Polygon","coordinates":[[[126.9882295,37.5585762],[126.9881363,37.5585891],[126.9881155,37.5584663],[126.9881856,37.5584584],[126.9882295,37.5585762]]]}},{"type":"Feature","id":"way/777660089","properties":{"osmType":"way","osmId":777660089,"osmVersion":3,"osmTimestamp":"2020-09-03T03:35:10Z","sourceUrl":"https://www.openstreetmap.org/way/777660089","name":null,"waterType":"pond","sourceTags":{"natural":"water","water":"pond"},"sourceSurveyed":false},"geometry":{"type":"Polygon","coordinates":[[[126.9588868,37.5729313],[126.9589467,37.5729681],[126.9586787,37.5732378],[126.9585977,37.5731845],[126.9588868,37.5729313]]]}},{"type":"Feature","id":"way/777660090","properties":{"osmType":"way","osmId":777660090,"osmVersion":3,"osmTimestamp":"2020-09-03T03:35:10Z","sourceUrl":"https://www.openstreetmap.org/way/777660090","name":null,"waterType":"pond","sourceTags":{"natural":"water","water":"pond"},"sourceSurveyed":false},"geometry":{"type":"Polygon","coordinates":[[[126.9587887,37.57331],[126.9587051,37.5732556],[126.958974,37.5729865],[126.9590366,37.5730285],[126.9587887,37.57331]]]}},{"type":"Feature","id":"way/786079697","properties":{"osmType":"way","osmId":786079697,"osmVersion":6,"osmTimestamp":"2021-05-17T03:51:02Z","sourceUrl":"https://www.openstreetmap.org/way/786079697","name":null,"waterType":"lake","sourceTags":{"natural":"water","water":"lake"},"sourceSurveyed":false},"geometry":{"type":"Polygon","coordinates":[[[127.0312944,37.5897598],[127.0312856,37.5896898],[127.0312993,37.5896243],[127.0313013,37.5896039],[127.0313108,37.5895674],[127.0313295,37.5895539],[127.0313521,37.5895388],[127.0313772,37.5895056],[127.0314177,37.5894992],[127.031359,37.5896418],[127.0313419,37.5896473],[127.0312944,37.5897598]]]}},{"type":"Feature","id":"way/788178726","properties":{"osmType":"way","osmId":788178726,"osmVersion":4,"osmTimestamp":"2020-12-30T00:55:26Z","sourceUrl":"https://www.openstreetmap.org/way/788178726","name":"관람지","waterType":"pond","sourceTags":{"name":"관람지","natural":"water","water":"pond"},"sourceSurveyed":false},"geometry":{"type":"Polygon","coordinates":[[[126.9933371,37.5835493],[126.9933612,37.5835668],[126.9933806,37.5835791],[126.9933967,37.5835955],[126.9934048,37.5836141],[126.9934148,37.5836338],[126.9934316,37.5836609],[126.9934242,37.5836837],[126.9934028,37.5837066],[126.9933659,37.5837279],[126.9933417,37.5837316],[126.9933189,37.5837427],[126.9932794,37.583772],[126.993264,37.5837943],[126.9932415,37.5838224],[126.9932164,37.5838437],[126.9931982,37.583858],[126.9931868,37.5838756],[126.993152,37.5838952],[126.9931138,37.5839207],[126.9930769,37.5839362],[126.9930387,37.5839425],[126.9930018,37.5839346],[126.9929877,37.5839117],[126.9929857,37.5838873],[126.9929937,37.5838713],[126.9930165,37.5838607],[126.9930682,37.5838639],[126.9930846,37.5838596],[126.9930963,37.5838506],[126.9931064,37.5838331],[126.9931124,37.5837767],[126.9931225,37.5837576],[126.9931426,37.5837364],[126.9931761,37.5837215],[126.9932016,37.5837039],[126.9932204,37.5836859],[126.9932472,37.5836497],[126.9932673,37.5836285],[126.993278,37.5836136],[126.9932827,37.583603],[126.9932814,37.5835865],[126.9932767,37.5835679],[126.9932821,37.5835536],[126.9932941,37.5835408],[126.9933223,37.5835408],[126.9933371,37.5835493]]]}},{"type":"Feature","id":"way/802936071","properties":{"osmType":"way","osmId":802936071,"osmVersion":4,"osmTimestamp":"2020-06-16T05:39:00Z","sourceUrl":"https://www.openstreetmap.org/way/802936071","name":"고려대학교 육생비오톱","waterType":"lake","sourceTags":{"name":"고려대학교 육생비오톱","natural":"water","water":"lake"},"sourceSurveyed":false},"geometry":{"type":"Polygon","coordinates":[[[127.03339,37.5874186],[127.0334367,37.5873968],[127.0335573,37.587479],[127.03362,37.5875614],[127.0336264,37.5875794],[127.033621,37.5875973],[127.033607,37.5876119],[127.0335771,37.5876111],[127.0335593,37.587609],[127.0335443,37.5876029],[127.0335274,37.587596],[127.033513,37.5875856],[127.0334417,37.5875379],[127.0333771,37.5874673],[127.03339,37.5874186]]]}},{"type":"Feature","id":"way/807013767","properties":{"osmType":"way","osmId":807013767,"osmVersion":10,"osmTimestamp":"2023-07-13T07:33:02Z","sourceUrl":"https://www.openstreetmap.org/way/807013767","name":"성인 물놀이장","waterType":"pool","sourceTags":{"name":"성인 물놀이장","natural":"water","water":"pool"},"sourceSurveyed":false},"geometry":{"type":"Polygon","coordinates":[[[127.0669768,37.5294939],[127.0670063,37.5294868],[127.0671083,37.5292452],[127.0673178,37.5292666],[127.0673293,37.529476],[127.0673371,37.5294737],[127.0673478,37.5294703],[127.067358,37.5294686],[127.0673699,37.5294697],[127.0673879,37.5294706],[127.0674058,37.5294742],[127.0674214,37.5294784],[127.067438,37.5294854],[127.0674504,37.5294911],[127.0674598,37.5294973],[127.0674703,37.5295062],[127.0674817,37.5295168],[127.0674851,37.5295268],[127.0674849,37.5295365],[127.0674832,37.5295468],[127.0674809,37.5295533],[127.0674748,37.5295622],[127.0674648,37.5295718],[127.0674451,37.5295838],[127.0674318,37.5295947],[127.0674236,37.529607],[127.067416,37.5296204],[127.0674111,37.5296338],[127.0674097,37.5296478],[127.0674086,37.5296626],[127.0674153,37.5296866],[127.0674127,37.5297237],[127.0674057,37.5297369],[127.0673986,37.5297469],[127.0673899,37.5297543],[127.0673676,37.5297699],[127.0673512,37.5297778],[127.0673206,37.5297808],[127.0672933,37.5297811],[127.0672749,37.529778],[127.0672507,37.5297741],[127.0672262,37.5297759],[127.0671997,37.5297785],[127.0671699,37.5297813],[127.0671391,37.5297882],[127.0671163,37.5297939],[127.0670975,37.5298029],[127.0670802,37.5298103],[127.0670665,37.5298182],[127.0670504,37.5298298],[127.0670326,37.5298387],[127.0670088,37.5298485],[127.0669804,37.5298537],[127.0669424,37.5298544],[127.0669161,37.5298517],[127.0668961,37.5298444],[127.0668761,37.5298297],[127.0668624,37.5298147],[127.066838,37.529791],[127.0667872,37.5297411],[127.0667553,37.5297205],[127.0667259,37.52971],[127.0666921,37.5297016],[127.0666506,37.5296962],[127.0666136,37.5296956],[127.0665719,37.5297025],[127.0665285,37.5297158],[127.0664698,37.5296461],[127.0665084,37.5296406],[127.0665313,37.529624],[127.0665512,37.5296027],[127.0665757,37.5295788],[127.0665969,37.5295634],[127.0666086,37.5295579],[127.0666239,37.5295545],[127.0666381,37.529552],[127.0666542,37.5295563],[127.0666657,37.5295637],[127.0667179,37.5295894],[127.0667576,37.5295989],[127.0667993,37.5296012],[127.0668329,37.5295929],[127.0668645,37.5295821],[127.0668824,37.5295686],[127.0668981,37.5295559],[127.0669138,37.5295399],[127.066936,37.5295105],[127.0669768,37.5294939]]]}},{"type":"Feature","id":"way/867117240","properties":{"osmType":"way","osmId":867117240,"osmVersion":1,"osmTimestamp":"2020-11-04T21:33:15Z","sourceUrl":"https://www.openstreetmap.org/way/867117240","name":null,"waterType":"pond","sourceTags":{"natural":"water","water":"pond"},"sourceSurveyed":false},"geometry":{"type":"Polygon","coordinates":[[[127.1096219,37.5217928],[127.10936,37.5217423],[127.1094024,37.5215963],[127.1096679,37.521644],[127.1096219,37.5217928]]]}},{"type":"Feature","id":"way/880952758","properties":{"osmType":"way","osmId":880952758,"osmVersion":1,"osmTimestamp":"2020-12-04T10:18:29Z","sourceUrl":"https://www.openstreetmap.org/way/880952758","name":"홍제천","waterType":"river","sourceTags":{"name":"홍제천","natural":"water","water":"river"},"sourceSurveyed":false},"geometry":{"type":"Polygon","coordinates":[[[126.9216694,37.5720207],[126.92,37.570693639423716],[126.92,37.570489924443265],[126.9218596,37.5718876],[126.9216694,37.5720207]]]}},{"type":"Feature","id":"way/880952759","properties":{"osmType":"way","osmId":880952759,"osmVersion":1,"osmTimestamp":"2020-12-04T10:18:29Z","sourceUrl":"https://www.openstreetmap.org/way/880952759","name":"홍제천","waterType":"river","sourceTags":{"name":"홍제천","natural":"water","water":"river"},"sourceSurveyed":false},"geometry":{"type":"Polygon","coordinates":[[[126.9236689,37.5735792],[126.9216694,37.5720207],[126.9218596,37.5718876],[126.9239137,37.5734028],[126.9236689,37.5735792]]]}},{"type":"Feature","id":"way/880952760","properties":{"osmType":"way","osmId":880952760,"osmVersion":1,"osmTimestamp":"2020-12-04T10:18:29Z","sourceUrl":"https://www.openstreetmap.org/way/880952760","name":"홍제천","waterType":"river","sourceTags":{"name":"홍제천","natural":"water","water":"river"},"sourceSurveyed":false},"geometry":{"type":"Polygon","coordinates":[[[126.9249796,37.574582],[126.9236689,37.5735792],[126.9239137,37.5734028],[126.9246724,37.5740491],[126.9251949,37.5744808],[126.9257128,37.5748667],[126.9264643,37.575339],[126.9263005,37.5755138],[126.9255802,37.5750296],[126.9249796,37.574582]]]}},{"type":"Feature","id":"way/880952761","properties":{"osmType":"way","osmId":880952761,"osmVersion":1,"osmTimestamp":"2020-12-04T10:18:29Z","sourceUrl":"https://www.openstreetmap.org/way/880952761","name":"홍제천","waterType":"river","sourceTags":{"name":"홍제천","natural":"water","water":"river"},"sourceSurveyed":false},"geometry":{"type":"Polygon","coordinates":[[[126.9287894,37.576853],[126.9263005,37.5755138],[126.9264643,37.575339],[126.9279016,37.5761106],[126.9289405,37.5766541],[126.9309947,37.5777091],[126.9307203,37.5778311],[126.9287894,37.576853]]]}},{"type":"Feature","id":"way/880952762","properties":{"osmType":"way","osmId":880952762,"osmVersion":1,"osmTimestamp":"2020-12-04T10:18:29Z","sourceUrl":"https://www.openstreetmap.org/way/880952762","name":"홍제천","waterType":"river","sourceTags":{"name":"홍제천","natural":"water","water":"river"},"sourceSurveyed":false},"geometry":{"type":"Polygon","coordinates":[[[126.9316408,37.5783072],[126.9307203,37.5778311],[126.9309947,37.5777091],[126.9321171,37.578279],[126.9326609,37.5785355],[126.933423,37.5788283],[126.9351425,37.5794227],[126.9350332,37.5796279],[126.9345578,37.5794756],[126.9338755,37.5792466],[126.9332198,37.5790192],[126.9323489,37.578652],[126.9316408,37.5783072]]]}},{"type":"Feature","id":"way/880952763","properties":{"osmType":"way","osmId":880952763,"osmVersion":1,"osmTimestamp":"2020-12-04T10:18:29Z","sourceUrl":"https://www.openstreetmap.org/way/880952763","name":"홍제천","waterType":"river","sourceTags":{"name":"홍제천","natural":"water","water":"river"},"sourceSurveyed":false},"geometry":{"type":"Polygon","coordinates":[[[126.9356774,37.5798773],[126.9350332,37.5796279],[126.9351425,37.5794227],[126.9359869,37.5797715],[126.9360392,37.5800439],[126.9356774,37.5798773]]]}},{"type":"Feature","id":"way/880989967","properties":{"osmType":"way","osmId":880989967,"osmVersion":1,"osmTimestamp":"2020-12-04T12:26:34Z","sourceUrl":"https://www.openstreetmap.org/way/880989967","name":"홍제천","waterType":"river","sourceTags":{"name":"홍제천","natural":"water","water":"river"},"sourceSurveyed":false},"geometry":{"type":"Polygon","coordinates":[[[126.9360392,37.5800439],[126.9359869,37.5797715],[126.936788,37.5802766],[126.9366306,37.5803916],[126.9365221,37.5803396],[126.9360392,37.5800439]]]}},{"type":"Feature","id":"way/880989968","properties":{"osmType":"way","osmId":880989968,"osmVersion":1,"osmTimestamp":"2020-12-04T12:26:34Z","sourceUrl":"https://www.openstreetmap.org/way/880989968","name":"홍제천","waterType":"river","sourceTags":{"name":"홍제천","natural":"water","water":"river"},"sourceSurveyed":false},"geometry":{"type":"Polygon","coordinates":[[[126.9366306,37.5803916],[126.936788,37.5802766],[126.9372234,37.5806357],[126.9375323,37.5809123],[126.9377741,37.581198],[126.937837,37.5815267],[126.9377898,37.581656],[126.9376396,37.5818623],[126.9376482,37.5819224],[126.9375008,37.5818838],[126.9376367,37.5815562],[126.9376267,37.5813567],[126.9375609,37.5812082],[126.9375337,37.5811186],[126.9374608,37.581054],[126.937189,37.5807441],[126.9366983,37.580429],[126.9366306,37.5803916]]]}},{"type":"Feature","id":"way/880989969","properties":{"osmType":"way","osmId":880989969,"osmVersion":1,"osmTimestamp":"2020-12-04T12:26:34Z","sourceUrl":"https://www.openstreetmap.org/way/880989969","name":"홍제천","waterType":"river","sourceTags":{"name":"홍제천","natural":"water","water":"river"},"sourceSurveyed":false},"geometry":{"type":"Polygon","coordinates":[[[126.9375008,37.5818838],[126.9376482,37.5819224],[126.9375194,37.5821023],[126.9374236,37.5822553],[126.9372519,37.5825818],[126.9371418,37.5825092],[126.9373063,37.5821884],[126.9375008,37.5818838]]]}},{"type":"Feature","id":"way/880989973","properties":{"osmType":"way","osmId":880989973,"osmVersion":3,"osmTimestamp":"2022-08-31T19:16:20Z","sourceUrl":"https://www.openstreetmap.org/way/880989973","name":"홍제천","waterType":"river","sourceTags":{"name":"홍제천","natural":"water","water":"river"},"sourceSurveyed":false},"geometry":{"type":"Polygon","coordinates":[[[126.9367047,37.5886206],[126.9361408,37.5881567],[126.9357603,37.5877452],[126.9356455,37.5875559],[126.9355182,37.5872249],[126.9354702,37.587111],[126.9353762,37.5868882],[126.9353291,37.5864658],[126.935309,37.5863739],[126.9353362,37.5859772],[126.9354878,37.5854523],[126.9356852,37.5849884],[126.9357825,37.5847917],[126.9361481,37.5840757],[126.9364899,37.5835321],[126.9367931,37.5830418],[126.9371418,37.5825092],[126.9372519,37.5825818],[126.9371277,37.5827822],[126.9370019,37.5830021],[126.9366339,37.5835338],[126.936388,37.583887],[126.9362607,37.5841069],[126.936039,37.584481],[126.9358495,37.5848044],[126.9356929,37.5851738],[126.9355097,37.5857145],[126.9354729,37.5859384],[126.9354686,37.5864033],[126.9355222,37.5866504],[126.9355809,37.5869207],[126.9357033,37.5872213],[126.9359335,37.5876583],[126.9362538,37.5880626],[126.9367591,37.5885668],[126.9377966,37.5892229],[126.9383498,37.5895558],[126.93909102745572,37.59],[126.9388922946785,37.59],[126.9383127,37.589634],[126.9373647,37.5890425],[126.9367047,37.5886206]]]}},{"type":"Feature","id":"way/886450540","properties":{"osmType":"way","osmId":886450540,"osmVersion":1,"osmTimestamp":"2020-12-19T13:43:31Z","sourceUrl":"https://www.openstreetmap.org/way/886450540","name":null,"waterType":"lake","sourceTags":{"natural":"water","water":"lake"},"sourceSurveyed":false},"geometry":{"type":"Polygon","coordinates":[[[127.0055762,37.5564144],[127.0055673,37.5564112],[127.0055548,37.5564109],[127.0055415,37.5564082],[127.0055327,37.5564026],[127.0055269,37.5563946],[127.0055237,37.5563825],[127.0055259,37.5563716],[127.0055288,37.5563664],[127.0055347,37.5563641],[127.0055415,37.5563609],[127.0055447,37.5563541],[127.0055454,37.5563461],[127.0055414,37.5563384],[127.0055377,37.5563312],[127.0055378,37.5563239],[127.0055425,37.5563155],[127.0055542,37.5563125],[127.005569,37.5563135],[127.005582,37.556315],[127.0055964,37.5563157],[127.0056081,37.5563128],[127.0056182,37.5563074],[127.0056331,37.5563025],[127.005649,37.5563],[127.0056649,37.5562993],[127.0056788,37.5563026],[127.0056827,37.5563082],[127.0056846,37.5563155],[127.0056804,37.5563208],[127.0056724,37.5563223],[127.0056666,37.5563235],[127.0056621,37.556329],[127.0056609,37.5563363],[127.0056627,37.556343],[127.0056684,37.5563482],[127.0056715,37.5563541],[127.0056798,37.5563599],[127.0056844,37.5563674],[127.0056865,37.5563767],[127.0056851,37.5563854],[127.0056809,37.5563921],[127.0056741,37.5563977],[127.0056618,37.5564035],[127.0056509,37.5564062],[127.0056358,37.5564083],[127.0056191,37.5564075],[127.0056194,37.5564173],[127.0056144,37.5564242],[127.005608,37.5564285],[127.0055983,37.556429],[127.0055876,37.5564256],[127.0055805,37.5564195],[127.0055762,37.5564144]]]}},{"type":"Feature","id":"way/924019558","properties":{"osmType":"way","osmId":924019558,"osmVersion":1,"osmTimestamp":"2021-03-31T04:03:30Z","sourceUrl":"https://www.openstreetmap.org/way/924019558","name":"거울연못","waterType":"pond","sourceTags":{"name":"거울연못","natural":"water","water":"pond"},"sourceSurveyed":false},"geometry":{"type":"Polygon","coordinates":[[[127.0413346,37.5442129],[127.0407688,37.5443643],[127.0407402,37.5442972],[127.041306,37.5441457],[127.0413346,37.5442129]]]}},{"type":"Feature","id":"way/925869097","properties":{"osmType":"way","osmId":925869097,"osmVersion":2,"osmTimestamp":"2026-06-26T00:02:35Z","sourceUrl":"https://www.openstreetmap.org/way/925869097","name":null,"waterType":"pond","sourceTags":{"natural":"water","water":"pond"},"sourceSurveyed":false},"geometry":{"type":"Polygon","coordinates":[[[127.1013577,37.5512947],[127.1012534,37.5513513],[127.1011202,37.5512932],[127.1009906,37.5512998],[127.1009715,37.5513008],[127.1008692,37.5513421],[127.1007958,37.5514325],[127.1006606,37.5513712],[127.1009348,37.5510788],[127.1010331,37.5510192],[127.1014021,37.551261],[127.1013577,37.5512947]]]}},{"type":"Feature","id":"way/928880877","properties":{"osmType":"way","osmId":928880877,"osmVersion":1,"osmTimestamp":"2021-04-10T14:34:34Z","sourceUrl":"https://www.openstreetmap.org/way/928880877","name":null,"waterType":"pond","sourceTags":{"natural":"water","water":"pond"},"sourceSurveyed":false},"geometry":{"type":"Polygon","coordinates":[[[127.0289753,37.5655685],[127.0289085,37.5655598],[127.0289283,37.5654955],[127.0291169,37.5655369],[127.0291038,37.5655814],[127.0290514,37.565578],[127.0289753,37.5655685]]]}},{"type":"Feature","id":"way/929793590","properties":{"osmType":"way","osmId":929793590,"osmVersion":15,"osmTimestamp":"2026-02-02T19:16:14Z","sourceUrl":"https://www.openstreetmap.org/way/929793590","name":null,"waterType":"river","sourceTags":{"natural":"water","water":"river"},"sourceSurveyed":false},"geometry":{"type":"Polygon","coordinates":[[[127.0732584,37.5016251],[127.073117,37.5016534],[127.0731857,37.500681],[127.0731348,37.5006129],[127.0731455,37.5004703],[127.0730302,37.5002278],[127.0728853,37.5001405],[127.0728853,37.5],[127.07314008049208,37.5],[127.0731343,37.5001061],[127.0732179,37.5001388],[127.0733275,37.5002618],[127.0733884,37.5003242],[127.0733999,37.5004952],[127.0733811,37.5007475],[127.0733643,37.5008604],[127.0733421,37.5008824],[127.0733599,37.5010179],[127.0733583,37.5011578],[127.0732972,37.5013661],[127.073353,37.5016087],[127.0732584,37.5016251]]]}},{"type":"Feature","id":"way/971270508","properties":{"osmType":"way","osmId":971270508,"osmVersion":1,"osmTimestamp":"2021-08-08T05:07:51Z","sourceUrl":"https://www.openstreetmap.org/way/971270508","name":null,"waterType":"unspecified","sourceTags":{"natural":"water"},"sourceSurveyed":false},"geometry":{"type":"Polygon","coordinates":[[[127.0538956,37.5538267],[127.0538834,37.5538909],[127.0535577,37.5538891],[127.0536184,37.5538085],[127.0535939,37.5537974],[127.0537422,37.5536373],[127.0538124,37.553579],[127.0539117,37.5535705],[127.0539398,37.5535736],[127.054318,37.5533865],[127.0542764,37.5533365],[127.0542716,37.5533114],[127.0543455,37.5532984],[127.0544236,37.5533198],[127.0544463,37.553319],[127.0544777,37.5533017],[127.0544936,37.5533189],[127.054453,37.5533548],[127.054411,37.5533764],[127.0543786,37.5534241],[127.0543157,37.553512],[127.0542655,37.5535622],[127.0541343,37.5536428],[127.054031,37.553697],[127.0538956,37.5538267]]]}},{"type":"Feature","id":"way/971270594","properties":{"osmType":"way","osmId":971270594,"osmVersion":1,"osmTimestamp":"2021-08-08T05:07:51Z","sourceUrl":"https://www.openstreetmap.org/way/971270594","name":null,"waterType":"wastewater","sourceTags":{"natural":"water","water":"wastewater"},"sourceSurveyed":false},"geometry":{"type":"Polygon","coordinates":[[[127.05822,37.5541485],[127.0582072,37.5538789],[127.0583674,37.5538741],[127.0583801,37.5541437],[127.05822,37.5541485]]]}},{"type":"Feature","id":"way/971270595","properties":{"osmType":"way","osmId":971270595,"osmVersion":1,"osmTimestamp":"2021-08-08T05:07:51Z","sourceUrl":"https://www.openstreetmap.org/way/971270595","name":null,"waterType":"wastewater","sourceTags":{"natural":"water","water":"wastewater"},"sourceSurveyed":false},"geometry":{"type":"Polygon","coordinates":[[[127.0583949,37.5541426],[127.0583821,37.5538731],[127.0585423,37.5538683],[127.0585551,37.5541378],[127.0583949,37.5541426]]]}},{"type":"Feature","id":"way/971270642","properties":{"osmType":"way","osmId":971270642,"osmVersion":1,"osmTimestamp":"2021-08-08T05:07:51Z","sourceUrl":"https://www.openstreetmap.org/way/971270642","name":null,"waterType":"wastewater","sourceTags":{"natural":"water","water":"wastewater"},"sourceSurveyed":false},"geometry":{"type":"Polygon","coordinates":[[[127.0609662,37.5519336],[127.0609127,37.55187],[127.0615539,37.5515311],[127.0616075,37.5515948],[127.0609662,37.5519336]]]}},{"type":"Feature","id":"way/971270643","properties":{"osmType":"way","osmId":971270643,"osmVersion":1,"osmTimestamp":"2021-08-08T05:07:51Z","sourceUrl":"https://www.openstreetmap.org/way/971270643","name":null,"waterType":"wastewater","sourceTags":{"natural":"water","water":"wastewater"},"sourceSurveyed":false},"geometry":{"type":"Polygon","coordinates":[[[127.061022,37.5520016],[127.0609685,37.551938],[127.0616096,37.5515991],[127.0616632,37.5516628],[127.061022,37.5520016]]]}},{"type":"Feature","id":"way/971270644","properties":{"osmType":"way","osmId":971270644,"osmVersion":1,"osmTimestamp":"2021-08-08T05:07:51Z","sourceUrl":"https://www.openstreetmap.org/way/971270644","name":null,"waterType":"wastewater","sourceTags":{"natural":"water","water":"wastewater"},"sourceSurveyed":false},"geometry":{"type":"Polygon","coordinates":[[[127.0610878,37.5520788],[127.0610344,37.5520152],[127.0616755,37.5516762],[127.0617291,37.5517399],[127.0610878,37.5520788]]]}},{"type":"Feature","id":"way/971270645","properties":{"osmType":"way","osmId":971270645,"osmVersion":1,"osmTimestamp":"2021-08-08T05:07:51Z","sourceUrl":"https://www.openstreetmap.org/way/971270645","name":null,"waterType":"wastewater","sourceTags":{"natural":"water","water":"wastewater"},"sourceSurveyed":false},"geometry":{"type":"Polygon","coordinates":[[[127.0611436,37.5521468],[127.0610901,37.5520832],[127.0617312,37.5517442],[127.0617848,37.5518079],[127.0611436,37.5521468]]]}},{"type":"Feature","id":"way/971270646","properties":{"osmType":"way","osmId":971270646,"osmVersion":1,"osmTimestamp":"2021-08-08T05:07:51Z","sourceUrl":"https://www.openstreetmap.org/way/971270646","name":null,"waterType":"wastewater","sourceTags":{"natural":"water","water":"wastewater"},"sourceSurveyed":false},"geometry":{"type":"Polygon","coordinates":[[[127.0612069,37.5522223],[127.0611534,37.5521586],[127.0617946,37.5518197],[127.0618482,37.5518834],[127.0612069,37.5522223]]]}},{"type":"Feature","id":"way/971270647","properties":{"osmType":"way","osmId":971270647,"osmVersion":1,"osmTimestamp":"2021-08-08T05:07:51Z","sourceUrl":"https://www.openstreetmap.org/way/971270647","name":null,"waterType":"wastewater","sourceTags":{"natural":"water","water":"wastewater"},"sourceSurveyed":false},"geometry":{"type":"Polygon","coordinates":[[[127.0612626,37.5522902],[127.0612092,37.5522266],[127.0618503,37.5518877],[127.0619039,37.5519514],[127.0612626,37.5522902]]]}},{"type":"Feature","id":"way/971270648","properties":{"osmType":"way","osmId":971270648,"osmVersion":1,"osmTimestamp":"2021-08-08T05:07:51Z","sourceUrl":"https://www.openstreetmap.org/way/971270648","name":null,"waterType":"wastewater","sourceTags":{"natural":"water","water":"wastewater"},"sourceSurveyed":false},"geometry":{"type":"Polygon","coordinates":[[[127.0613248,37.5523676],[127.0612714,37.552304],[127.0619125,37.551965],[127.0619661,37.5520287],[127.0613248,37.5523676]]]}},{"type":"Feature","id":"way/971270649","properties":{"osmType":"way","osmId":971270649,"osmVersion":1,"osmTimestamp":"2021-08-08T05:07:51Z","sourceUrl":"https://www.openstreetmap.org/way/971270649","name":null,"waterType":"wastewater","sourceTags":{"natural":"water","water":"wastewater"},"sourceSurveyed":false},"geometry":{"type":"Polygon","coordinates":[[[127.0613806,37.5524355],[127.0613271,37.5523719],[127.0619682,37.552033],[127.0620218,37.5520967],[127.0613806,37.5524355]]]}},{"type":"Feature","id":"way/971270667","properties":{"osmType":"way","osmId":971270667,"osmVersion":1,"osmTimestamp":"2021-08-08T05:07:51Z","sourceUrl":"https://www.openstreetmap.org/way/971270667","name":null,"waterType":"wastewater","sourceTags":{"natural":"water","water":"wastewater"},"sourceSurveyed":false},"geometry":{"type":"Polygon","coordinates":[[[127.0618948,37.5530549],[127.0618414,37.5529913],[127.0624825,37.5526523],[127.0625361,37.552716],[127.0618948,37.5530549]]]}},{"type":"Feature","id":"way/971270668","properties":{"osmType":"way","osmId":971270668,"osmVersion":1,"osmTimestamp":"2021-08-08T05:07:51Z","sourceUrl":"https://www.openstreetmap.org/way/971270668","name":null,"waterType":"wastewater","sourceTags":{"natural":"water","water":"wastewater"},"sourceSurveyed":false},"geometry":{"type":"Polygon","coordinates":[[[127.0618391,37.5529869],[127.0617856,37.5529233],[127.0624268,37.5525844],[127.0624803,37.5526481],[127.0618391,37.5529869]]]}},{"type":"Feature","id":"way/971270669","properties":{"osmType":"way","osmId":971270669,"osmVersion":1,"osmTimestamp":"2021-08-08T05:07:51Z","sourceUrl":"https://www.openstreetmap.org/way/971270669","name":null,"waterType":"wastewater","sourceTags":{"natural":"water","water":"wastewater"},"sourceSurveyed":false},"geometry":{"type":"Polygon","coordinates":[[[127.0617769,37.5529095],[127.0617234,37.5528459],[127.0623646,37.552507],[127.0624182,37.5525707],[127.0617769,37.5529095]]]}},{"type":"Feature","id":"way/971270670","properties":{"osmType":"way","osmId":971270670,"osmVersion":1,"osmTimestamp":"2021-08-08T05:07:51Z","sourceUrl":"https://www.openstreetmap.org/way/971270670","name":null,"waterType":"wastewater","sourceTags":{"natural":"water","water":"wastewater"},"sourceSurveyed":false},"geometry":{"type":"Polygon","coordinates":[[[127.0617212,37.5528416],[127.0616677,37.552778],[127.0623089,37.552439],[127.0623624,37.5525027],[127.0617212,37.5528416]]]}},{"type":"Feature","id":"way/971270671","properties":{"osmType":"way","osmId":971270671,"osmVersion":1,"osmTimestamp":"2021-08-08T05:07:51Z","sourceUrl":"https://www.openstreetmap.org/way/971270671","name":null,"waterType":"wastewater","sourceTags":{"natural":"water","water":"wastewater"},"sourceSurveyed":false},"geometry":{"type":"Polygon","coordinates":[[[127.0616578,37.5527661],[127.0616043,37.5527025],[127.0622455,37.5523635],[127.0622991,37.5524272],[127.0616578,37.5527661]]]}},{"type":"Feature","id":"way/971270672","properties":{"osmType":"way","osmId":971270672,"osmVersion":1,"osmTimestamp":"2021-08-08T05:07:51Z","sourceUrl":"https://www.openstreetmap.org/way/971270672","name":null,"waterType":"wastewater","sourceTags":{"natural":"water","water":"wastewater"},"sourceSurveyed":false},"geometry":{"type":"Polygon","coordinates":[[[127.0616021,37.5526981],[127.0615486,37.5526345],[127.0621898,37.5522956],[127.0622433,37.5523593],[127.0616021,37.5526981]]]}},{"type":"Feature","id":"way/971270673","properties":{"osmType":"way","osmId":971270673,"osmVersion":1,"osmTimestamp":"2021-08-08T05:07:51Z","sourceUrl":"https://www.openstreetmap.org/way/971270673","name":null,"waterType":"wastewater","sourceTags":{"natural":"water","water":"wastewater"},"sourceSurveyed":false},"geometry":{"type":"Polygon","coordinates":[[[127.0615362,37.5526209],[127.0614827,37.5525573],[127.0621239,37.5522184],[127.0621775,37.5522821],[127.0615362,37.5526209]]]}},{"type":"Feature","id":"way/971270674","properties":{"osmType":"way","osmId":971270674,"osmVersion":1,"osmTimestamp":"2021-08-08T05:07:51Z","sourceUrl":"https://www.openstreetmap.org/way/971270674","name":null,"waterType":"wastewater","sourceTags":{"natural":"water","water":"wastewater"},"sourceSurveyed":false},"geometry":{"type":"Polygon","coordinates":[[[127.0614805,37.552553],[127.061427,37.5524894],[127.0620682,37.5521504],[127.0621217,37.5522141],[127.0614805,37.552553]]]}},{"type":"Feature","id":"way/971270681","properties":{"osmType":"way","osmId":971270681,"osmVersion":1,"osmTimestamp":"2021-08-08T05:07:51Z","sourceUrl":"https://www.openstreetmap.org/way/971270681","name":null,"waterType":"wastewater","sourceTags":{"natural":"water","water":"wastewater"},"sourceSurveyed":false},"geometry":{"type":"Polygon","coordinates":[[[127.0591379,37.5549636],[127.05914,37.5550284],[127.0587207,37.5550369],[127.0587186,37.554972],[127.0591379,37.5549636]]]}},{"type":"Feature","id":"way/971270684","properties":{"osmType":"way","osmId":971270684,"osmVersion":1,"osmTimestamp":"2021-08-08T05:07:51Z","sourceUrl":"https://www.openstreetmap.org/way/971270684","name":null,"waterType":"wastewater","sourceTags":{"natural":"water","water":"wastewater"},"sourceSurveyed":false},"geometry":{"type":"Polygon","coordinates":[[[127.0591406,37.5550374],[127.0591427,37.5551023],[127.0587235,37.5551108],[127.0587214,37.5550459],[127.0591406,37.5550374]]]}},{"type":"Feature","id":"way/971270686","properties":{"osmType":"way","osmId":971270686,"osmVersion":1,"osmTimestamp":"2021-08-08T05:07:51Z","sourceUrl":"https://www.openstreetmap.org/way/971270686","name":null,"waterType":"wastewater","sourceTags":{"natural":"water","water":"wastewater"},"sourceSurveyed":false},"geometry":{"type":"Polygon","coordinates":[[[127.0591422,37.5551112],[127.0591443,37.555176],[127.058725,37.5551845],[127.058723,37.5551196],[127.0591422,37.5551112]]]}},{"type":"Feature","id":"way/971270688","properties":{"osmType":"way","osmId":971270688,"osmVersion":1,"osmTimestamp":"2021-08-08T05:07:51Z","sourceUrl":"https://www.openstreetmap.org/way/971270688","name":null,"waterType":"wastewater","sourceTags":{"natural":"water","water":"wastewater"},"sourceSurveyed":false},"geometry":{"type":"Polygon","coordinates":[[[127.0591514,37.5553327],[127.0591534,37.5553976],[127.0587342,37.5554061],[127.0587321,37.5553412],[127.0591514,37.5553327]]]}},{"type":"Feature","id":"way/971270690","properties":{"osmType":"way","osmId":971270690,"osmVersion":1,"osmTimestamp":"2021-08-08T05:07:51Z","sourceUrl":"https://www.openstreetmap.org/way/971270690","name":null,"waterType":"wastewater","sourceTags":{"natural":"water","water":"wastewater"},"sourceSurveyed":false},"geometry":{"type":"Polygon","coordinates":[[[127.0591498,37.555259],[127.0591519,37.5553238],[127.0587327,37.5553323],[127.0587306,37.5552674],[127.0591498,37.555259]]]}},{"type":"Feature","id":"way/971270691","properties":{"osmType":"way","osmId":971270691,"osmVersion":1,"osmTimestamp":"2021-08-08T05:07:51Z","sourceUrl":"https://www.openstreetmap.org/way/971270691","name":null,"waterType":"wastewater","sourceTags":{"natural":"water","water":"wastewater"},"sourceSurveyed":false},"geometry":{"type":"Polygon","coordinates":[[[127.059147,37.5551851],[127.0591491,37.55525],[127.0587299,37.5552584],[127.0587278,37.5551936],[127.059147,37.5551851]]]}},{"type":"Feature","id":"way/971270699","properties":{"osmType":"way","osmId":971270699,"osmVersion":1,"osmTimestamp":"2021-08-08T05:07:51Z","sourceUrl":"https://www.openstreetmap.org/way/971270699","name":null,"waterType":"wastewater","sourceTags":{"natural":"water","water":"wastewater"},"sourceSurveyed":false},"geometry":{"type":"Polygon","coordinates":[[[127.0625075,37.5537838],[127.062454,37.5537202],[127.0630951,37.5533813],[127.0631487,37.553445],[127.0625075,37.5537838]]]}},{"type":"Feature","id":"way/971270700","properties":{"osmType":"way","osmId":971270700,"osmVersion":1,"osmTimestamp":"2021-08-08T05:07:51Z","sourceUrl":"https://www.openstreetmap.org/way/971270700","name":null,"waterType":"wastewater","sourceTags":{"natural":"water","water":"wastewater"},"sourceSurveyed":false},"geometry":{"type":"Polygon","coordinates":[[[127.0624517,37.5537159],[127.0623982,37.5536523],[127.0630394,37.5533133],[127.063093,37.553377],[127.0624517,37.5537159]]]}},{"type":"Feature","id":"way/971270701","properties":{"osmType":"way","osmId":971270701,"osmVersion":1,"osmTimestamp":"2021-08-08T05:07:51Z","sourceUrl":"https://www.openstreetmap.org/way/971270701","name":null,"waterType":"wastewater","sourceTags":{"natural":"water","water":"wastewater"},"sourceSurveyed":false},"geometry":{"type":"Polygon","coordinates":[[[127.0623895,37.5536385],[127.062336,37.5535749],[127.0629772,37.553236],[127.0630308,37.5532997],[127.0623895,37.5536385]]]}},{"type":"Feature","id":"way/971270702","properties":{"osmType":"way","osmId":971270702,"osmVersion":1,"osmTimestamp":"2021-08-08T05:07:51Z","sourceUrl":"https://www.openstreetmap.org/way/971270702","name":null,"waterType":"wastewater","sourceTags":{"natural":"water","water":"wastewater"},"sourceSurveyed":false},"geometry":{"type":"Polygon","coordinates":[[[127.0623338,37.5535706],[127.0622803,37.553507],[127.0629215,37.553168],[127.062975,37.5532317],[127.0623338,37.5535706]]]}},{"type":"Feature","id":"way/971270703","properties":{"osmType":"way","osmId":971270703,"osmVersion":1,"osmTimestamp":"2021-08-08T05:07:51Z","sourceUrl":"https://www.openstreetmap.org/way/971270703","name":null,"waterType":"wastewater","sourceTags":{"natural":"water","water":"wastewater"},"sourceSurveyed":false},"geometry":{"type":"Polygon","coordinates":[[[127.0622704,37.5534951],[127.062217,37.5534315],[127.0628581,37.5530925],[127.0629117,37.5531562],[127.0622704,37.5534951]]]}},{"type":"Feature","id":"way/971270704","properties":{"osmType":"way","osmId":971270704,"osmVersion":1,"osmTimestamp":"2021-08-08T05:07:51Z","sourceUrl":"https://www.openstreetmap.org/way/971270704","name":null,"waterType":"wastewater","sourceTags":{"natural":"water","water":"wastewater"},"sourceSurveyed":false},"geometry":{"type":"Polygon","coordinates":[[[127.0622147,37.5534271],[127.0621612,37.5533635],[127.0628024,37.5530246],[127.062856,37.5530883],[127.0622147,37.5534271]]]}},{"type":"Feature","id":"way/971270705","properties":{"osmType":"way","osmId":971270705,"osmVersion":1,"osmTimestamp":"2021-08-08T05:07:51Z","sourceUrl":"https://www.openstreetmap.org/way/971270705","name":null,"waterType":"wastewater","sourceTags":{"natural":"water","water":"wastewater"},"sourceSurveyed":false},"geometry":{"type":"Polygon","coordinates":[[[127.0621488,37.5533499],[127.0620954,37.5532863],[127.0627365,37.5529474],[127.0627901,37.5530111],[127.0621488,37.5533499]]]}},{"type":"Feature","id":"way/971270706","properties":{"osmType":"way","osmId":971270706,"osmVersion":1,"osmTimestamp":"2021-08-08T05:07:51Z","sourceUrl":"https://www.openstreetmap.org/way/971270706","name":null,"waterType":"wastewater","sourceTags":{"natural":"water","water":"wastewater"},"sourceSurveyed":false},"geometry":{"type":"Polygon","coordinates":[[[127.0620931,37.553282],[127.0620396,37.5532184],[127.0626808,37.5528794],[127.0627344,37.5529431],[127.0620931,37.553282]]]}},{"type":"Feature","id":"way/971270722","properties":{"osmType":"way","osmId":971270722,"osmVersion":1,"osmTimestamp":"2021-08-08T05:07:51Z","sourceUrl":"https://www.openstreetmap.org/way/971270722","name":null,"waterType":"wastewater","sourceTags":{"natural":"water","water":"wastewater"},"sourceSurveyed":false},"geometry":{"type":"Polygon","coordinates":[[[127.0630288,37.5544124],[127.0629753,37.5543488],[127.0636165,37.5540099],[127.06367,37.5540736],[127.0630288,37.5544124]]]}},{"type":"Feature","id":"way/971270723","properties":{"osmType":"way","osmId":971270723,"osmVersion":1,"osmTimestamp":"2021-08-08T05:07:51Z","sourceUrl":"https://www.openstreetmap.org/way/971270723","name":null,"waterType":"wastewater","sourceTags":{"natural":"water","water":"wastewater"},"sourceSurveyed":false},"geometry":{"type":"Polygon","coordinates":[[[127.0629731,37.5543445],[127.0629196,37.5542809],[127.0635607,37.5539419],[127.0636143,37.5540057],[127.0629731,37.5543445]]]}},{"type":"Feature","id":"way/971270724","properties":{"osmType":"way","osmId":971270724,"osmVersion":1,"osmTimestamp":"2021-08-08T05:07:51Z","sourceUrl":"https://www.openstreetmap.org/way/971270724","name":null,"waterType":"wastewater","sourceTags":{"natural":"water","water":"wastewater"},"sourceSurveyed":false},"geometry":{"type":"Polygon","coordinates":[[[127.0629109,37.5542671],[127.0628574,37.5542035],[127.0634985,37.5538646],[127.0635521,37.5539283],[127.0629109,37.5542671]]]}},{"type":"Feature","id":"way/971270725","properties":{"osmType":"way","osmId":971270725,"osmVersion":1,"osmTimestamp":"2021-08-08T05:07:51Z","sourceUrl":"https://www.openstreetmap.org/way/971270725","name":null,"waterType":"wastewater","sourceTags":{"natural":"water","water":"wastewater"},"sourceSurveyed":false},"geometry":{"type":"Polygon","coordinates":[[[127.0628552,37.5541992],[127.0628017,37.5541356],[127.0634428,37.5537966],[127.0634964,37.5538603],[127.0628552,37.5541992]]]}},{"type":"Feature","id":"way/971270726","properties":{"osmType":"way","osmId":971270726,"osmVersion":1,"osmTimestamp":"2021-08-08T05:07:51Z","sourceUrl":"https://www.openstreetmap.org/way/971270726","name":null,"waterType":"wastewater","sourceTags":{"natural":"water","water":"wastewater"},"sourceSurveyed":false},"geometry":{"type":"Polygon","coordinates":[[[127.0627918,37.5541237],[127.0627383,37.5540601],[127.0633795,37.5537211],[127.063433,37.5537848],[127.0627918,37.5541237]]]}},{"type":"Feature","id":"way/971270727","properties":{"osmType":"way","osmId":971270727,"osmVersion":1,"osmTimestamp":"2021-08-08T05:07:51Z","sourceUrl":"https://www.openstreetmap.org/way/971270727","name":null,"waterType":"wastewater","sourceTags":{"natural":"water","water":"wastewater"},"sourceSurveyed":false},"geometry":{"type":"Polygon","coordinates":[[[127.0627361,37.5540557],[127.0626826,37.5539921],[127.0633237,37.5536532],[127.0633773,37.5537169],[127.0627361,37.5540557]]]}},{"type":"Feature","id":"way/971270728","properties":{"osmType":"way","osmId":971270728,"osmVersion":1,"osmTimestamp":"2021-08-08T05:07:51Z","sourceUrl":"https://www.openstreetmap.org/way/971270728","name":null,"waterType":"wastewater","sourceTags":{"natural":"water","water":"wastewater"},"sourceSurveyed":false},"geometry":{"type":"Polygon","coordinates":[[[127.0626702,37.5539785],[127.0626167,37.5539149],[127.0632579,37.553576],[127.0633114,37.5536397],[127.0626702,37.5539785]]]}},{"type":"Feature","id":"way/971270729","properties":{"osmType":"way","osmId":971270729,"osmVersion":1,"osmTimestamp":"2021-08-08T05:07:51Z","sourceUrl":"https://www.openstreetmap.org/way/971270729","name":null,"waterType":"wastewater","sourceTags":{"natural":"water","water":"wastewater"},"sourceSurveyed":false},"geometry":{"type":"Polygon","coordinates":[[[127.0626145,37.5539106],[127.062561,37.553847],[127.0632021,37.553508],[127.0632557,37.5535717],[127.0626145,37.5539106]]]}},{"type":"Feature","id":"way/971270731","properties":{"osmType":"way","osmId":971270731,"osmVersion":1,"osmTimestamp":"2021-08-08T05:07:51Z","sourceUrl":"https://www.openstreetmap.org/way/971270731","name":null,"waterType":"wastewater","sourceTags":{"natural":"water","water":"wastewater"},"sourceSurveyed":false},"geometry":{"type":"Polygon","coordinates":[[[127.0603118,37.5553759],[127.0598925,37.5553843],[127.0598905,37.5553195],[127.0603097,37.555311],[127.0603118,37.5553759]]]}},{"type":"Feature","id":"way/971270732","properties":{"osmType":"way","osmId":971270732,"osmVersion":1,"osmTimestamp":"2021-08-08T05:07:51Z","sourceUrl":"https://www.openstreetmap.org/way/971270732","name":null,"waterType":"wastewater","sourceTags":{"natural":"water","water":"wastewater"},"sourceSurveyed":false},"geometry":{"type":"Polygon","coordinates":[[[127.0603086,37.5553022],[127.0598893,37.5553106],[127.0598873,37.5552458],[127.0603065,37.5552373],[127.0603086,37.5553022]]]}},{"type":"Feature","id":"way/971270735","properties":{"osmType":"way","osmId":971270735,"osmVersion":1,"osmTimestamp":"2021-08-08T05:07:51Z","sourceUrl":"https://www.openstreetmap.org/way/971270735","name":null,"waterType":"wastewater","sourceTags":{"natural":"water","water":"wastewater"},"sourceSurveyed":false},"geometry":{"type":"Polygon","coordinates":[[[127.0603066,37.5552283],[127.0598874,37.5552367],[127.0598853,37.5551719],[127.0603045,37.5551634],[127.0603066,37.5552283]]]}},{"type":"Feature","id":"way/971270736","properties":{"osmType":"way","osmId":971270736,"osmVersion":1,"osmTimestamp":"2021-08-08T05:07:51Z","sourceUrl":"https://www.openstreetmap.org/way/971270736","name":null,"waterType":"wastewater","sourceTags":{"natural":"water","water":"wastewater"},"sourceSurveyed":false},"geometry":{"type":"Polygon","coordinates":[[[127.0603067,37.5551543],[127.0598875,37.5551627],[127.0598854,37.5550979],[127.0603046,37.5550894],[127.0603067,37.5551543]]]}},{"type":"Feature","id":"way/971270739","properties":{"osmType":"way","osmId":971270739,"osmVersion":1,"osmTimestamp":"2021-08-08T05:07:51Z","sourceUrl":"https://www.openstreetmap.org/way/971270739","name":null,"waterType":"wastewater","sourceTags":{"natural":"water","water":"wastewater"},"sourceSurveyed":false},"geometry":{"type":"Polygon","coordinates":[[[127.0603035,37.5550806],[127.0598843,37.555089],[127.0598822,37.5550241],[127.0603015,37.5550157],[127.0603035,37.5550806]]]}},{"type":"Feature","id":"way/971270740","properties":{"osmType":"way","osmId":971270740,"osmVersion":1,"osmTimestamp":"2021-08-08T05:07:51Z","sourceUrl":"https://www.openstreetmap.org/way/971270740","name":null,"waterType":"wastewater","sourceTags":{"natural":"water","water":"wastewater"},"sourceSurveyed":false},"geometry":{"type":"Polygon","coordinates":[[[127.0603016,37.5550067],[127.0598823,37.5550151],[127.0598803,37.5549503],[127.0602995,37.5549418],[127.0603016,37.5550067]]]}},{"type":"Feature","id":"way/1004876845","properties":{"osmType":"way","osmId":1004876845,"osmVersion":1,"osmTimestamp":"2021-11-21T09:59:39Z","sourceUrl":"https://www.openstreetmap.org/way/1004876845","name":null,"waterType":"unspecified","sourceTags":{"natural":"water"},"sourceSurveyed":false},"geometry":{"type":"Polygon","coordinates":[[[127.0728867,37.5013667],[127.072708,37.5013862],[127.0725724,37.5012151],[127.0720117,37.5013374],[127.0726957,37.5005992],[127.0729113,37.5007165],[127.0726525,37.5009365],[127.0728867,37.5013667]]]}},{"type":"Feature","id":"way/1004876846","properties":{"osmType":"way","osmId":1004876846,"osmVersion":1,"osmTimestamp":"2021-11-21T09:59:39Z","sourceUrl":"https://www.openstreetmap.org/way/1004876846","name":null,"waterType":"unspecified","sourceTags":{"natural":"water"},"sourceSurveyed":false},"geometry":{"type":"Polygon","coordinates":[[[127.0701298,37.5011682],[127.0700448,37.5012805],[127.0699104,37.5012609],[127.0700201,37.5010671],[127.0702041,37.5009969],[127.0704518,37.5009829],[127.0701298,37.5011682]]]}},{"type":"Feature","id":"way/1004877289","properties":{"osmType":"way","osmId":1004877289,"osmVersion":3,"osmTimestamp":"2025-08-05T08:40:57Z","sourceUrl":"https://www.openstreetmap.org/way/1004877289","name":null,"waterType":"basin","sourceTags":{"natural":"water","water":"basin"},"sourceSurveyed":false},"geometry":{"type":"Polygon","coordinates":[[[127.0712881,37.5009828],[127.0705838,37.5018504],[127.0690761,37.5013843],[127.0697414,37.5007834],[127.0703714,37.5005476],[127.0708772,37.500411],[127.0712421,37.5006259],[127.0712881,37.5009828]]]}},{"type":"Feature","id":"way/1049307437","properties":{"osmType":"way","osmId":1049307437,"osmVersion":1,"osmTimestamp":"2022-04-05T12:34:26Z","sourceUrl":"https://www.openstreetmap.org/way/1049307437","name":null,"waterType":"river","sourceTags":{"natural":"water","water":"river"},"sourceSurveyed":false},"geometry":{"type":"Polygon","coordinates":[[[127.056018,37.5622112],[127.0558605,37.562315],[127.0557267,37.5620198],[127.0559762,37.5619447],[127.0560952,37.5621963],[127.0560551,37.5622224],[127.056018,37.5622112]]]}},{"type":"Feature","id":"way/1049307438","properties":{"osmType":"way","osmId":1049307438,"osmVersion":1,"osmTimestamp":"2022-04-05T12:34:26Z","sourceUrl":"https://www.openstreetmap.org/way/1049307438","name":null,"waterType":"river","sourceTags":{"natural":"water","water":"river"},"sourceSurveyed":false},"geometry":{"type":"Polygon","coordinates":[[[127.0558842,37.5619363],[127.055824,37.5619545],[127.0558161,37.5619342],[127.0558205,37.5619153],[127.0558046,37.5618984],[127.0557762,37.5618381],[127.0557807,37.5618276],[127.0557638,37.5618164],[127.0557276,37.5617322],[127.0556656,37.5616158],[127.0555842,37.5614825],[127.0555612,37.5614334],[127.0555347,37.5613584],[127.0554984,37.5612728],[127.0554338,37.5611297],[127.0553798,37.5610266],[127.0553613,37.5609733],[127.0553604,37.5609459],[127.055302,37.5608211],[127.0551445,37.5605293],[127.055084,37.5604366],[127.0551536,37.5604145],[127.0552073,37.5605062],[127.0552807,37.5606205],[127.0553692,37.5607734],[127.0554595,37.5609957],[127.0555135,37.5611444],[127.0555506,37.561197],[127.0556373,37.5614383],[127.055755,37.5616389],[127.0558842,37.5619363]]]}},{"type":"Feature","id":"way/1049307439","properties":{"osmType":"way","osmId":1049307439,"osmVersion":1,"osmTimestamp":"2022-04-05T12:34:26Z","sourceUrl":"https://www.openstreetmap.org/way/1049307439","name":null,"waterType":"river","sourceTags":{"natural":"water","water":"river"},"sourceSurveyed":false},"geometry":{"type":"Polygon","coordinates":[[[127.0551636,37.560413],[127.055084,37.5604366],[127.0548377,37.5599005],[127.0548149,37.5598304],[127.0547492,37.5597666],[127.0547291,37.5596454],[127.0547264,37.559605],[127.0547264,37.5595582],[127.0547157,37.559504],[127.0546835,37.5594551],[127.0546862,37.5594328],[127.0546727,37.5594051],[127.054662,37.5593711],[127.0546365,37.5593233],[127.0545963,37.5592393],[127.0545708,37.5591617],[127.0545681,37.5591362],[127.0545534,37.5591149],[127.0545708,37.5590915],[127.054544,37.5590192],[127.0545641,37.5590118],[127.0545936,37.559033],[127.0546097,37.559032],[127.0546218,37.5590394],[127.0546111,37.5590639],[127.0546191,37.5591],[127.0547706,37.5594827],[127.0547546,37.5595614],[127.0547492,37.5596613],[127.0547572,37.5597389],[127.0549235,37.559874],[127.0549557,37.5599409],[127.0550536,37.5601706],[127.0551636,37.560413]]]}},{"type":"Feature","id":"way/1052189091","properties":{"osmType":"way","osmId":1052189091,"osmVersion":2,"osmTimestamp":"2026-04-19T07:05:09Z","sourceUrl":"https://www.openstreetmap.org/way/1052189091","name":null,"waterType":"pond","sourceTags":{"natural":"water","water":"pond"},"sourceSurveyed":false},"geometry":{"type":"Polygon","coordinates":[[[126.9399612,37.5664338],[126.939925,37.5664318],[126.93992,37.5664108],[126.9399452,37.5664054],[126.939986,37.5664046],[126.9399901,37.5663847],[126.9399925,37.5663732],[126.94001,37.5663769],[126.9400233,37.5663867],[126.9400225,37.5664109],[126.9400175,37.5664338],[126.9399955,37.5664338],[126.9399612,37.5664338]]]}},{"type":"Feature","id":"way/1061424900","properties":{"osmType":"way","osmId":1061424900,"osmVersion":1,"osmTimestamp":"2022-05-18T14:26:43Z","sourceUrl":"https://www.openstreetmap.org/way/1061424900","name":null,"waterType":"pond","sourceTags":{"natural":"water","water":"pond"},"sourceSurveyed":false},"geometry":{"type":"Polygon","coordinates":[[[127.0617262,37.586738],[127.0616846,37.5867369],[127.0616786,37.586713],[127.0616799,37.5866865],[127.0616886,37.5866604],[127.0617041,37.5866434],[127.0617269,37.5866344],[127.0617651,37.5866328],[127.0617919,37.5866408],[127.0618187,37.5866493],[127.0618362,37.5866535],[127.0618268,37.5866955],[127.0617973,37.5866939],[127.0617765,37.5866955],[127.061751,37.5867008],[127.0617423,37.5867088],[127.0617356,37.5867205],[127.0617262,37.586738]]]}},{"type":"Feature","id":"way/1075472445","properties":{"osmType":"way","osmId":1075472445,"osmVersion":1,"osmTimestamp":"2022-07-03T08:02:53Z","sourceUrl":"https://www.openstreetmap.org/way/1075472445","name":null,"waterType":"unspecified","sourceTags":{"natural":"water"},"sourceSurveyed":false},"geometry":{"type":"Polygon","coordinates":[[[127.0367135,37.5421689],[127.0367675,37.5421556],[127.036824,37.5421572],[127.0368766,37.5421735],[127.0369185,37.5422016],[127.0369468,37.5422388],[127.0369586,37.5422814],[127.0369526,37.5423246],[127.0369294,37.5423641],[127.0368916,37.5423956],[127.0368429,37.5424158],[127.0367887,37.5424225],[127.0367346,37.5424152],[127.0366863,37.5423945],[127.0366481,37.5423616],[127.0366256,37.5423204],[127.0366215,37.5422758],[127.0366362,37.5422325],[127.0366681,37.5421955],[127.0367135,37.5421689]]]}},{"type":"Feature","id":"way/1075472446","properties":{"osmType":"way","osmId":1075472446,"osmVersion":1,"osmTimestamp":"2022-07-03T08:02:53Z","sourceUrl":"https://www.openstreetmap.org/way/1075472446","name":null,"waterType":"unspecified","sourceTags":{"natural":"water"},"sourceSurveyed":false},"geometry":{"type":"Polygon","coordinates":[[[127.0370701,37.5420332],[127.0371241,37.5420199],[127.0371805,37.5420215],[127.0372332,37.5420377],[127.0372751,37.5420659],[127.0373034,37.5421031],[127.0373152,37.5421456],[127.0373092,37.5421889],[127.037286,37.5422284],[127.0372481,37.5422598],[127.0371995,37.54228],[127.0371453,37.5422868],[127.0370912,37.5422795],[127.0370429,37.5422588],[127.0370046,37.5422258],[127.0369822,37.5421847],[127.0369781,37.54214],[127.0369928,37.5420968],[127.0370246,37.5420598],[127.0370701,37.5420332]]]}},{"type":"Feature","id":"way/1075472447","properties":{"osmType":"way","osmId":1075472447,"osmVersion":1,"osmTimestamp":"2022-07-03T08:02:53Z","sourceUrl":"https://www.openstreetmap.org/way/1075472447","name":null,"waterType":"unspecified","sourceTags":{"natural":"water"},"sourceSurveyed":false},"geometry":{"type":"Polygon","coordinates":[[[127.0368571,37.5430492],[127.0369153,37.5430324],[127.0369771,37.5430308],[127.0370365,37.5430446],[127.0370918,37.5430756],[127.0371305,37.5431196],[127.0371481,37.5431715],[127.0371423,37.543225],[127.037114,37.5432738],[127.0370665,37.5433121],[127.0370054,37.5433352],[127.036938,37.5433406],[127.0368723,37.5433275],[127.0368205,37.5433006],[127.0367818,37.5432624],[127.0367601,37.5432165],[127.0367574,37.5431674],[127.0367741,37.5431202],[127.0368085,37.5430794],[127.0368571,37.5430492]]]}},{"type":"Feature","id":"way/1075472448","properties":{"osmType":"way","osmId":1075472448,"osmVersion":1,"osmTimestamp":"2022-07-03T08:02:53Z","sourceUrl":"https://www.openstreetmap.org/way/1075472448","name":null,"waterType":"unspecified","sourceTags":{"natural":"water"},"sourceSurveyed":false},"geometry":{"type":"Polygon","coordinates":[[[127.037251,37.5428966],[127.0373092,37.5428798],[127.037371,37.5428782],[127.0374304,37.542892],[127.0374857,37.542923],[127.0375244,37.5429671],[127.0375419,37.5430189],[127.0375362,37.5430724],[127.0375079,37.5431212],[127.0374604,37.5431595],[127.0373993,37.5431827],[127.0373319,37.543188],[127.0372662,37.5431749],[127.0372144,37.5431481],[127.0371757,37.5431098],[127.0371539,37.5430639],[127.0371513,37.5430149],[127.0371679,37.5429676],[127.0372023,37.5429269],[127.037251,37.5428966]]]}},{"type":"Feature","id":"way/1085031602","properties":{"osmType":"way","osmId":1085031602,"osmVersion":4,"osmTimestamp":"2026-05-16T16:31:31Z","sourceUrl":"https://www.openstreetmap.org/way/1085031602","name":null,"waterType":"river","sourceTags":{"natural":"water","water":"river"},"sourceSurveyed":false},"geometry":{"type":"Polygon","coordinates":[[[127.0784813,37.5768288],[127.0784345,37.5769904],[127.0784131,37.5769628],[127.0783889,37.5769564],[127.0783621,37.5769649],[127.0783299,37.576984],[127.0782974,37.5770098],[127.0783348,37.5768185],[127.0783746,37.5766241],[127.0783916,37.5766439],[127.0784157,37.5766588],[127.0784801,37.5766864],[127.0784813,37.5768288]]]}},{"type":"Feature","id":"way/1101935754","properties":{"osmType":"way","osmId":1101935754,"osmVersion":8,"osmTimestamp":"2023-07-13T07:33:02Z","sourceUrl":"https://www.openstreetmap.org/way/1101935754","name":"어린이 물놀이장","waterType":"pool","sourceTags":{"name":"어린이 물놀이장","natural":"water","water":"pool"},"sourceSurveyed":false},"geometry":{"type":"Polygon","coordinates":[[[127.0674706,37.5299489],[127.0674421,37.5299393],[127.0674096,37.5298635],[127.0674055,37.529828],[127.067434,37.5297942],[127.0674828,37.5297781],[127.0675336,37.5297877],[127.0676108,37.5298119],[127.0676962,37.5298232],[127.0677775,37.5298135],[127.0678324,37.5298232],[127.0678629,37.5298425],[127.0678425,37.5298619],[127.0677064,37.5298973],[127.0674706,37.5299489]]]}},{"type":"Feature","id":"way/1101935755","properties":{"osmType":"way","osmId":1101935755,"osmVersion":7,"osmTimestamp":"2023-07-13T07:33:02Z","sourceUrl":"https://www.openstreetmap.org/way/1101935755","name":"유아 물놀이장","waterType":"pool","sourceTags":{"name":"유아 물놀이장","natural":"water","water":"pool"},"sourceSurveyed":false},"geometry":{"type":"Polygon","coordinates":[[[127.0675966,37.5297498],[127.0675844,37.5297265],[127.0675915,37.5297063],[127.0676038,37.5296943],[127.0676189,37.5296813],[127.0676474,37.5296741],[127.0676789,37.5296692],[127.0677053,37.5296725],[127.0677348,37.5296781],[127.0677612,37.529691],[127.0677877,37.5297184],[127.0677775,37.5297442],[127.067749,37.5297668],[127.0677236,37.5297764],[127.067687,37.5297797],[127.0676566,37.5297772],[127.0676332,37.52977],[127.0676088,37.5297603],[127.0675966,37.5297498]]]}},{"type":"Feature","id":"way/1103358306","properties":{"osmType":"way","osmId":1103358306,"osmVersion":1,"osmTimestamp":"2022-10-13T04:49:03Z","sourceUrl":"https://www.openstreetmap.org/way/1103358306","name":null,"waterType":"wastewater","sourceTags":{"natural":"water","water":"wastewater"},"sourceSurveyed":false},"geometry":{"type":"Polygon","coordinates":[[[127.0636289,37.5551349],[127.0635754,37.5550713],[127.0642166,37.5547324],[127.0642701,37.5547961],[127.0636289,37.5551349]]]}},{"type":"Feature","id":"way/1103358307","properties":{"osmType":"way","osmId":1103358307,"osmVersion":1,"osmTimestamp":"2022-10-13T04:49:03Z","sourceUrl":"https://www.openstreetmap.org/way/1103358307","name":null,"waterType":"wastewater","sourceTags":{"natural":"water","water":"wastewater"},"sourceSurveyed":false},"geometry":{"type":"Polygon","coordinates":[[[127.0635732,37.555067],[127.0635197,37.5550034],[127.0641608,37.5546644],[127.0642144,37.5547282],[127.0635732,37.555067]]]}},{"type":"Feature","id":"way/1103358308","properties":{"osmType":"way","osmId":1103358308,"osmVersion":1,"osmTimestamp":"2022-10-13T04:49:03Z","sourceUrl":"https://www.openstreetmap.org/way/1103358308","name":null,"waterType":"wastewater","sourceTags":{"natural":"water","water":"wastewater"},"sourceSurveyed":false},"geometry":{"type":"Polygon","coordinates":[[[127.063511,37.5549896],[127.0634575,37.554926],[127.0640986,37.5545871],[127.0641522,37.5546508],[127.063511,37.5549896]]]}},{"type":"Feature","id":"way/1103358309","properties":{"osmType":"way","osmId":1103358309,"osmVersion":1,"osmTimestamp":"2022-10-13T04:49:03Z","sourceUrl":"https://www.openstreetmap.org/way/1103358309","name":null,"waterType":"wastewater","sourceTags":{"natural":"water","water":"wastewater"},"sourceSurveyed":false},"geometry":{"type":"Polygon","coordinates":[[[127.0634553,37.5549217],[127.0634018,37.5548581],[127.0640429,37.5545191],[127.0640965,37.5545828],[127.0634553,37.5549217]]]}},{"type":"Feature","id":"way/1103358310","properties":{"osmType":"way","osmId":1103358310,"osmVersion":1,"osmTimestamp":"2022-10-13T04:49:03Z","sourceUrl":"https://www.openstreetmap.org/way/1103358310","name":null,"waterType":"wastewater","sourceTags":{"natural":"water","water":"wastewater"},"sourceSurveyed":false},"geometry":{"type":"Polygon","coordinates":[[[127.0633919,37.5548462],[127.0633384,37.5547826],[127.0639796,37.5544436],[127.0640331,37.5545073],[127.0633919,37.5548462]]]}},{"type":"Feature","id":"way/1103358311","properties":{"osmType":"way","osmId":1103358311,"osmVersion":1,"osmTimestamp":"2022-10-13T04:49:03Z","sourceUrl":"https://www.openstreetmap.org/way/1103358311","name":null,"waterType":"wastewater","sourceTags":{"natural":"water","water":"wastewater"},"sourceSurveyed":false},"geometry":{"type":"Polygon","coordinates":[[[127.0633362,37.5547782],[127.0632827,37.5547146],[127.0639238,37.5543757],[127.0639774,37.5544394],[127.0633362,37.5547782]]]}},{"type":"Feature","id":"way/1103358312","properties":{"osmType":"way","osmId":1103358312,"osmVersion":1,"osmTimestamp":"2022-10-13T04:49:03Z","sourceUrl":"https://www.openstreetmap.org/way/1103358312","name":null,"waterType":"wastewater","sourceTags":{"natural":"water","water":"wastewater"},"sourceSurveyed":false},"geometry":{"type":"Polygon","coordinates":[[[127.0632703,37.554701],[127.0632168,37.5546374],[127.063858,37.5542985],[127.0639115,37.5543622],[127.0632703,37.554701]]]}},{"type":"Feature","id":"way/1103358313","properties":{"osmType":"way","osmId":1103358313,"osmVersion":1,"osmTimestamp":"2022-10-13T04:49:03Z","sourceUrl":"https://www.openstreetmap.org/way/1103358313","name":null,"waterType":"wastewater","sourceTags":{"natural":"water","water":"wastewater"},"sourceSurveyed":false},"geometry":{"type":"Polygon","coordinates":[[[127.0632146,37.5546331],[127.0631611,37.5545695],[127.0638022,37.5542305],[127.0638558,37.5542942],[127.0632146,37.5546331]]]}},{"type":"Feature","id":"way/1103358314","properties":{"osmType":"way","osmId":1103358314,"osmVersion":1,"osmTimestamp":"2022-10-13T04:49:03Z","sourceUrl":"https://www.openstreetmap.org/way/1103358314","name":null,"waterType":"wastewater","sourceTags":{"natural":"water","water":"wastewater"},"sourceSurveyed":false},"geometry":{"type":"Polygon","coordinates":[[[127.0641435,37.5557577],[127.06409,37.5556941],[127.0647312,37.5553552],[127.0647847,37.5554189],[127.0641435,37.5557577]]]}},{"type":"Feature","id":"way/1103358315","properties":{"osmType":"way","osmId":1103358315,"osmVersion":1,"osmTimestamp":"2022-10-13T04:49:03Z","sourceUrl":"https://www.openstreetmap.org/way/1103358315","name":null,"waterType":"wastewater","sourceTags":{"natural":"water","water":"wastewater"},"sourceSurveyed":false},"geometry":{"type":"Polygon","coordinates":[[[127.0640878,37.5556898],[127.0640343,37.5556262],[127.0646754,37.5552872],[127.064729,37.555351],[127.0640878,37.5556898]]]}},{"type":"Feature","id":"way/1103358316","properties":{"osmType":"way","osmId":1103358316,"osmVersion":1,"osmTimestamp":"2022-10-13T04:49:03Z","sourceUrl":"https://www.openstreetmap.org/way/1103358316","name":null,"waterType":"wastewater","sourceTags":{"natural":"water","water":"wastewater"},"sourceSurveyed":false},"geometry":{"type":"Polygon","coordinates":[[[127.0640256,37.5556124],[127.0639721,37.5555488],[127.0646132,37.5552099],[127.0646668,37.5552736],[127.0640256,37.5556124]]]}},{"type":"Feature","id":"way/1103358317","properties":{"osmType":"way","osmId":1103358317,"osmVersion":1,"osmTimestamp":"2022-10-13T04:49:03Z","sourceUrl":"https://www.openstreetmap.org/way/1103358317","name":null,"waterType":"wastewater","sourceTags":{"natural":"water","water":"wastewater"},"sourceSurveyed":false},"geometry":{"type":"Polygon","coordinates":[[[127.0639699,37.5555445],[127.0639164,37.5554809],[127.0645575,37.5551419],[127.0646111,37.5552056],[127.0639699,37.5555445]]]}},{"type":"Feature","id":"way/1103358318","properties":{"osmType":"way","osmId":1103358318,"osmVersion":1,"osmTimestamp":"2022-10-13T04:49:03Z","sourceUrl":"https://www.openstreetmap.org/way/1103358318","name":null,"waterType":"wastewater","sourceTags":{"natural":"water","water":"wastewater"},"sourceSurveyed":false},"geometry":{"type":"Polygon","coordinates":[[[127.0639065,37.555469],[127.063853,37.5554054],[127.0644942,37.5550664],[127.0645477,37.5551301],[127.0639065,37.555469]]]}},{"type":"Feature","id":"way/1103358319","properties":{"osmType":"way","osmId":1103358319,"osmVersion":1,"osmTimestamp":"2022-10-13T04:49:03Z","sourceUrl":"https://www.openstreetmap.org/way/1103358319","name":null,"waterType":"wastewater","sourceTags":{"natural":"water","water":"wastewater"},"sourceSurveyed":false},"geometry":{"type":"Polygon","coordinates":[[[127.0638508,37.555401],[127.0637973,37.5553374],[127.0644384,37.5549985],[127.064492,37.5550622],[127.0638508,37.555401]]]}},{"type":"Feature","id":"way/1103358320","properties":{"osmType":"way","osmId":1103358320,"osmVersion":1,"osmTimestamp":"2022-10-13T04:49:03Z","sourceUrl":"https://www.openstreetmap.org/way/1103358320","name":null,"waterType":"wastewater","sourceTags":{"natural":"water","water":"wastewater"},"sourceSurveyed":false},"geometry":{"type":"Polygon","coordinates":[[[127.0637849,37.5553238],[127.0637314,37.5552602],[127.0643726,37.5549213],[127.0644261,37.554985],[127.0637849,37.5553238]]]}},{"type":"Feature","id":"way/1103358321","properties":{"osmType":"way","osmId":1103358321,"osmVersion":1,"osmTimestamp":"2022-10-13T04:49:03Z","sourceUrl":"https://www.openstreetmap.org/way/1103358321","name":null,"waterType":"wastewater","sourceTags":{"natural":"water","water":"wastewater"},"sourceSurveyed":false},"geometry":{"type":"Polygon","coordinates":[[[127.0637292,37.5552559],[127.0636757,37.5551923],[127.0643168,37.5548533],[127.0643704,37.554917],[127.0637292,37.5552559]]]}},{"type":"Feature","id":"way/1103358322","properties":{"osmType":"way","osmId":1103358322,"osmVersion":1,"osmTimestamp":"2022-10-13T04:49:03Z","sourceUrl":"https://www.openstreetmap.org/way/1103358322","name":null,"waterType":"wastewater","sourceTags":{"natural":"water","water":"wastewater"},"sourceSurveyed":false},"geometry":{"type":"Polygon","coordinates":[[[127.064735,37.5564709],[127.0646815,37.5564073],[127.0653227,37.5560684],[127.0653762,37.5561321],[127.064735,37.5564709]]]}},{"type":"Feature","id":"way/1103358323","properties":{"osmType":"way","osmId":1103358323,"osmVersion":1,"osmTimestamp":"2022-10-13T04:49:03Z","sourceUrl":"https://www.openstreetmap.org/way/1103358323","name":null,"waterType":"wastewater","sourceTags":{"natural":"water","water":"wastewater"},"sourceSurveyed":false},"geometry":{"type":"Polygon","coordinates":[[[127.0646793,37.556403],[127.0646258,37.5563394],[127.0652669,37.5560004],[127.0653205,37.5560642],[127.0646793,37.556403]]]}},{"type":"Feature","id":"way/1103358324","properties":{"osmType":"way","osmId":1103358324,"osmVersion":1,"osmTimestamp":"2022-10-13T04:49:03Z","sourceUrl":"https://www.openstreetmap.org/way/1103358324","name":null,"waterType":"wastewater","sourceTags":{"natural":"water","water":"wastewater"},"sourceSurveyed":false},"geometry":{"type":"Polygon","coordinates":[[[127.0646171,37.5563256],[127.0645636,37.556262],[127.0652047,37.5559231],[127.0652583,37.5559868],[127.0646171,37.5563256]]]}},{"type":"Feature","id":"way/1103358325","properties":{"osmType":"way","osmId":1103358325,"osmVersion":1,"osmTimestamp":"2022-10-13T04:49:03Z","sourceUrl":"https://www.openstreetmap.org/way/1103358325","name":null,"waterType":"wastewater","sourceTags":{"natural":"water","water":"wastewater"},"sourceSurveyed":false},"geometry":{"type":"Polygon","coordinates":[[[127.0645614,37.5562577],[127.0645079,37.5561941],[127.065149,37.5558551],[127.0652026,37.5559188],[127.0645614,37.5562577]]]}},{"type":"Feature","id":"way/1103358326","properties":{"osmType":"way","osmId":1103358326,"osmVersion":1,"osmTimestamp":"2022-10-13T04:49:03Z","sourceUrl":"https://www.openstreetmap.org/way/1103358326","name":null,"waterType":"wastewater","sourceTags":{"natural":"water","water":"wastewater"},"sourceSurveyed":false},"geometry":{"type":"Polygon","coordinates":[[[127.064498,37.5561822],[127.0644445,37.5561186],[127.0650857,37.5557796],[127.0651392,37.5558433],[127.064498,37.5561822]]]}},{"type":"Feature","id":"way/1103358327","properties":{"osmType":"way","osmId":1103358327,"osmVersion":1,"osmTimestamp":"2022-10-13T04:49:03Z","sourceUrl":"https://www.openstreetmap.org/way/1103358327","name":null,"waterType":"wastewater","sourceTags":{"natural":"water","water":"wastewater"},"sourceSurveyed":false},"geometry":{"type":"Polygon","coordinates":[[[127.0644423,37.5561142],[127.0643888,37.5560506],[127.0650299,37.5557117],[127.0650835,37.5557754],[127.0644423,37.5561142]]]}},{"type":"Feature","id":"way/1103358328","properties":{"osmType":"way","osmId":1103358328,"osmVersion":1,"osmTimestamp":"2022-10-13T04:49:03Z","sourceUrl":"https://www.openstreetmap.org/way/1103358328","name":null,"waterType":"wastewater","sourceTags":{"natural":"water","water":"wastewater"},"sourceSurveyed":false},"geometry":{"type":"Polygon","coordinates":[[[127.0643764,37.556037],[127.0643229,37.5559734],[127.0649641,37.5556345],[127.0650176,37.5556982],[127.0643764,37.556037]]]}},{"type":"Feature","id":"way/1103358329","properties":{"osmType":"way","osmId":1103358329,"osmVersion":1,"osmTimestamp":"2022-10-13T04:49:03Z","sourceUrl":"https://www.openstreetmap.org/way/1103358329","name":null,"waterType":"wastewater","sourceTags":{"natural":"water","water":"wastewater"},"sourceSurveyed":false},"geometry":{"type":"Polygon","coordinates":[[[127.0643207,37.5559691],[127.0642672,37.5559055],[127.0649083,37.5555665],[127.0649619,37.5556302],[127.0643207,37.5559691]]]}},{"type":"Feature","id":"way/1103358330","properties":{"osmType":"way","osmId":1103358330,"osmVersion":1,"osmTimestamp":"2022-10-13T04:49:03Z","sourceUrl":"https://www.openstreetmap.org/way/1103358330","name":null,"waterType":"wastewater","sourceTags":{"natural":"water","water":"wastewater"},"sourceSurveyed":false},"geometry":{"type":"Polygon","coordinates":[[[127.0652557,37.5570938],[127.0652022,37.5570302],[127.0658434,37.5566913],[127.0658969,37.556755],[127.0652557,37.5570938]]]}},{"type":"Feature","id":"way/1103358331","properties":{"osmType":"way","osmId":1103358331,"osmVersion":1,"osmTimestamp":"2022-10-13T04:49:03Z","sourceUrl":"https://www.openstreetmap.org/way/1103358331","name":null,"waterType":"wastewater","sourceTags":{"natural":"water","water":"wastewater"},"sourceSurveyed":false},"geometry":{"type":"Polygon","coordinates":[[[127.0652,37.5570259],[127.0651465,37.5569623],[127.0657876,37.5566233],[127.0658412,37.5566871],[127.0652,37.5570259]]]}},{"type":"Feature","id":"way/1103358332","properties":{"osmType":"way","osmId":1103358332,"osmVersion":1,"osmTimestamp":"2022-10-13T04:49:03Z","sourceUrl":"https://www.openstreetmap.org/way/1103358332","name":null,"waterType":"wastewater","sourceTags":{"natural":"water","water":"wastewater"},"sourceSurveyed":false},"geometry":{"type":"Polygon","coordinates":[[[127.0651378,37.5569485],[127.0650843,37.5568849],[127.0657254,37.556546],[127.065779,37.5566097],[127.0651378,37.5569485]]]}},{"type":"Feature","id":"way/1103358333","properties":{"osmType":"way","osmId":1103358333,"osmVersion":1,"osmTimestamp":"2022-10-13T04:49:03Z","sourceUrl":"https://www.openstreetmap.org/way/1103358333","name":null,"waterType":"wastewater","sourceTags":{"natural":"water","water":"wastewater"},"sourceSurveyed":false},"geometry":{"type":"Polygon","coordinates":[[[127.0650821,37.5568806],[127.0650286,37.556817],[127.0656697,37.556478],[127.0657233,37.5565417],[127.0650821,37.5568806]]]}},{"type":"Feature","id":"way/1103358334","properties":{"osmType":"way","osmId":1103358334,"osmVersion":1,"osmTimestamp":"2022-10-13T04:49:03Z","sourceUrl":"https://www.openstreetmap.org/way/1103358334","name":null,"waterType":"wastewater","sourceTags":{"natural":"water","water":"wastewater"},"sourceSurveyed":false},"geometry":{"type":"Polygon","coordinates":[[[127.0650187,37.5568051],[127.0649652,37.5567415],[127.0656064,37.5564025],[127.0656599,37.5564662],[127.0650187,37.5568051]]]}},{"type":"Feature","id":"way/1103358335","properties":{"osmType":"way","osmId":1103358335,"osmVersion":1,"osmTimestamp":"2022-10-13T04:49:03Z","sourceUrl":"https://www.openstreetmap.org/way/1103358335","name":null,"waterType":"wastewater","sourceTags":{"natural":"water","water":"wastewater"},"sourceSurveyed":false},"geometry":{"type":"Polygon","coordinates":[[[127.064963,37.5567371],[127.0649095,37.5566735],[127.0655506,37.5563346],[127.0656042,37.5563983],[127.064963,37.5567371]]]}},{"type":"Feature","id":"way/1103358336","properties":{"osmType":"way","osmId":1103358336,"osmVersion":1,"osmTimestamp":"2022-10-13T04:49:03Z","sourceUrl":"https://www.openstreetmap.org/way/1103358336","name":null,"waterType":"wastewater","sourceTags":{"natural":"water","water":"wastewater"},"sourceSurveyed":false},"geometry":{"type":"Polygon","coordinates":[[[127.0648971,37.5566599],[127.0648436,37.5565963],[127.0654848,37.5562574],[127.0655383,37.5563211],[127.0648971,37.5566599]]]}},{"type":"Feature","id":"way/1103358337","properties":{"osmType":"way","osmId":1103358337,"osmVersion":1,"osmTimestamp":"2022-10-13T04:49:03Z","sourceUrl":"https://www.openstreetmap.org/way/1103358337","name":null,"waterType":"wastewater","sourceTags":{"natural":"water","water":"wastewater"},"sourceSurveyed":false},"geometry":{"type":"Polygon","coordinates":[[[127.0648414,37.556592],[127.0647879,37.5565284],[127.065429,37.5561894],[127.0654826,37.5562531],[127.0648414,37.556592]]]}},{"type":"Feature","id":"way/1103358338","properties":{"osmType":"way","osmId":1103358338,"osmVersion":1,"osmTimestamp":"2022-10-13T04:49:03Z","sourceUrl":"https://www.openstreetmap.org/way/1103358338","name":null,"waterType":"wastewater","sourceTags":{"natural":"water","water":"wastewater"},"sourceSurveyed":false},"geometry":{"type":"Polygon","coordinates":[[[127.0663649,37.5584176],[127.0663114,37.558354],[127.0669526,37.5580151],[127.0670061,37.5580788],[127.0663649,37.5584176]]]}},{"type":"Feature","id":"way/1103358339","properties":{"osmType":"way","osmId":1103358339,"osmVersion":1,"osmTimestamp":"2022-10-13T04:49:03Z","sourceUrl":"https://www.openstreetmap.org/way/1103358339","name":null,"waterType":"wastewater","sourceTags":{"natural":"water","water":"wastewater"},"sourceSurveyed":false},"geometry":{"type":"Polygon","coordinates":[[[127.0663092,37.5583497],[127.0662557,37.5582861],[127.0668968,37.5579471],[127.0669504,37.5580109],[127.0663092,37.5583497]]]}},{"type":"Feature","id":"way/1103358340","properties":{"osmType":"way","osmId":1103358340,"osmVersion":1,"osmTimestamp":"2022-10-13T04:49:03Z","sourceUrl":"https://www.openstreetmap.org/way/1103358340","name":null,"waterType":"wastewater","sourceTags":{"natural":"water","water":"wastewater"},"sourceSurveyed":false},"geometry":{"type":"Polygon","coordinates":[[[127.066247,37.5582723],[127.0661935,37.5582087],[127.0668346,37.5578698],[127.0668882,37.5579335],[127.066247,37.5582723]]]}},{"type":"Feature","id":"way/1103358341","properties":{"osmType":"way","osmId":1103358341,"osmVersion":1,"osmTimestamp":"2022-10-13T04:49:03Z","sourceUrl":"https://www.openstreetmap.org/way/1103358341","name":null,"waterType":"wastewater","sourceTags":{"natural":"water","water":"wastewater"},"sourceSurveyed":false},"geometry":{"type":"Polygon","coordinates":[[[127.0661913,37.5582044],[127.0661378,37.5581408],[127.0667789,37.5578018],[127.0668325,37.5578655],[127.0661913,37.5582044]]]}},{"type":"Feature","id":"way/1103358342","properties":{"osmType":"way","osmId":1103358342,"osmVersion":1,"osmTimestamp":"2022-10-13T04:49:03Z","sourceUrl":"https://www.openstreetmap.org/way/1103358342","name":null,"waterType":"wastewater","sourceTags":{"natural":"water","water":"wastewater"},"sourceSurveyed":false},"geometry":{"type":"Polygon","coordinates":[[[127.0661279,37.5581289],[127.0660744,37.5580653],[127.0667156,37.5577263],[127.0667691,37.55779],[127.0661279,37.5581289]]]}},{"type":"Feature","id":"way/1103358343","properties":{"osmType":"way","osmId":1103358343,"osmVersion":1,"osmTimestamp":"2022-10-13T04:49:03Z","sourceUrl":"https://www.openstreetmap.org/way/1103358343","name":null,"waterType":"wastewater","sourceTags":{"natural":"water","water":"wastewater"},"sourceSurveyed":false},"geometry":{"type":"Polygon","coordinates":[[[127.0660722,37.5580609],[127.0660187,37.5579973],[127.0666598,37.5576584],[127.0667134,37.5577221],[127.0660722,37.5580609]]]}},{"type":"Feature","id":"way/1103358344","properties":{"osmType":"way","osmId":1103358344,"osmVersion":1,"osmTimestamp":"2022-10-13T04:49:03Z","sourceUrl":"https://www.openstreetmap.org/way/1103358344","name":null,"waterType":"wastewater","sourceTags":{"natural":"water","water":"wastewater"},"sourceSurveyed":false},"geometry":{"type":"Polygon","coordinates":[[[127.0660063,37.5579837],[127.0659528,37.5579201],[127.066594,37.5575812],[127.0666475,37.5576449],[127.0660063,37.5579837]]]}},{"type":"Feature","id":"way/1103358345","properties":{"osmType":"way","osmId":1103358345,"osmVersion":1,"osmTimestamp":"2022-10-13T04:49:03Z","sourceUrl":"https://www.openstreetmap.org/way/1103358345","name":null,"waterType":"wastewater","sourceTags":{"natural":"water","water":"wastewater"},"sourceSurveyed":false},"geometry":{"type":"Polygon","coordinates":[[[127.0659506,37.5579158],[127.0658971,37.5578522],[127.0665382,37.5575132],[127.0665918,37.5575769],[127.0659506,37.5579158]]]}},{"type":"Feature","id":"way/1103358346","properties":{"osmType":"way","osmId":1103358346,"osmVersion":1,"osmTimestamp":"2022-10-13T04:49:03Z","sourceUrl":"https://www.openstreetmap.org/way/1103358346","name":null,"waterType":"wastewater","sourceTags":{"natural":"water","water":"wastewater"},"sourceSurveyed":false},"geometry":{"type":"Polygon","coordinates":[[[127.0658596,37.5578094],[127.0658061,37.5577458],[127.0664473,37.5574069],[127.0665008,37.5574706],[127.0658596,37.5578094]]]}},{"type":"Feature","id":"way/1103358347","properties":{"osmType":"way","osmId":1103358347,"osmVersion":1,"osmTimestamp":"2022-10-13T04:49:03Z","sourceUrl":"https://www.openstreetmap.org/way/1103358347","name":null,"waterType":"wastewater","sourceTags":{"natural":"water","water":"wastewater"},"sourceSurveyed":false},"geometry":{"type":"Polygon","coordinates":[[[127.0658039,37.5577415],[127.0657504,37.5576779],[127.0663915,37.5573389],[127.0664451,37.5574027],[127.0658039,37.5577415]]]}},{"type":"Feature","id":"way/1103358348","properties":{"osmType":"way","osmId":1103358348,"osmVersion":1,"osmTimestamp":"2022-10-13T04:49:03Z","sourceUrl":"https://www.openstreetmap.org/way/1103358348","name":null,"waterType":"wastewater","sourceTags":{"natural":"water","water":"wastewater"},"sourceSurveyed":false},"geometry":{"type":"Polygon","coordinates":[[[127.0657417,37.5576641],[127.0656882,37.5576005],[127.0663293,37.5572616],[127.0663829,37.5573253],[127.0657417,37.5576641]]]}},{"type":"Feature","id":"way/1103358349","properties":{"osmType":"way","osmId":1103358349,"osmVersion":1,"osmTimestamp":"2022-10-13T04:49:03Z","sourceUrl":"https://www.openstreetmap.org/way/1103358349","name":null,"waterType":"wastewater","sourceTags":{"natural":"water","water":"wastewater"},"sourceSurveyed":false},"geometry":{"type":"Polygon","coordinates":[[[127.065686,37.5575962],[127.0656325,37.5575326],[127.0662736,37.5571936],[127.0663272,37.5572573],[127.065686,37.5575962]]]}},{"type":"Feature","id":"way/1103358350","properties":{"osmType":"way","osmId":1103358350,"osmVersion":1,"osmTimestamp":"2022-10-13T04:49:03Z","sourceUrl":"https://www.openstreetmap.org/way/1103358350","name":null,"waterType":"wastewater","sourceTags":{"natural":"water","water":"wastewater"},"sourceSurveyed":false},"geometry":{"type":"Polygon","coordinates":[[[127.0656226,37.5575207],[127.0655691,37.5574571],[127.0662103,37.5571181],[127.0662638,37.5571818],[127.0656226,37.5575207]]]}},{"type":"Feature","id":"way/1103358351","properties":{"osmType":"way","osmId":1103358351,"osmVersion":1,"osmTimestamp":"2022-10-13T04:49:03Z","sourceUrl":"https://www.openstreetmap.org/way/1103358351","name":null,"waterType":"wastewater","sourceTags":{"natural":"water","water":"wastewater"},"sourceSurveyed":false},"geometry":{"type":"Polygon","coordinates":[[[127.0655669,37.5574527],[127.0655134,37.5573891],[127.0661545,37.5570502],[127.0662081,37.5571139],[127.0655669,37.5574527]]]}},{"type":"Feature","id":"way/1103358352","properties":{"osmType":"way","osmId":1103358352,"osmVersion":1,"osmTimestamp":"2022-10-13T04:49:03Z","sourceUrl":"https://www.openstreetmap.org/way/1103358352","name":null,"waterType":"wastewater","sourceTags":{"natural":"water","water":"wastewater"},"sourceSurveyed":false},"geometry":{"type":"Polygon","coordinates":[[[127.065501,37.5573755],[127.0654475,37.5573119],[127.0660887,37.556973],[127.0661422,37.5570367],[127.065501,37.5573755]]]}},{"type":"Feature","id":"way/1103358353","properties":{"osmType":"way","osmId":1103358353,"osmVersion":1,"osmTimestamp":"2022-10-13T04:49:03Z","sourceUrl":"https://www.openstreetmap.org/way/1103358353","name":null,"waterType":"wastewater","sourceTags":{"natural":"water","water":"wastewater"},"sourceSurveyed":false},"geometry":{"type":"Polygon","coordinates":[[[127.0654453,37.5573076],[127.0653918,37.557244],[127.0660329,37.556905],[127.0660865,37.5569687],[127.0654453,37.5573076]]]}},{"type":"Feature","id":"way/1136701068","properties":{"osmType":"way","osmId":1136701068,"osmVersion":2,"osmTimestamp":"2023-04-25T17:07:28Z","sourceUrl":"https://www.openstreetmap.org/way/1136701068","name":"모란못","waterType":"pond","sourceTags":{"name":"모란못","natural":"water","water":"pond"},"sourceSurveyed":false},"geometry":{"type":"Polygon","coordinates":[[[126.979902,37.5249413],[126.9798848,37.5247583],[126.9801052,37.5247453],[126.9801154,37.5248542],[126.9800967,37.5248553],[126.9801036,37.5249294],[126.979902,37.5249413]]]}},{"type":"Feature","id":"way/1145100655","properties":{"osmType":"way","osmId":1145100655,"osmVersion":1,"osmTimestamp":"2023-02-14T11:14:48Z","sourceUrl":"https://www.openstreetmap.org/way/1145100655","name":null,"waterType":"pond","sourceTags":{"natural":"water","water":"pond"},"sourceSurveyed":false},"geometry":{"type":"Polygon","coordinates":[[[126.962895,37.5464925],[126.9627695,37.5465103],[126.9626531,37.5465103],[126.9625859,37.5464712],[126.9626665,37.5464073],[126.9626934,37.5463504],[126.9628188,37.5463291],[126.962886,37.5463291],[126.9629801,37.5463966],[126.9629577,37.5464534],[126.962895,37.5464925]]]}},{"type":"Feature","id":"way/1188453560","properties":{"osmType":"way","osmId":1188453560,"osmVersion":1,"osmTimestamp":"2023-07-09T14:05:38Z","sourceUrl":"https://www.openstreetmap.org/way/1188453560","name":null,"waterType":"unspecified","sourceTags":{"natural":"water"},"sourceSurveyed":false},"geometry":{"type":"Polygon","coordinates":[[[126.9947983,37.5719104],[126.99479,37.5719076],[126.9948682,37.5717226],[126.9949453,37.5715514],[126.99502,37.5714005],[126.9950971,37.5712349],[126.9951694,37.5710526],[126.9951876,37.5709423],[126.995194,37.5709423],[126.9951779,37.5710376],[126.9951746,37.5710543],[126.9951057,37.5712365],[126.9950285,37.5714028],[126.9949553,37.5715551],[126.9948775,37.5717271],[126.9948277,37.5718435],[126.9947983,37.5719104]]]}},{"type":"Feature","id":"way/1198247701","properties":{"osmType":"way","osmId":1198247701,"osmVersion":2,"osmTimestamp":"2023-08-16T14:31:59Z","sourceUrl":"https://www.openstreetmap.org/way/1198247701","name":null,"waterType":"pond","sourceTags":{"natural":"water","water":"pond"},"sourceSurveyed":false},"geometry":{"type":"Polygon","coordinates":[[[126.9900261,37.5738641],[126.9900017,37.5738593],[126.990029,37.5737889],[126.990058,37.5737932],[126.9900528,37.573807],[126.9900491,37.5738182],[126.9901249,37.5738334],[126.9901037,37.5738799],[126.9901031,37.5738808],[126.9900261,37.5738641]]]}},{"type":"Feature","id":"way/1201838939","properties":{"osmType":"way","osmId":1201838939,"osmVersion":2,"osmTimestamp":"2023-08-25T04:35:03Z","sourceUrl":"https://www.openstreetmap.org/way/1201838939","name":"인공 폭포","waterType":"pond","sourceTags":{"name":"인공 폭포","natural":"water","water":"pond"},"sourceSurveyed":false},"geometry":{"type":"Polygon","coordinates":[[[127.0136443,37.5000245],[127.01358503611111,37.5],[127.013656310907,37.5],[127.0136443,37.5000245]]]}},{"type":"Feature","id":"way/1214934083","properties":{"osmType":"way","osmId":1214934083,"osmVersion":1,"osmTimestamp":"2023-10-12T00:47:03Z","sourceUrl":"https://www.openstreetmap.org/way/1214934083","name":null,"waterType":"pond","sourceTags":{"natural":"water","water":"pond"},"sourceSurveyed":false},"geometry":{"type":"Polygon","coordinates":[[[126.9871089,37.5812104],[126.9869433,37.5812135],[126.9869425,37.5811592],[126.9871081,37.5811575],[126.9871089,37.5812104]]]}},{"type":"Feature","id":"way/1216011534","properties":{"osmType":"way","osmId":1216011534,"osmVersion":4,"osmTimestamp":"2026-08-29T05:00:04Z","sourceUrl":"https://www.openstreetmap.org/way/1216011534","name":null,"waterType":"pond","sourceTags":{"natural":"water","water":"pond"},"sourceSurveyed":false},"geometry":{"type":"Polygon","coordinates":[[[127.0995778,37.5084756],[127.0995531,37.5083983],[127.0995952,37.508407],[127.0996384,37.508429],[127.0996661,37.5084913],[127.0997015,37.508517],[127.0997524,37.5085586],[127.0997508,37.5085867],[127.099737,37.5086209],[127.099661,37.5086974],[127.0995475,37.5087822],[127.0995151,37.508792],[127.0994843,37.5087785],[127.0993457,37.5086954],[127.099512,37.5085109],[127.0995778,37.5084756]]]}},{"type":"Feature","id":"way/1219647653","properties":{"osmType":"way","osmId":1219647653,"osmVersion":1,"osmTimestamp":"2023-10-31T00:02:42Z","sourceUrl":"https://www.openstreetmap.org/way/1219647653","name":null,"waterType":"lake","sourceTags":{"natural":"water","water":"lake"},"sourceSurveyed":false},"geometry":{"type":"Polygon","coordinates":[[[126.9995132,37.5411716],[126.9992898,37.5411053],[126.9993539,37.5409558],[126.9995784,37.5410265],[126.9995132,37.5411716]]]}},{"type":"Feature","id":"way/1229003429","properties":{"osmType":"way","osmId":1229003429,"osmVersion":1,"osmTimestamp":"2023-12-06T07:45:10Z","sourceUrl":"https://www.openstreetmap.org/way/1229003429","name":null,"waterType":"pond","sourceTags":{"natural":"water","water":"pond"},"sourceSurveyed":false},"geometry":{"type":"Polygon","coordinates":[[[126.9838382,37.5838085],[126.9837906,37.5837941],[126.9838094,37.5837484],[126.9838597,37.5837628],[126.9838382,37.5838085]]]}},{"type":"Feature","id":"way/1274767482","properties":{"osmType":"way","osmId":1274767482,"osmVersion":1,"osmTimestamp":"2024-04-22T04:14:09Z","sourceUrl":"https://www.openstreetmap.org/way/1274767482","name":null,"waterType":"unspecified","sourceTags":{"natural":"water"},"sourceSurveyed":false},"geometry":{"type":"Polygon","coordinates":[[[127.0043094,37.5685544],[127.0042988,37.5685173],[127.0042605,37.568418],[127.0042393,37.5683793],[127.0042329,37.5682952],[127.0043179,37.5682363],[127.0043858,37.5681874],[127.0044623,37.568174],[127.0045069,37.5682144],[127.0045238,37.5682295],[127.004664,37.5682295],[127.0047171,37.5682464],[127.0047235,37.5683524],[127.004647,37.5684332],[127.0045026,37.5684601],[127.0044771,37.5684854],[127.0044623,37.5685392],[127.004424,37.5685678],[127.0043497,37.5685796],[127.0043094,37.5685544]]]}},{"type":"Feature","id":"way/1282769570","properties":{"osmType":"way","osmId":1282769570,"osmVersion":1,"osmTimestamp":"2024-05-14T09:54:29Z","sourceUrl":"https://www.openstreetmap.org/way/1282769570","name":null,"waterType":"unspecified","sourceTags":{"natural":"water"},"sourceSurveyed":false},"geometry":{"type":"Polygon","coordinates":[[[127.0843973,37.5104361],[127.0842967,37.5104223],[127.0843122,37.5103622],[127.0843973,37.5104361]]]}},{"type":"Feature","id":"way/1381050975","properties":{"osmType":"way","osmId":1381050975,"osmVersion":1,"osmTimestamp":"2025-04-25T07:17:46Z","sourceUrl":"https://www.openstreetmap.org/way/1381050975","name":null,"waterType":"pond","sourceTags":{"natural":"water","water":"pond"},"sourceSurveyed":false},"geometry":{"type":"Polygon","coordinates":[[[126.9834646,37.5216855],[126.9831808,37.5217748],[126.9831466,37.521777],[126.983082,37.5217347],[126.9831221,37.5216183],[126.983195,37.5215378],[126.9833028,37.5214978],[126.9833886,37.5214901],[126.983423,37.5215007],[126.98346,37.5215927],[126.9834841,37.5216146],[126.9834646,37.5216855]]]}},{"type":"Feature","id":"way/1381050976","properties":{"osmType":"way","osmId":1381050976,"osmVersion":1,"osmTimestamp":"2025-04-25T07:17:46Z","sourceUrl":"https://www.openstreetmap.org/way/1381050976","name":null,"waterType":"pond","sourceTags":{"natural":"water","water":"pond"},"sourceSurveyed":false},"geometry":{"type":"Polygon","coordinates":[[[126.9835921,37.5216826],[126.9834646,37.5216855],[126.9834841,37.5216146],[126.9835759,37.521617],[126.9838184,37.5216417],[126.9838943,37.5216084],[126.9839512,37.5215138],[126.9840691,37.5213161],[126.9840922,37.5211968],[126.9841274,37.5210678],[126.9841213,37.521034],[126.9842394,37.5210524],[126.9841721,37.5212473],[126.9840773,37.5214687],[126.9839797,37.5216288],[126.9839282,37.5216804],[126.9837778,37.5217062],[126.9835921,37.5216826]]]}},{"type":"Feature","id":"way/1381050977","properties":{"osmType":"way","osmId":1381050977,"osmVersion":1,"osmTimestamp":"2025-04-25T07:17:46Z","sourceUrl":"https://www.openstreetmap.org/way/1381050977","name":null,"waterType":"pond","sourceTags":{"natural":"water","water":"pond"},"sourceSurveyed":false},"geometry":{"type":"Polygon","coordinates":[[[126.9836514,37.5205179],[126.9836146,37.5205838],[126.9835161,37.5205371],[126.9833962,37.5205395],[126.9833869,37.5204494],[126.9834492,37.5202914],[126.9835021,37.5202839],[126.9835472,37.5203864],[126.9835457,37.520484],[126.9836514,37.5205179]]]}},{"type":"Feature","id":"way/1382504475","properties":{"osmType":"way","osmId":1382504475,"osmVersion":2,"osmTimestamp":"2025-09-24T07:23:52Z","sourceUrl":"https://www.openstreetmap.org/way/1382504475","name":null,"waterType":"lake","sourceTags":{"natural":"water","water":"lake"},"sourceSurveyed":false},"geometry":{"type":"Polygon","coordinates":[[[126.9370334,37.5617903],[126.9369869,37.5617976],[126.9369724,37.5617402],[126.9370189,37.5617328],[126.9370334,37.5617903]]]}},{"type":"Feature","id":"way/1386090557","properties":{"osmType":"way","osmId":1386090557,"osmVersion":1,"osmTimestamp":"2025-05-13T10:35:20Z","sourceUrl":"https://www.openstreetmap.org/way/1386090557","name":null,"waterType":"pond","sourceTags":{"natural":"water","water":"pond"},"sourceSurveyed":false},"geometry":{"type":"Polygon","coordinates":[[[126.9200246,37.5188396],[126.92,37.51884014456208],[126.92,37.51852987804878],[126.9200696,37.518517],[126.9201766,37.518572],[126.9203381,37.5186215],[126.9204873,37.518662],[126.9206499,37.5186589],[126.9207064,37.5187446],[126.9205697,37.5188255],[126.9204445,37.5188593],[126.9204085,37.5188859],[126.9203717,37.5189738],[126.9202725,37.51896],[126.9201769,37.5189243],[126.9202212,37.5188677],[126.920131,37.5188236],[126.9200246,37.5188396]]]}},{"type":"Feature","id":"way/1417443454","properties":{"osmType":"way","osmId":1417443454,"osmVersion":1,"osmTimestamp":"2025-07-26T01:37:56Z","sourceUrl":"https://www.openstreetmap.org/way/1417443454","name":null,"waterType":"pond","sourceTags":{"natural":"water","water":"pond"},"sourceSurveyed":false},"geometry":{"type":"Polygon","coordinates":[[[127.0885848,37.5096487],[127.0885725,37.5096234],[127.0886206,37.5095817],[127.0886553,37.5095395],[127.0886402,37.5094969],[127.0886212,37.5094512],[127.0886961,37.5093949],[127.0887208,37.5093683],[127.0887331,37.509323],[127.0887498,37.5092862],[127.0888103,37.5092427],[127.0888696,37.509295],[127.0888494,37.5093092],[127.0888992,37.5093745],[127.0888673,37.5093931],[127.0888494,37.5094153],[127.088841,37.5094508],[127.0888254,37.5094836],[127.088803,37.5094996],[127.0887912,37.5095094],[127.0887409,37.5094819],[127.0886827,37.5095426],[127.0887073,37.5095582],[127.0886575,37.5096123],[127.0886279,37.5096349],[127.0885848,37.5096487]]]}},{"type":"Feature","id":"way/1417443459","properties":{"osmType":"way","osmId":1417443459,"osmVersion":1,"osmTimestamp":"2025-07-26T01:37:56Z","sourceUrl":"https://www.openstreetmap.org/way/1417443459","name":null,"waterType":"pond","sourceTags":{"natural":"water","water":"pond"},"sourceSurveyed":false},"geometry":{"type":"Polygon","coordinates":[[[127.0890199,37.5082299],[127.0887938,37.5082873],[127.0887497,37.5081779],[127.0889758,37.5081205],[127.0890199,37.5082299]]]}},{"type":"Feature","id":"way/1417443462","properties":{"osmType":"way","osmId":1417443462,"osmVersion":1,"osmTimestamp":"2025-07-26T01:37:56Z","sourceUrl":"https://www.openstreetmap.org/way/1417443462","name":null,"waterType":"pond","sourceTags":{"natural":"water","water":"pond"},"sourceSurveyed":false},"geometry":{"type":"Polygon","coordinates":[[[127.0896493,37.5081195],[127.0895963,37.5081008],[127.0896232,37.508062],[127.089602,37.5080504],[127.0896077,37.5080155],[127.0896273,37.5079832],[127.0896485,37.5079664],[127.089677,37.5079664],[127.0897047,37.5079922],[127.0897242,37.5080375],[127.0897079,37.5080536],[127.0896924,37.5080581],[127.0896582,37.5080943],[127.0896493,37.5081195]]]}},{"type":"Feature","id":"way/1433303442","properties":{"osmType":"way","osmId":1433303442,"osmVersion":1,"osmTimestamp":"2025-09-26T10:17:48Z","sourceUrl":"https://www.openstreetmap.org/way/1433303442","name":null,"waterType":"pond","sourceTags":{"natural":"water","water":"pond"},"sourceSurveyed":false},"geometry":{"type":"Polygon","coordinates":[[[127.0860815,37.5643212],[127.08607,37.5643443],[127.0860461,37.5643506],[127.0860063,37.5643436],[127.0859753,37.5643275],[127.0859364,37.5643184],[127.0859152,37.5643142],[127.0859072,37.5643022],[127.0859134,37.5642924],[127.0859276,37.5642602],[127.0859452,37.5642447],[127.0859921,37.5642391],[127.0860311,37.5642419],[127.0860718,37.564263],[127.0860797,37.5642819],[127.0860824,37.5643072],[127.0860815,37.5643212]]]}},{"type":"Feature","id":"way/1531943867","properties":{"osmType":"way","osmId":1531943867,"osmVersion":2,"osmTimestamp":"2026-06-24T14:01:33Z","sourceUrl":"https://www.openstreetmap.org/way/1531943867","name":"안산방죽","waterType":"pond","sourceTags":{"name":"안산방죽","name:en":"Ansan Bangjuk(Ecological Pond)","name:ko":"안산방죽","natural":"water","water":"pond"},"sourceSurveyed":false},"geometry":{"type":"Polygon","coordinates":[[[126.9401248,37.5820633],[126.9399963,37.5821349],[126.9398823,37.5819444],[126.9399098,37.5819034],[126.9401248,37.5820633]]]}},{"type":"Feature","id":"way/1550773961","properties":{"osmType":"way","osmId":1550773961,"osmVersion":1,"osmTimestamp":"2026-08-19T10:20:16Z","sourceUrl":"https://www.openstreetmap.org/way/1550773961","name":null,"waterType":"pond","sourceTags":{"natural":"water","water":"pond"},"sourceSurveyed":false},"geometry":{"type":"Polygon","coordinates":[[[126.9990712,37.5517132],[126.99904,37.5517033],[126.9990159,37.551683],[126.9990097,37.5516669],[126.9990307,37.5516533],[126.9990587,37.551654],[126.9990992,37.551649],[126.9991389,37.551641],[126.9991611,37.551651],[126.9991603,37.5516836],[126.9991365,37.5517008],[126.9991085,37.5517113],[126.9990712,37.5517132]]]}},{"type":"Feature","id":"way/1550801807","properties":{"osmType":"way","osmId":1550801807,"osmVersion":1,"osmTimestamp":"2026-08-19T12:25:26Z","sourceUrl":"https://www.openstreetmap.org/way/1550801807","name":null,"waterType":"pond","sourceTags":{"natural":"water","water":"pond"},"sourceSurveyed":false},"geometry":{"type":"Polygon","coordinates":[[[126.9914474,37.5550764],[126.9915042,37.5550264],[126.9915968,37.555077],[126.9915431,37.5551294],[126.9914474,37.5550764]]]}},{"type":"Feature","id":"relation/152336","properties":{"osmType":"relation","osmId":152336,"osmVersion":55,"osmTimestamp":"2026-05-07T07:24:49Z","sourceUrl":"https://www.openstreetmap.org/relation/152336","name":"한강","waterType":"river","sourceTags":{"name":"한강","name:en":"Han River","name:ko":"한강","natural":"water","water":"river"},"sourceSurveyed":false},"geometry":{"type":"Polygon","coordinates":[[[126.9201541,37.5427913],[126.92,37.54275026830666],[126.92,37.534455162740635],[126.9201876,37.534418],[126.9204262,37.5344039],[126.9208669,37.5343104],[126.9221416,37.5340542],[126.9226567,37.5339332],[126.9231857,37.5337881],[126.9235652,37.5336865],[126.9238398,37.5336114],[126.924142,37.533522],[126.9244032,37.5334441],[126.9246851,37.5333555],[126.9253458,37.5331429],[126.9254724,37.5330997],[126.9260357,37.5328966],[126.9266031,37.5326771],[126.9284796,37.5319371],[126.9293405,37.5315863],[126.9296092,37.5314792],[126.9300999,37.5312557],[126.9303186,37.5311504],[126.9312412,37.530681],[126.9319007,37.5303241],[126.9321499,37.5301793],[126.9324232,37.5300026],[126.9328483,37.5297264],[126.9331647,37.5295088],[126.9334692,37.5292883],[126.9339267,37.5289335],[126.9340066,37.5288675],[126.9345328,37.5284446],[126.934699,37.5283015],[126.934875,37.5281489],[126.9351777,37.5278925],[126.9352511,37.5278287],[126.93565,37.5274886],[126.9357688,37.5273987],[126.9374926,37.5259328],[126.9376153,37.5258285],[126.9379771,37.5255177],[126.9380156,37.5254846],[126.9380569,37.5254499],[126.93846,37.5251115],[126.9387735,37.5248452],[126.9388181,37.5248094],[126.9389877,37.5246682],[126.9393408,37.5243968],[126.9400272,37.5238609],[126.9405304,37.5234164],[126.9405405,37.5234078],[126.9405485,37.523401],[126.9408825,37.5231179],[126.9411281,37.5229011],[126.94136,37.5227079],[126.9413353,37.522681],[126.9414837,37.5225565],[126.9415135,37.5225713],[126.9423179,37.5218989],[126.9429058,37.5213968],[126.9432622,37.5210959],[126.9435491,37.5208434],[126.9435689,37.520826],[126.943784,37.5205348],[126.9439602,37.5202681],[126.9440758,37.5200742],[126.9441979,37.5198313],[126.9443011,37.5196055],[126.9443232,37.5195425],[126.9443129,37.5194621],[126.9443655,37.5193849],[126.9447117,37.5190032],[126.9455087,37.5183849],[126.9456589,37.51827],[126.9458789,37.5181935],[126.9461846,37.5181169],[126.9466299,37.5180445],[126.9471019,37.5179297],[126.9479227,37.5175978],[126.9489246,37.5171305],[126.9500041,37.5165947],[126.9505942,37.5163596],[126.9512325,37.5160915],[126.9525871,37.5156831],[126.9530176,37.5155456],[126.9531423,37.5154788],[126.9532576,37.5153703],[126.9534615,37.5152491],[126.95355,37.515198],[126.9553632,37.514681],[126.9562429,37.5144108],[126.9574258,37.5139853],[126.9583109,37.5136087],[126.9594777,37.513113],[126.9606096,37.512562],[126.9616958,37.5120003],[126.9622426,37.5116534],[126.9627935,37.5113451],[126.963464,37.51098],[126.9647675,37.5102358],[126.9649166,37.5100987],[126.9650134,37.5098636],[126.9651398,37.5095982],[126.9652354,37.5094683],[126.9654545,37.5093261],[126.9685328,37.5083429],[126.9698873,37.5078896],[126.9701636,37.507762],[126.9703647,37.5076343],[126.9706812,37.5074152],[126.970979,37.5072513],[126.9712204,37.5071471],[126.9717514,37.5069896],[126.9724408,37.506813],[126.9731542,37.5066768],[126.9738677,37.5065619],[126.9748038,37.5064832],[126.9760403,37.5064577],[126.9765285,37.50643],[126.9779757,37.5063478],[126.9793998,37.5062502],[126.9794366,37.5062528],[126.9797203,37.5062726],[126.9798306,37.5062788],[126.9798639,37.5062837],[126.9813618,37.5063173],[126.9816729,37.5063087],[126.9821423,37.5062555],[126.9825634,37.5062343],[126.9829953,37.5062853],[126.9834727,37.5063875],[126.9838455,37.5065598],[126.9842452,37.5067407],[126.9844966,37.5067944],[126.9845369,37.5068018],[126.9848579,37.5068566],[126.9849061,37.5068648],[126.9850016,37.5068811],[126.9851679,37.5068939],[126.9854414,37.506879],[126.985707,37.5068556],[126.9877964,37.5065534],[126.9880941,37.506547],[126.9884106,37.5065896],[126.989851,37.5069343],[126.9910354,37.5073235],[126.991201,37.5073948],[126.9913621,37.5075179],[126.9915773,37.5077649],[126.9918348,37.5081223],[126.9922264,37.50845],[126.9933692,37.5093772],[126.9934008,37.5094029],[126.9936388,37.509596],[126.9936716,37.5096226],[126.9945475,37.5103609],[126.9946151,37.5104104],[126.9946367,37.5104259],[126.9946522,37.5104378],[126.9948567,37.5105955],[126.99487,37.5106074],[126.9948889,37.5106237],[126.9955156,37.5110658],[126.9955552,37.5110938],[126.9955933,37.5111214],[126.995658,37.5111684],[126.9961622,37.5115599],[126.9966799,37.5120152],[126.9968998,37.5121811],[126.9969451,37.5122122],[126.996985,37.5122364],[126.9973223,37.5124301],[126.9978105,37.5126237],[126.9980746,37.5127205],[126.9985105,37.5128364],[126.9995995,37.5130853],[127.0000045,37.5132066],[127.0003223,37.5132949],[127.0007381,37.5134321],[127.0010439,37.5135726],[127.0013416,37.5137896],[127.0027792,37.5149767],[127.0030045,37.5151278],[127.0031762,37.515198],[127.0034015,37.5152448],[127.0036308,37.5152512],[127.0037878,37.5152682],[127.0039447,37.5153203],[127.0041847,37.5155001],[127.0045388,37.5159639],[127.0046192,37.5161277],[127.0046836,37.5163553],[127.0047587,37.5170574],[127.0047989,37.5171787],[127.0048875,37.5172893],[127.0050806,37.5174169],[127.0052817,37.5174999],[127.0054749,37.517551],[127.0056948,37.5175786],[127.0060998,37.5176105],[127.0062903,37.5176382],[127.0064056,37.5176808],[127.0064761,37.5177131],[127.0065793,37.5177842],[127.0070962,37.5181914],[127.0074187,37.5184625],[127.0074597,37.5184987],[127.0079366,37.5189182],[127.008111,37.5190753],[127.0084734,37.5194097],[127.0097937,37.5205482],[127.0098113,37.5205674],[127.0115182,37.522129],[127.0125178,37.5229903],[127.0140821,37.5243627],[127.0156453,37.525626],[127.0156685,37.5256441],[127.0172417,37.5269834],[127.0178873,37.5274799],[127.0179087,37.5274994],[127.0190741,37.528472],[127.0192772,37.5286333],[127.0194347,37.5287925],[127.0194949,37.528851],[127.0197231,37.5291016],[127.0199635,37.5293345],[127.0202289,37.5296454],[127.0205198,37.5299273],[127.0207357,37.5302103],[127.0209405,37.5305809],[127.0212815,37.5310044],[127.0219344,37.531689],[127.0221966,37.5318728],[127.0223233,37.5319197],[127.0224593,37.5318836],[127.0225829,37.5318866],[127.0231514,37.5322845],[127.0239525,37.5330192],[127.0244484,37.5333958],[127.0249717,37.5338112],[127.0257014,37.5340453],[127.0262968,37.5343006],[127.0268816,37.5345175],[127.0275199,37.5346834],[127.0282817,37.5348025],[127.0289522,37.5348323],[127.0296818,37.5348025],[127.0301968,37.5347855],[127.0309827,37.5348265],[127.0313716,37.5348451],[127.0317586,37.5347872],[127.0328221,37.5345448],[127.033973,37.5342975],[127.0341093,37.5342622],[127.0342861,37.5341937],[127.0343706,37.5341212],[127.0345267,37.5339755],[127.0346995,37.5338426],[127.0349228,37.5336554],[127.0352313,37.5334094],[127.0353413,37.5333498],[127.0355424,37.5332818],[127.0361406,37.5330978],[127.0363618,37.5330052],[127.036905,37.532834],[127.0376278,37.5326261],[127.0379215,37.5325245],[127.0385705,37.5323697],[127.0396181,37.5321282],[127.0406738,37.5318952],[127.040946,37.531799],[127.0417225,37.5316006],[127.0427498,37.5313188],[127.0427925,37.5313055],[127.042811,37.5312998],[127.0428298,37.5312939],[127.0444983,37.5307633],[127.0455017,37.5304638],[127.0460005,37.5303052],[127.0467138,37.5301295],[127.0482269,37.5297746],[127.0493334,37.5294873],[127.0504501,37.5292467],[127.0507584,37.5291885],[127.0508686,37.5292021],[127.0509375,37.5292343],[127.0509852,37.5292738],[127.0510051,37.5293274],[127.0510206,37.5293397],[127.0510594,37.5293397],[127.0511269,37.529323],[127.05155,37.5292273],[127.0518745,37.529157],[127.0520517,37.5291193],[127.0521547,37.5290947],[127.0522233,37.5290771],[127.0522444,37.5290674],[127.0522532,37.5290428],[127.0522577,37.5290103],[127.0522621,37.5289787],[127.0522776,37.5289647],[127.0523363,37.528948],[127.0523529,37.5289322],[127.0523595,37.528912],[127.0523562,37.5288839],[127.0523518,37.5288637],[127.0523564,37.5288393],[127.0524102,37.5287946],[127.052967,37.5286282],[127.0533351,37.5284956],[127.0538179,37.5282783],[127.0541263,37.5281067],[127.0544464,37.5278963],[127.0546845,37.5277209],[127.0549002,37.5275368],[127.0556351,37.52685],[127.0560788,37.5264503],[127.0567563,37.5258537],[127.0571794,37.5255147],[127.0574385,37.5253355],[127.0578394,37.525079],[127.0580976,37.524914],[127.0583478,37.5247748],[127.0588805,37.5245239],[127.0593505,37.5242838],[127.0598307,37.5240476],[127.0604035,37.5237618],[127.0609783,37.5234768],[127.0616664,37.5231375],[127.0619383,37.5229831],[127.0620632,37.5229076],[127.0621068,37.522858],[127.0623057,37.5227473],[127.0625908,37.5225924],[127.0628221,37.5224375],[127.0632699,37.5220513],[127.0634404,37.5218569],[127.0635036,37.5217462],[127.063609,37.5216392],[127.0638247,37.5215317],[127.0640069,37.5215379],[127.0643078,37.5214767],[127.0645486,37.521365],[127.0647066,37.5212843],[127.0649283,37.5211363],[127.065913,37.5205484],[127.0671425,37.5204265],[127.0681297,37.5203197],[127.0682027,37.5203189],[127.0690365,37.5201824],[127.0700947,37.5200096],[127.0710602,37.5198635],[127.0727098,37.5196614],[127.0741636,37.5194167],[127.076384,37.5190568],[127.0764385,37.5190483],[127.076521,37.5190355],[127.0774573,37.5188838],[127.078317,37.5187402],[127.0798525,37.5185679],[127.080723,37.5184845],[127.0810297,37.5184684],[127.0812799,37.5184553],[127.0816286,37.5184557],[127.0819206,37.5184507],[127.0826042,37.5184308],[127.0826398,37.5184287],[127.0830703,37.518442],[127.0838943,37.5184719],[127.0848224,37.5185404],[127.0855046,37.5186265],[127.0862378,37.5187266],[127.0872478,37.5188513],[127.0880142,37.518948],[127.0888448,37.5190604],[127.0896665,37.5192027],[127.0903,37.5193274],[127.0909092,37.5194785],[127.0916135,37.5196858],[127.0893881,37.5238232],[127.0876966,37.526885],[127.0875344,37.5268691],[127.0873924,37.5268572],[127.0872921,37.5268651],[127.0872186,37.5268691],[127.0871684,37.5268837],[127.0870849,37.5269208],[127.0870247,37.5269327],[127.0869562,37.5269195],[127.0868726,37.5269009],[127.0867841,37.5268797],[127.0867272,37.5268691],[127.0866086,37.5268532],[127.086388,37.526824],[127.0861574,37.5268015],[127.0858515,37.5267896],[127.0855139,37.5267684],[127.0850794,37.5267511],[127.0845313,37.5267299],[127.0839564,37.5267034],[127.0832812,37.5266862],[127.0826996,37.5266597],[127.0823881,37.5266477],[127.0819695,37.5266433],[127.081413,37.5266255],[127.0813886,37.5266236],[127.0810996,37.5265679],[127.0810643,37.5265652],[127.0808776,37.5265475],[127.080842,37.5265447],[127.0805813,37.5265205],[127.0805434,37.5265175],[127.0802372,37.5264911],[127.080218,37.5264896],[127.0800192,37.5264931],[127.0799955,37.5264945],[127.0798894,37.5265049],[127.0798686,37.5265054],[127.0796471,37.5265239],[127.079605,37.5265256],[127.0793752,37.526528],[127.0793558,37.5265291],[127.079198,37.5265265],[127.078946,37.5265406],[127.0787644,37.5265429],[127.0787367,37.5265433],[127.0786116,37.5265449],[127.0783801,37.5265691],[127.0783557,37.52657],[127.0782383,37.5265827],[127.0781647,37.5265882],[127.0781454,37.5265897],[127.0780512,37.5265968],[127.0777449,37.5266279],[127.0777195,37.5266293],[127.0776026,37.5266475],[127.0775739,37.5266513],[127.0774496,37.5266677],[127.0774343,37.5266697],[127.0773047,37.526685],[127.0772847,37.5266865],[127.0772239,37.5266934],[127.0770356,37.5267171],[127.0768819,37.5267402],[127.0768514,37.5267441],[127.0767476,37.5267593],[127.0766972,37.5267656],[127.076666,37.5267696],[127.0765793,37.5267803],[127.076535,37.526783],[127.0764475,37.5267953],[127.076401,37.526804],[127.0763002,37.5268225],[127.0762349,37.5268392],[127.0751878,37.5270609],[127.0742092,37.5272461],[127.0735195,37.5273756],[127.0734832,37.5273798],[127.0734534,37.5273865],[127.0734049,37.5273955],[127.072982,37.5274748],[127.072054,37.5276354],[127.0709597,37.5278556],[127.0701081,37.52803],[127.0697661,37.5281045],[127.0692618,37.5282278],[127.0688286,37.5283352],[127.0680964,37.528549],[127.0680248,37.5285694],[127.0679911,37.5285791],[127.0679612,37.5285876],[127.0679177,37.5286],[127.0678565,37.5286191],[127.0678276,37.5286281],[127.067789,37.5286401],[127.0677571,37.5286501],[127.0675707,37.528699],[127.0668622,37.5289058],[127.0665565,37.5290016],[127.0660016,37.5291641],[127.0659463,37.5291816],[127.0656583,37.5293072],[127.0655738,37.5293478],[127.0654947,37.5293765],[127.065243,37.5294697],[127.065044,37.5295339],[127.0649773,37.5295548],[127.0649562,37.5295622],[127.0645752,37.5296831],[127.0639594,37.5299211],[127.0638755,37.529958],[127.0638461,37.5299711],[127.0629992,37.5303445],[127.0624986,37.5305847],[127.0623592,37.5306527],[127.0621925,37.5307208],[127.0621575,37.530739],[127.062028,37.5308033],[127.0619327,37.5308484],[127.0617135,37.5309351],[127.0616767,37.5309441],[127.0611265,37.5312236],[127.0608202,37.5313843],[127.0607956,37.5313971],[127.06067,37.5314631],[127.0606447,37.5314764],[127.0599846,37.5318226],[127.0591374,37.532274],[127.0577055,37.5330307],[127.0573388,37.5332383],[127.0571975,37.533308],[127.0571698,37.5333216],[127.0568687,37.53347],[127.0566433,37.5335949],[127.0564551,37.5336669],[127.0554738,37.5339866],[127.0552767,37.5340393],[127.0551438,37.534092],[127.0549001,37.534178],[127.0547096,37.5342536],[127.0544948,37.534315],[127.0542888,37.534359],[127.0541271,37.5344029],[127.0539809,37.534438],[127.0538214,37.5344802],[127.0535512,37.5345697],[127.0533807,37.5346075],[127.0531935,37.5346444],[127.0529847,37.534683],[127.0529692,37.5346848],[127.0529421,37.5346782],[127.0529255,37.5346637],[127.0528917,37.5346312],[127.0528585,37.5346088],[127.0528286,37.5345886],[127.0528131,37.5345772],[127.0527666,37.5345469],[127.05274,37.5345333],[127.0527223,37.534532],[127.0526575,37.5345517],[127.0523551,37.5346347],[127.0523252,37.5346496],[127.0523164,37.5347015],[127.0523141,37.5347893],[127.0522853,37.5348894],[127.0522853,37.5349131],[127.0522709,37.534928],[127.0522023,37.5349553],[127.0521081,37.5349755],[127.051684,37.5351003],[127.0501927,37.5355193],[127.045429,37.5368167],[127.0451286,37.5369167],[127.0448658,37.536989],[127.0445707,37.5370485],[127.0433852,37.5372846],[127.0421433,37.5375973],[127.0420895,37.537579],[127.0416055,37.5377265],[127.0412046,37.537903],[127.0411774,37.5379147],[127.0410155,37.5379732],[127.0400257,37.5383332],[127.0388107,37.5387617],[127.0372416,37.5393051],[127.035867,37.5397284],[127.034542,37.5401027],[127.0334315,37.5404685],[127.0325235,37.5407005],[127.032503,37.5407057],[127.0323513,37.5407445],[127.0323077,37.5407556],[127.0321334,37.5407931],[127.032115,37.540797],[127.0313287,37.5409662],[127.0302236,37.5411235],[127.0293304,37.5411895],[127.0282066,37.5412979],[127.028098,37.5413171],[127.0279571,37.541367],[127.0251649,37.5414681],[127.0208068,37.5410935],[127.0183468,37.5395072],[127.0180383,37.5392541],[127.0175019,37.5386628],[127.0173208,37.5384134],[127.0171559,37.538163],[127.0167589,37.5375303],[127.0134276,37.5323926],[127.0132586,37.5320672],[127.0130655,37.5317099],[127.0128161,37.5313036],[127.0125318,37.5309463],[127.0122179,37.5306102],[127.0120409,37.5304655],[127.0115688,37.5301337],[127.0109305,37.5297083],[127.0102841,37.5293318],[127.0099676,37.5291574],[127.0087445,37.5285341],[127.0079184,37.5281002],[127.0071886,37.5277761],[127.0065425,37.5274456],[127.0060569,37.5271706],[127.0057699,37.5269537],[127.0041257,37.5258816],[127.0038736,37.525671],[127.0036215,37.5254178],[127.0034471,37.5252062],[127.0032299,37.5249116],[127.0030126,37.5246074],[127.0025673,37.5238437],[127.0021543,37.5231459],[127.0020041,37.5229141],[127.0017546,37.522612],[127.0013899,37.5222525],[127.0009634,37.5219164],[127.0003062,37.5215462],[126.9994828,37.5211526],[126.998595,37.5207484],[126.9976884,37.5203485],[126.9965245,37.5197697],[126.995796,37.5193989],[126.9957736,37.5193888],[126.9956432,37.5193103],[126.9951457,37.5190636],[126.9947272,37.5189232],[126.9944979,37.5188625],[126.9943142,37.5187062],[126.9942659,37.5185307],[126.9941358,37.5184051],[126.9941385,37.5178158],[126.9941372,37.5177648],[126.9940875,37.5177339],[126.9929994,37.5173365],[126.9927518,37.5172503],[126.9927446,37.5172103],[126.9927453,37.5171623],[126.9927586,37.5171098],[126.9927749,37.5170714],[126.9928172,37.5170417],[126.9928696,37.517039],[126.9940344,37.5174559],[126.9941106,37.5174538],[126.9941581,37.5174139],[126.9941622,37.5173759],[126.9941134,37.5173316],[126.9926734,37.5168189],[126.9922913,37.5166875],[126.9922343,37.5167147],[126.9922049,37.516752],[126.9922328,37.5168031],[126.9924849,37.5168989],[126.9924795,37.5169787],[126.9924621,37.5170298],[126.9923924,37.5171065],[126.9922864,37.5171045],[126.9922167,37.5171627],[126.9920129,37.5173084],[126.9919512,37.517334],[126.9919002,37.5173489],[126.9918345,37.5173457],[126.991758,37.5173095],[126.9916092,37.5171968],[126.9912189,37.5169213],[126.9904384,37.5164436],[126.9898684,37.5161671],[126.9889565,37.515749],[126.9882175,37.5154767],[126.987429,37.5152214],[126.9867463,37.5150427],[126.9852442,37.514804],[126.9846797,37.5147278],[126.9833305,37.5146023],[126.9820163,37.5145321],[126.9814369,37.5145236],[126.9797793,37.5145576],[126.9789505,37.5145895],[126.9776174,37.5147002],[126.9766706,37.5148193],[126.9761288,37.5149001],[126.9749218,37.5151363],[126.9739482,37.5153554],[126.9733337,37.5154796],[126.9727369,37.5156543],[126.9712216,37.5162209],[126.970126,37.5166383],[126.9690035,37.5170724],[126.9689535,37.5170918],[126.9687179,37.5171829],[126.9676557,37.5176425],[126.9646516,37.518887],[126.9625241,37.5197239],[126.9624867,37.519737],[126.9623128,37.5198443],[126.9619736,37.5199866],[126.9619265,37.5200055],[126.9613995,37.5202007],[126.9610508,37.5203496],[126.9600892,37.5207421],[126.9597821,37.5208708],[126.9596849,37.5209107],[126.9596419,37.520925],[126.9595876,37.5209335],[126.9595092,37.5209474],[126.9593744,37.5209846],[126.9586636,37.5212069],[126.9582278,37.5213164],[126.9576377,37.5214441],[126.9571575,37.5215313],[126.9567499,37.5215845],[126.9561987,37.5216558],[126.9558486,37.5217302],[126.9556461,37.521794],[126.9552197,37.5219642],[126.955056,37.5220482],[126.9543587,37.5224907],[126.9542058,37.5226099],[126.9540207,37.5227471],[126.9538383,37.5229321],[126.9537015,37.5231161],[126.9535755,37.523297],[126.9531289,37.5240649],[126.9528231,37.5247158],[126.9526434,37.5251562],[126.9524744,37.5256008],[126.9523671,37.5261007],[126.9522652,37.5264963],[126.9521955,37.5268473],[126.9521445,37.5275493],[126.9520748,37.5284937],[126.9520614,37.5287532],[126.9520292,37.5289191],[126.9519675,37.529034],[126.9518307,37.5291829],[126.9515732,37.5294254],[126.9513103,37.5296658],[126.9515892,37.5297508],[126.9506331,37.5306166],[126.9499558,37.5312355],[126.9492987,37.5318013],[126.9490103,37.5320608],[126.9485839,37.5324182],[126.9482553,37.5327308],[126.9479817,37.5329563],[126.9474828,37.5334136],[126.9473299,37.5335348],[126.9471931,37.5336306],[126.9470429,37.5337369],[126.9468391,37.5338433],[126.9466165,37.5339177],[126.946485,37.5339411],[126.9461659,37.5340155],[126.9458842,37.5340474],[126.9454792,37.5340496],[126.9450125,37.5340474],[126.9447711,37.5340687],[126.9445726,37.534107],[126.9438833,37.534358],[126.9432637,37.5346749],[126.9431055,37.5348089],[126.942974,37.5349493],[126.9428614,37.5351045],[126.9427085,37.5353683],[126.9425207,37.5356363],[126.9423893,37.5358447],[126.9422901,37.5359766],[126.9419521,37.536285],[126.9416168,37.5366827],[126.9414894,37.5369645],[126.9412976,37.5372814],[126.9411327,37.5375505],[126.9409181,37.5378387],[126.9406646,37.5382523],[126.9404742,37.5385256],[126.9402717,37.5387809],[126.9399606,37.5391594],[126.939691,37.5394508],[126.9393973,37.5398028],[126.9392297,37.540008],[126.93905,37.5401633],[126.9388944,37.5403037],[126.9386396,37.540477],[126.938307,37.5406418],[126.9380012,37.5408066],[126.9377786,37.5409598],[126.9375908,37.5410704],[126.9374192,37.5411895],[126.9371308,37.541349],[126.9368693,37.5414649],[126.9367513,37.5414893],[126.9364656,37.5415563],[126.9358541,37.5415861],[126.9353056,37.5415967],[126.9347598,37.541534],[126.9342408,37.5414425],[126.9338501,37.541386],[126.9336125,37.5414168],[126.9326444,37.5418082],[126.9321388,37.541985],[126.9317184,37.5420761],[126.9299667,37.5427629],[126.929764,37.5427294],[126.9297194,37.5427495],[126.9296654,37.5428373],[126.9286662,37.5432123],[126.9279463,37.5434979],[126.9273156,37.5437797],[126.9267672,37.5439843],[126.9258542,37.5441435],[126.9248785,37.5441356],[126.924492,37.544173],[126.9240613,37.5441116],[126.9230927,37.5439347],[126.9220855,37.5436603],[126.9215204,37.5434099],[126.9211695,37.5431979],[126.9210191,37.5432645],[126.9206187,37.5437268],[126.92,37.54341328306003],[126.92,37.543307050994954],[126.9203126,37.542949],[126.9201541,37.5427913]],[[126.9944755,37.5105395],[126.9944667,37.5105339],[126.9942893,37.5107109],[126.9945902,37.5109006],[126.9947676,37.5107236],[126.9947503,37.5107127],[126.9947363,37.5107039],[126.9945137,37.5105636],[126.9944938,37.510551],[126.9944755,37.5105395]],[[126.9293702,37.5399862],[126.9294242,37.5399751],[126.9305474,37.5394919],[126.9311621,37.5392992],[126.9312573,37.53928],[126.9313539,37.5392556],[126.9314504,37.5392258],[126.9315376,37.5391918],[126.9316248,37.5391546],[126.9317079,37.5391131],[126.9317938,37.5390674],[126.9324388,37.538684],[126.9324938,37.5387143],[126.9325662,37.5387281],[126.9326387,37.5387239],[126.9327218,37.5387047],[126.9333334,37.5384995],[126.9334085,37.5384633],[126.9334769,37.5384134],[126.9335144,37.5383581],[126.9335318,37.5382943],[126.9335173,37.5380822],[126.9342668,37.5373903],[126.9343499,37.5373531],[126.934429,37.5373042],[126.9345444,37.5371787],[126.9345819,37.5371117],[126.9345927,37.5370575],[126.9345913,37.5370001],[126.9345792,37.5369554],[126.9345605,37.5369171],[126.9345967,37.5367799],[126.9346459,37.5365925],[126.9348036,37.5363324],[126.9346081,37.5361334],[126.9342784,37.5359606],[126.9342066,37.5358809],[126.9341756,37.5358388],[126.9341434,37.5357994],[126.9340978,37.5357696],[126.9340415,37.5357484],[126.9339757,37.5357409],[126.9339127,37.5357462],[126.9337907,37.5357665],[126.9335788,37.5358292],[126.9333562,37.5359047],[126.9328841,37.5360089],[126.9328063,37.5360196],[126.9327178,37.5360174],[126.9326333,37.5360055],[126.9325897,37.5360065],[126.9325448,37.5360172],[126.9325079,37.5360321],[126.9323269,37.5361304],[126.9322102,37.5361676],[126.9321699,37.5361698],[126.932129,37.536165],[126.9320922,37.5361543],[126.932056,37.5361506],[126.9320197,37.5361543],[126.9319842,37.5361623],[126.9319487,37.5361751],[126.9317146,37.5362899],[126.9316784,37.5363101],[126.9316516,37.5363319],[126.9315443,37.5364431],[126.9315195,37.5364628],[126.9314913,37.5364803],[126.9311956,37.5366247],[126.9311474,37.5366406],[126.9310977,37.5366523],[126.930749,37.5367153],[126.9307308,37.5367151],[126.9307135,37.5367164],[126.9306966,37.536719],[126.930682,37.5367239],[126.9306696,37.5367325],[126.9306605,37.5367424],[126.9306545,37.5367543],[126.930651,37.536766],[126.9306456,37.5367763],[126.9306381,37.5367856],[126.930627,37.5367937],[126.9306143,37.5368001],[126.9303665,37.5368819],[126.9302612,37.5368904],[126.9293836,37.5371774],[126.9293684,37.5371812],[126.9293535,37.5371836],[126.9293394,37.5371841],[126.9293236,37.5371833],[126.9293084,37.5371839],[126.9292926,37.5371869],[126.9292782,37.5371919],[126.9289697,37.5373355],[126.9288383,37.5374473],[126.9288321,37.5374581],[126.9288289,37.5374694],[126.9288289,37.5374807],[126.9288308,37.5374917],[126.9288346,37.5375032],[126.9288402,37.5375129],[126.9288557,37.5375276],[126.9288621,37.5376847],[126.9286407,37.5378446],[126.9284469,37.5381018],[126.9283579,37.5381315],[126.9282729,37.5380547],[126.9281916,37.5380936],[126.9281607,37.5381276],[126.9281185,37.5381789],[126.9281399,37.5382036],[126.9281554,37.5382329],[126.9281621,37.5382658],[126.92816,37.5382961],[126.9281165,37.53842],[126.9280903,37.5384721],[126.9280595,37.5385243],[126.9280199,37.5385758],[126.9279797,37.5386174],[126.9279596,37.5386249],[126.9279425,37.5386326],[126.9279284,37.5386416],[126.9279186,37.5386517],[126.9279153,37.5386637],[126.927918,37.538677],[126.9279227,37.5386884],[126.9279294,37.5387002],[126.9279675,37.5387973],[126.9280029,37.5388289],[126.9280285,37.5388377],[126.9280572,37.5388405],[126.9281036,37.5388222],[126.9283178,37.5387632],[126.9284752,37.5387894],[126.928503,37.5387915],[126.9285349,37.5387886],[126.9286759,37.5387539],[126.9286985,37.5387473],[126.9287201,37.5387392],[126.9287391,37.5387263],[126.928755,37.5387113],[126.928785,37.5386784],[126.9289379,37.5386486],[126.9291927,37.5387709],[126.9292118,37.5387984],[126.9292286,37.5388319],[126.9292514,37.538859],[126.9292846,37.5388834],[126.9293164,37.5389],[126.929354,37.5389101],[126.9293935,37.5389122],[126.9294341,37.5389068],[126.9294673,37.5388931],[126.9294968,37.5388718],[126.9295136,37.5388479],[126.9295229,37.5388192],[126.9295176,37.5387846],[126.9295048,37.5387559],[126.9294894,37.538732],[126.9294666,37.5387107],[126.9294391,37.5386937],[126.9288725,37.5383781],[126.9288626,37.5383709],[126.9288547,37.5383625],[126.928849,37.5383534],[126.9288452,37.5383431],[126.9288443,37.5383334],[126.9288484,37.5383234],[126.9288583,37.5383158],[126.9288832,37.5383021],[126.9292696,37.5380732],[126.9299093,37.5379822],[126.9299482,37.5379809],[126.9299885,37.5379822],[126.930028,37.5379884],[126.9300649,37.5379982],[126.9300944,37.5380139],[126.9301159,37.5380343],[126.9301279,37.5380649],[126.9301333,37.538095],[126.9301615,37.5385469],[126.9301682,37.5385815],[126.9301823,37.5386134],[126.9301997,37.5386432],[126.9302218,37.5386697],[126.930307,37.5387431],[126.9303251,37.5387654],[126.9303365,37.5387936],[126.9303365,37.5388229],[126.9303258,37.53885],[126.9303063,37.5388702],[126.9301883,37.5389396],[126.9294775,37.5390395],[126.9293756,37.5390449],[126.9292804,37.5390385],[126.9283854,37.5388624],[126.9283238,37.5388551],[126.9282613,37.5388608],[126.928203,37.5388751],[126.9280943,37.5389172],[126.9280414,37.5389464],[126.9280011,37.5389794],[126.927983,37.5390129],[126.9279797,37.5390474],[126.9279803,37.5390873],[126.9279877,37.539125],[126.9280058,37.5391676],[126.9280313,37.5392027],[126.9280648,37.5392319],[126.9281046,37.5392568],[126.9281609,37.5393408],[126.9284613,37.5395205],[126.9287684,37.5396715],[126.9290152,37.5399395],[126.9290537,37.5399676],[126.9290973,37.5399831],[126.9291516,37.5399926],[126.9292053,37.5399966],[126.9292582,37.5399974],[126.9293166,37.5399937],[126.9293702,37.5399862]],[[126.9283017,37.5406126],[126.9286759,37.5402197],[126.928751,37.5399815],[126.9286692,37.5398549],[126.9286209,37.5398305],[126.9285646,37.5398177],[126.9282641,37.5396199],[126.9282065,37.5396104],[126.9281622,37.5395859],[126.9278806,37.5392818],[126.927886,37.5392541],[126.9278109,37.5391627],[126.9277827,37.5391021],[126.927772,37.5390393],[126.9279046,37.5388024],[126.9278754,37.5386675],[126.927837,37.5385229],[126.9275864,37.5384906],[126.9274272,37.5385279],[126.9271947,37.5385354],[126.9269786,37.5385632],[126.9267638,37.5385941],[126.9265327,37.5386592],[126.9263095,37.538699],[126.9256872,37.5389074],[126.9240296,37.5394476],[126.922868,37.5398389],[126.9226466,37.5399079],[126.9225114,37.5399541],[126.9224124,37.5399942],[126.9223224,37.5400155],[126.9222566,37.540041],[126.9221091,37.5400825],[126.9217846,37.5401601],[126.921735,37.5401941],[126.9217309,37.5402803],[126.9217551,37.5403239],[126.9217859,37.5403632],[126.9218288,37.5403887],[126.9220813,37.5406293],[126.9225329,37.5408045],[126.923418,37.5411618],[126.9240402,37.5412596],[126.9242972,37.5412693],[126.9245332,37.5412969],[126.9247759,37.5413118],[126.92502,37.5413139],[126.9252359,37.5413012],[126.9254747,37.5412703],[126.925708,37.5412427],[126.9259481,37.5412288],[126.9267648,37.541332],[126.9268493,37.5413844],[126.9269056,37.5413934],[126.9269606,37.5413876],[126.9270102,37.5413737],[126.9270551,37.5413498],[126.927094,37.5413168],[126.9271188,37.5412791],[126.9271309,37.5412355],[126.9271363,37.5411935],[126.927778,37.5409138],[126.9281542,37.5408221],[126.9282346,37.5407881],[126.9282937,37.5407328],[126.9283084,37.5406764],[126.9283017,37.5406126]],[[126.9625193,37.5163745],[126.9624844,37.5162979],[126.9624375,37.5162351],[126.9623141,37.5161447],[126.9622162,37.5160905],[126.9620834,37.5160628],[126.9614169,37.516049],[126.9607933,37.516032],[126.9606632,37.5160447],[126.9604594,37.5160766],[126.9598585,37.5162362],[126.9583817,37.5166028],[126.955343,37.5178786],[126.9552177,37.5179499],[126.9551107,37.51802],[126.9549938,37.51813],[126.9549371,37.5182148],[126.9548995,37.5183084],[126.954869,37.5184179],[126.9548512,37.5185254],[126.9548503,37.5185988],[126.9548597,37.5186669],[126.9548972,37.5187658],[126.9549468,37.5188594],[126.9550166,37.5189296],[126.9550957,37.5189838],[126.9552863,37.5190833],[126.9554232,37.5191313],[126.9555513,37.519153],[126.9557095,37.5191678],[126.9558598,37.5191636],[126.9573709,37.5188938],[126.9594927,37.5182191],[126.9604766,37.5178153],[126.9615859,37.5173042],[126.9619802,37.5170978],[126.9621599,37.5169787],[126.9623584,37.5167979],[126.9624695,37.5166706],[126.9625331,37.5165617],[126.9625421,37.5164766],[126.9625193,37.5163745]],[[126.9953093,37.5117763],[126.9952778,37.5116939],[126.9952544,37.5116524],[126.9952208,37.5116045],[126.9951865,37.5115679],[126.9950505,37.5114226],[126.9948332,37.5113131],[126.9947246,37.5112833],[126.9946052,37.5112822],[126.9945462,37.511312],[126.9944818,37.5113641],[126.994451,37.5114439],[126.9944577,37.5115322],[126.9944812,37.5116322],[126.9944912,37.5116785],[126.9945482,37.5117625],[126.994577,37.5118035],[126.9946374,37.5118801],[126.994734,37.5119673],[126.9948345,37.5120301],[126.9949217,37.5120793],[126.9949619,37.5121035],[126.994991,37.5121053],[126.9950826,37.5121109],[126.9951577,37.5121045],[126.9952693,37.512042],[126.9953066,37.511996],[126.9953186,37.511958],[126.9953321,37.5119154],[126.9953187,37.5118365],[126.9953093,37.5117763]],[[126.994876,37.512406],[126.9948395,37.5123929],[126.9948011,37.51239],[126.9947209,37.512384],[126.9945918,37.5123988],[126.9945396,37.5124196],[126.99451,37.5124577],[126.99451,37.5125024],[126.9945489,37.5125769],[126.9946039,37.5126279],[126.9947196,37.5126779],[126.9948169,37.512695],[126.99496,37.5126799],[126.9950633,37.5126365],[126.9950909,37.5125965],[126.9950937,37.5125802],[126.995092,37.5125577],[126.9950433,37.5124943],[126.9949677,37.5124387],[126.994876,37.512406]],[[126.9955134,37.5123675],[126.9955241,37.5123982],[126.9955376,37.5124264],[126.9955544,37.5124551],[126.9955731,37.5124823],[126.9955817,37.5124939],[126.9955933,37.5125094],[126.9956085,37.5125272],[126.9956271,37.5125513],[126.995641,37.5125599],[126.9956933,37.5125974],[126.9957492,37.5126331],[126.9958076,37.5126645],[126.995918,37.5127169],[126.995946,37.512728],[126.9959748,37.5127376],[126.996009,37.5127456],[126.9960446,37.5127521],[126.9960767,37.5127573],[126.9961103,37.512761],[126.9961478,37.512761],[126.9961854,37.512759],[126.9962216,37.5127541],[126.9962581,37.5127446],[126.9962926,37.512728],[126.9963235,37.5127053],[126.996346,37.5126796],[126.9963638,37.5126501],[126.9963681,37.5126184],[126.9963658,37.5125865],[126.9963574,37.5125541],[126.9963463,37.5125235],[126.9963322,37.512495],[126.9963142,37.512467],[126.996292,37.5124402],[126.9962702,37.5124167],[126.9962481,37.512388],[126.9962269,37.5123714],[126.996203,37.5123537],[126.9961654,37.5123273],[126.9960996,37.5122925],[126.9959638,37.5122249],[126.9959265,37.5122115],[126.9958898,37.5121998],[126.9958487,37.5121908],[126.9958105,37.5121833],[126.995773,37.5121791],[126.9957369,37.5121774],[126.9956992,37.5121786],[126.9956662,37.5121798],[126.9956241,37.5121934],[126.9955901,37.5122062],[126.9955597,37.512227],[126.995535,37.5122489],[126.9955188,37.512278],[126.9955107,37.5123061],[126.9955088,37.5123381],[126.9955134,37.5123675]],[[126.9868331,37.5072827],[126.9870939,37.5074101],[126.9881965,37.5077314],[126.9892743,37.5081035],[126.991577,37.5090439],[126.9924112,37.5094365],[126.9925662,37.5094974],[126.9926616,37.5095175],[126.9927297,37.5095109],[126.9927847,37.5094929],[126.9928075,37.5094716],[126.992845,37.5093913],[126.9928423,37.5093583],[126.9928309,37.5093274],[126.9927941,37.5092857],[126.9927273,37.5092223],[126.9922703,37.5088652],[126.9919339,37.5086165],[126.9918264,37.5085567],[126.9917151,37.5085194],[126.9915059,37.508478],[126.991404,37.5084343],[126.9912337,37.5083067],[126.9911237,37.5082067],[126.9910352,37.5081152],[126.9908743,37.5079801],[126.9907871,37.5079375],[126.9906288,37.5078992],[126.9904733,37.507879],[126.9902734,37.5078588],[126.9901501,37.5078333],[126.9900589,37.5077811],[126.9899918,37.5077088],[126.9899349,37.5076101],[126.9898308,37.5074001],[126.9896592,37.5072279],[126.9895452,37.507162],[126.989281,37.507063],[126.9892046,37.5070566],[126.9889017,37.5070603],[126.9887526,37.5070822],[126.9886816,37.5071077],[126.9886333,37.5071418],[126.9884361,37.5073088],[126.988349,37.5073598],[126.9882502,37.5073985],[126.9881928,37.5074014],[126.988138,37.5073894],[126.9880828,37.507363],[126.9880398,37.5072997],[126.9880271,37.507246],[126.9880237,37.5072093],[126.9880284,37.5071407],[126.9880325,37.5070566],[126.9880097,37.507013],[126.9879688,37.5069694],[126.9879135,37.5069235],[126.9878323,37.506881],[126.9877226,37.506845],[126.987601,37.5068464],[126.9874876,37.5068607],[126.9868932,37.5069825],[126.9868362,37.5070028],[126.9867819,37.507036],[126.9867537,37.5070874],[126.986745,37.507118],[126.986747,37.5071508],[126.9867578,37.507188],[126.9867766,37.507221],[126.9868331,37.5072827]]]}},{"type":"Feature","id":"relation/2073960","properties":{"osmType":"relation","osmId":2073960,"osmVersion":6,"osmTimestamp":"2019-04-16T14:14:28Z","sourceUrl":"https://www.openstreetmap.org/relation/2073960","name":"현충지","waterType":"pond","sourceTags":{"name":"현충지","name:en":"Hyunchungji Pond","name:ko":"현충지","natural":"water","water":"pond"},"sourceSurveyed":false},"geometry":{"type":"Polygon","coordinates":[[[126.9768265,37.5021981],[126.9767476,37.5021735],[126.9766658,37.5021123],[126.9765674,37.5019817],[126.9764395,37.501798],[126.9763872,37.5017108],[126.9763307,37.5016187],[126.9763464,37.5015583],[126.9764801,37.5015045],[126.9765432,37.5015095],[126.9766515,37.5015815],[126.9767623,37.5016688],[126.9768261,37.501712],[126.9769147,37.5017524],[126.9770403,37.5018024],[126.9771561,37.5018675],[126.977211,37.5019548],[126.9771646,37.5020353],[126.9768265,37.5021981]],[[126.9769809,37.5018226],[126.9769734,37.5018099],[126.9769611,37.5017998],[126.9769453,37.5017934],[126.9769277,37.5017915],[126.9769104,37.5017942],[126.9768951,37.5018013],[126.9768836,37.5018118],[126.976877,37.5018247],[126.9768761,37.5018386],[126.9768808,37.501852],[126.9768908,37.5018634],[126.9769049,37.5018717],[126.9769216,37.5018759],[126.9769391,37.5018757],[126.9769556,37.5018709],[126.9769692,37.5018622],[126.9769787,37.5018503],[126.9769827,37.5018366],[126.9769809,37.5018226]]]}},{"type":"Feature","id":"relation/3769500","properties":{"osmType":"relation","osmId":3769500,"osmVersion":28,"osmTimestamp":"2024-12-23T04:54:30Z","sourceUrl":"https://www.openstreetmap.org/relation/3769500","name":"한강","waterType":"river","sourceTags":{"name":"한강","name:en":"Han River","name:ko":"한강","natural":"water","water":"river"},"sourceSurveyed":false},"geometry":{"type":"Polygon","coordinates":[[[127.1099308,37.5351258],[127.11,37.53522117794261],[127.11,37.546862940810335],[127.1098584,37.5463446],[127.1098128,37.546217],[127.1097216,37.5460957],[127.1092334,37.545579],[127.1088204,37.5451186],[127.1087453,37.5450367],[127.1087212,37.5449793],[127.1087238,37.5449219],[127.1087158,37.544722],[127.108646,37.5446007],[127.1083671,37.5443391],[127.1082812,37.5442371],[127.1080345,37.5439032],[127.107895,37.5436416],[127.1077314,37.5434438],[127.1075839,37.5432588],[127.1060738,37.5420891],[127.1058217,37.5418339],[127.1056205,37.5415957],[127.1054944,37.5414681],[127.1053442,37.5413532],[127.1049902,37.5411363],[127.1047863,37.5409895],[127.1044671,37.5407322],[127.1040568,37.5403813],[127.1025333,37.5391201],[127.1019459,37.5386118],[127.1009293,37.5377313],[127.0992208,37.5363849],[127.0979601,37.5353172],[127.0966351,37.5341134],[127.0953396,37.5329988],[127.0946905,37.5324118],[127.0942745,37.5319346],[127.0936795,37.531484],[127.0929776,37.530877],[127.0920985,37.530217],[127.0919448,37.5300871],[127.0918579,37.5300009],[127.0918312,37.5299506],[127.0918111,37.5298883],[127.091756,37.5298459],[127.0917108,37.52983],[127.0916707,37.5298021],[127.0916507,37.5297849],[127.0916356,37.5297306],[127.0916172,37.5297094],[127.091512,37.5296312],[127.0911827,37.5294059],[127.0907632,37.529154],[127.0905727,37.5289884],[127.0904842,37.5288757],[127.0903789,37.5287352],[127.0902803,37.5285669],[127.0902268,37.5285218],[127.0898474,37.5282939],[127.0898157,37.5282634],[127.0896886,37.5280964],[127.0896185,37.5280434],[127.0894413,37.527936],[127.0893711,37.5278751],[127.0889533,37.5274456],[127.0888062,37.5273489],[127.0882598,37.5270878],[127.0880124,37.5269579],[127.0876966,37.526885],[127.0893881,37.5238232],[127.0916135,37.5196858],[127.0924361,37.5199847],[127.0927938,37.5201358],[127.0928423,37.5201559],[127.0934957,37.5204274],[127.0939102,37.5206315],[127.0940305,37.5206899],[127.0946254,37.5211008],[127.0956315,37.5216098],[127.0961162,37.5218775],[127.0979574,37.5228928],[127.0981881,37.5230162],[127.0984054,37.5231204],[127.0986977,37.5232459],[127.0992181,37.5234267],[127.0994863,37.5235054],[127.0996875,37.5235608],[127.0998538,37.523599],[127.0999879,37.5236246],[127.1001273,37.5238671],[127.1002896,37.5241617],[127.1004224,37.5242393],[127.1004908,37.5242808],[127.1006115,37.5243446],[127.1009776,37.524484],[127.1011975,37.5245691],[127.1013612,37.5246244],[127.1016481,37.5247775],[127.1018225,37.5249371],[127.1028739,37.5259241],[127.1033648,37.5264027],[127.1046522,37.5276195],[127.105532,37.5284427],[127.1066692,37.5296232],[127.1069403,37.5299042],[127.1073854,37.5303656],[127.1075249,37.5305676],[127.1075758,37.5306665],[127.1076107,37.5308006],[127.1076268,37.5309378],[127.1076523,37.531026],[127.1076992,37.5311079],[127.1081632,37.5318035],[127.1083537,37.5321459],[127.108453,37.532342],[127.1092656,37.5339475],[127.109727,37.5348174],[127.1099308,37.5351258]]]}},{"type":"Feature","id":"relation/4005465","properties":{"osmType":"relation","osmId":4005465,"osmVersion":6,"osmTimestamp":"2022-07-23T17:47:07Z","sourceUrl":"https://www.openstreetmap.org/relation/4005465","name":"경회지","waterType":"pond","sourceTags":{"name":"경회지","name:en":"Gyeonghoeji Pond","name:ko":"경회지","natural":"water","water":"pond"},"sourceSurveyed":false},"geometry":{"type":"Polygon","coordinates":[[[126.9763012,37.5798951],[126.9763149,37.5802149],[126.9753369,37.5802413],[126.975308,37.5802425],[126.9748919,37.5802678],[126.9748757,37.5798818],[126.9748495,37.5792573],[126.9762721,37.5792126],[126.9763012,37.5798951]],[[126.97527,37.5795524],[126.9752751,37.5796737],[126.9753532,37.5796716],[126.9753481,37.5795503],[126.97527,37.5795524]],[[126.9752796,37.5797776],[126.9752853,37.5799125],[126.9753634,37.5799104],[126.9753577,37.5797755],[126.9752796,37.5797776]],[[126.9761968,37.5799204],[126.9761758,37.5795015],[126.9757338,37.5795154],[126.9757412,37.5796555],[126.97575,37.5796554],[126.975763,37.5799333],[126.9761968,37.5799204]]]}},{"type":"Feature","id":"relation/5497986","properties":{"osmType":"relation","osmId":5497986,"osmVersion":5,"osmTimestamp":"2023-01-20T14:02:29Z","sourceUrl":"https://www.openstreetmap.org/relation/5497986","name":"청학지","waterType":"pond","sourceTags":{"name":"청학지","name:en":"Cheonghakji Pond","name:ko":"청학지","natural":"water","water":"pond"},"sourceSurveyed":false},"geometry":{"type":"Polygon","coordinates":[[[126.9936568,37.5593768],[126.993612,37.5593443],[126.9935541,37.5593191],[126.9934618,37.5593074],[126.9933675,37.5593092],[126.9933299,37.5593082],[126.9932665,37.5593],[126.993216,37.5592826],[126.9931695,37.5592467],[126.9931216,37.5592046],[126.9930814,37.5591543],[126.9930556,37.5591153],[126.9930668,37.5590813],[126.9930983,37.5591174],[126.9931449,37.5591789],[126.9931785,37.5592159],[126.9932355,37.55926],[126.9933028,37.5592733],[126.9934645,37.5592798],[126.9935317,37.5592806],[126.9936027,37.5593058],[126.9937016,37.5593457],[126.9937762,37.5593605],[126.9940203,37.5593679],[126.994017,37.5594345],[126.9940114,37.5595366],[126.9940133,37.5595973],[126.9940301,37.5596372],[126.9940039,37.5596742],[126.9939386,37.5596801],[126.9938397,37.5596594],[126.99378,37.5596402],[126.993737,37.5596106],[126.9937277,37.5595469],[126.9937109,37.5594478],[126.9936568,37.5593768]],[[126.9938512,37.559478],[126.9938353,37.559486],[126.9938239,37.559499],[126.9938198,37.5595145],[126.9938238,37.55953],[126.9938351,37.5595431],[126.9938521,37.5595515],[126.9938712,37.559554],[126.99389,37.5595505],[126.9939058,37.5595416],[126.993916,37.5595285],[126.9939192,37.5595134],[126.9939148,37.5594984],[126.993904,37.5594862],[126.9938882,37.5594781],[126.9938697,37.5594752],[126.9938512,37.559478]]]}},{"type":"Feature","id":"relation/5621288","properties":{"osmType":"relation","osmId":5621288,"osmVersion":1,"osmTimestamp":"2015-10-28T12:38:42Z","sourceUrl":"https://www.openstreetmap.org/relation/5621288","name":null,"waterType":"pond","sourceTags":{"natural":"water","water":"pond"},"sourceSurveyed":false},"geometry":{"type":"Polygon","coordinates":[[[126.9765073,37.5658962],[126.9764567,37.5659034],[126.976426,37.5658848],[126.9763844,37.5658461],[126.9763573,37.5658017],[126.9763429,37.565743],[126.9763375,37.56571],[126.9763555,37.5656699],[126.9763826,37.5656456],[126.9764188,37.5656212],[126.976473,37.5655997],[126.9765236,37.5655797],[126.9765796,37.5655596],[126.9766338,37.5655553],[126.9766699,37.5655553],[126.9767061,37.565594],[126.9767187,37.5656527],[126.9767259,37.5656814],[126.9767223,37.5657086],[126.9766916,37.5657501],[126.9766591,37.5657845],[126.9766085,37.5658332],[126.9765778,37.5658618],[126.976538,37.5658819],[126.9765073,37.5658962]],[[126.9764959,37.5657687],[126.9765131,37.5657773],[126.9765257,37.5657838],[126.9765465,37.5657816],[126.9765655,37.5657766],[126.9765736,37.5657566],[126.9765664,37.5657308],[126.9765591,37.5657129],[126.9765646,37.5656971],[126.9765655,37.5656785],[126.9765537,37.5656692],[126.9765402,37.5656728],[126.9765158,37.565685],[126.9764995,37.5656993],[126.9764887,37.5657179],[126.9764869,37.5657408],[126.9764959,37.5657687]]]}},{"type":"Feature","id":"relation/5672591","properties":{"osmType":"relation","osmId":5672591,"osmVersion":4,"osmTimestamp":"2019-08-02T06:28:31Z","sourceUrl":"https://www.openstreetmap.org/relation/5672591","name":"춘당지","waterType":"pond","sourceTags":{"name":"춘당지","name:en":"Chundangji Pond","name:ko":"춘당지","natural":"water","water":"pond"},"sourceSurveyed":false},"geometry":{"type":"Polygon","coordinates":[[[126.9947649,37.5814101],[126.9948637,37.5813137],[126.994976,37.5813258],[126.9951163,37.5813655],[126.9953422,37.5814978],[126.9954864,37.5816085],[126.9953926,37.5816988],[126.9952559,37.5818148],[126.9952517,37.5818719],[126.9952234,37.5819291],[126.9951541,37.5819629],[126.9950917,37.5820545],[126.99507,37.5821781],[126.9949394,37.5822629],[126.9947633,37.5822554],[126.9945977,37.5822086],[126.9945317,37.5823434],[126.9943162,37.5824763],[126.9941748,37.5825516],[126.9940863,37.5825452],[126.994046,37.5825303],[126.9940103,37.5824987],[126.9939397,37.5824465],[126.9939441,37.5823985],[126.9940085,37.5822816],[126.9941342,37.582242],[126.9943099,37.5822813],[126.9943993,37.5822819],[126.9945368,37.5821952],[126.9945003,37.581871],[126.9945083,37.5817866],[126.9945657,37.581695],[126.9946764,37.5815717],[126.9947649,37.5814101]],[[126.9947651,37.5819087],[126.9947854,37.5819424],[126.9948186,37.581976],[126.9948684,37.5819862],[126.9948998,37.5819745],[126.9949802,37.5819323],[126.9950247,37.5818506],[126.9949873,37.5817715],[126.9949274,37.5817494],[126.994874,37.5817348],[126.9948223,37.5817509],[126.9947744,37.5817889],[126.994767,37.5818386],[126.9947762,37.5818737],[126.9947651,37.5819087]]]}},{"type":"Feature","id":"relation/5685380","properties":{"osmType":"relation","osmId":5685380,"osmVersion":2,"osmTimestamp":"2019-03-30T15:58:36Z","sourceUrl":"https://www.openstreetmap.org/relation/5685380","name":"거울못","waterType":"pond","sourceTags":{"name":"거울못","name:en":"Mirror Pond","name:ko":"거울못","natural":"water","water":"pond"},"sourceSurveyed":false},"geometry":{"type":"Polygon","coordinates":[[[126.9797813,37.5222103],[126.9799563,37.5222166],[126.9800634,37.5222265],[126.9801329,37.5222607],[126.9802508,37.5223542],[126.9802956,37.5224058],[126.9802995,37.5224626],[126.9802874,37.5225154],[126.9802592,37.5225775],[126.9802083,37.5226435],[126.9801687,37.5228099],[126.9800784,37.5227791],[126.9799459,37.5229077],[126.9799266,37.5228995],[126.9798601,37.5229305],[126.9797696,37.5229537],[126.9795769,37.5229781],[126.9794505,37.522984],[126.9793236,37.5229802],[126.9792112,37.5229674],[126.9791301,37.5229494],[126.9790167,37.5229066],[126.9789335,37.5228555],[126.9788849,37.5228008],[126.9788677,37.5227648],[126.9788506,37.522708],[126.9788576,37.5226382],[126.9789043,37.5225541],[126.979,37.5224607],[126.9790939,37.5223986],[126.9792105,37.5223437],[126.9793926,37.5222811],[126.9796125,37.5222193],[126.9797135,37.5222079],[126.9797813,37.5222103]],[[126.9795164,37.5223716],[126.9794997,37.5223848],[126.9794838,37.5224049],[126.9794772,37.5224281],[126.9794809,37.5224517],[126.9794944,37.5224729],[126.979516,37.5224893],[126.9795434,37.522499],[126.9795732,37.5225009],[126.9796021,37.5224946],[126.9796267,37.5224811],[126.9797097,37.522436],[126.9797752,37.5224017],[126.9798258,37.5223812],[126.9798691,37.5223835],[126.9799382,37.5223779],[126.9799752,37.522374],[126.9800294,37.5223545],[126.980037,37.5223284],[126.9800387,37.5222995],[126.9800229,37.5222765],[126.9800105,37.5222684],[126.9799563,37.5222607],[126.9798791,37.5222545],[126.9797878,37.5222476],[126.9797588,37.5222473],[126.9796988,37.5222464],[126.9796483,37.5222491],[126.979627,37.522267],[126.9796002,37.522312],[126.9795832,37.5223426],[126.9795164,37.5223716]]]}},{"type":"Feature","id":"relation/5688759","properties":{"osmType":"relation","osmId":5688759,"osmVersion":1,"osmTimestamp":"2015-11-24T11:23:41Z","sourceUrl":"https://www.openstreetmap.org/relation/5688759","name":null,"waterType":"pond","sourceTags":{"natural":"water","water":"pond"},"sourceSurveyed":false},"geometry":{"type":"Polygon","coordinates":[[[126.9943025,37.5723867],[126.994071,37.5722937],[126.9941514,37.5721681],[126.9943828,37.5722611],[126.9943025,37.5723867]],[[126.99419,37.5722967],[126.9942085,37.5723142],[126.994236,37.572321],[126.9942638,37.5723148],[126.994283,37.5722978],[126.9942875,37.5722753],[126.9942759,37.5722544],[126.9942519,37.5722417],[126.9942231,37.5722414],[126.9941986,37.5722535],[126.9941863,37.5722741],[126.99419,37.5722967]]]}},{"type":"Feature","id":"relation/5688760","properties":{"osmType":"relation","osmId":5688760,"osmVersion":1,"osmTimestamp":"2015-11-24T11:23:41Z","sourceUrl":"https://www.openstreetmap.org/relation/5688760","name":null,"waterType":"pond","sourceTags":{"natural":"water","water":"pond"},"sourceSurveyed":false},"geometry":{"type":"Polygon","coordinates":[[[126.9946165,37.5729084],[126.9943642,37.5728466],[126.9944238,37.5726936],[126.9946761,37.5727553],[126.9946165,37.5729084]],[[126.9944828,37.5728406],[126.994513,37.5728499],[126.9945447,37.5728448],[126.994568,37.5728269],[126.9945753,37.5728019],[126.9945644,37.5727777],[126.9945387,37.572762],[126.9945065,37.5727598],[126.9944778,37.5727718],[126.9944619,37.5727942],[126.9944637,37.5728198],[126.9944828,37.5728406]]]}},{"type":"Feature","id":"relation/6168459","properties":{"osmType":"relation","osmId":6168459,"osmVersion":1,"osmTimestamp":"2016-04-25T08:48:49Z","sourceUrl":"https://www.openstreetmap.org/relation/6168459","name":null,"waterType":"pond","sourceTags":{"natural":"water","water":"pond"},"sourceSurveyed":false},"geometry":{"type":"Polygon","coordinates":[[[126.9983455,37.5025412],[126.9981765,37.5024944],[126.9982141,37.5024221],[126.9982892,37.5023774],[126.9984394,37.5023966],[126.9985842,37.5024349],[126.9986593,37.502454],[126.9987076,37.5024242],[126.9987103,37.5023774],[126.9986727,37.502354],[126.9986835,37.5023221],[126.99878,37.5022178],[126.9988068,37.5021646],[126.9987773,37.5020923],[126.99878,37.5020518],[126.9988256,37.5020391],[126.9988605,37.5020561],[126.9988551,37.5020986],[126.9988739,37.5021497],[126.9988793,37.5022604],[126.9988578,37.5023029],[126.9988176,37.5023646],[126.9988229,37.5023966],[126.9987988,37.5024476],[126.9987398,37.5025732],[126.9987183,37.5026093],[126.9986405,37.5026285],[126.9985815,37.5026285],[126.9983857,37.5025838],[126.9983455,37.5025412]],[[126.9983965,37.5025008],[126.9983938,37.5025285],[126.9984206,37.5025498],[126.998493,37.5025604],[126.9985252,37.5025561],[126.9985386,37.5025349],[126.9985279,37.5025051],[126.9984957,37.5024859],[126.9984474,37.5024795],[126.9984179,37.5024817],[126.9983965,37.5025008]]]}},{"type":"Feature","id":"relation/7885627","properties":{"osmType":"relation","osmId":7885627,"osmVersion":4,"osmTimestamp":"2025-03-23T01:29:08Z","sourceUrl":"https://www.openstreetmap.org/relation/7885627","name":"일감호","waterType":"lake","sourceTags":{"name":"일감호","name:en":"Lake Ilgam","name:ko":"일감호","natural":"water","water":"lake","intermittent":"no","tidal":"no","salt":"no"},"sourceSurveyed":false},"geometry":{"type":"Polygon","coordinates":[[[127.0749011,37.5401492],[127.0747808,37.5399023],[127.074802,37.539717],[127.074887,37.5396216],[127.0750356,37.5395262],[127.0753188,37.5394364],[127.0759487,37.5393522],[127.0765929,37.5393073],[127.0767203,37.5393241],[127.0767698,37.5393522],[127.0769963,37.5401548],[127.0776001,37.540913],[127.0774345,37.5410709],[127.0772722,37.5411794],[127.0771818,37.541183],[127.0771317,37.5412407],[127.0771519,37.5413443],[127.0772085,37.5414686],[127.0772872,37.5415593],[127.0773618,37.5417953],[127.0772866,37.5418161],[127.0773998,37.5420968],[127.0773644,37.5421641],[127.076968,37.5422988],[127.0765716,37.5423213],[127.0764159,37.5422708],[127.0763027,37.5422315],[127.0762319,37.5421473],[127.0761682,37.5420575],[127.0760903,37.5419508],[127.0757222,37.5410697],[127.0756373,37.5409238],[127.0756161,37.5408564],[127.0755523,37.540789],[127.0755523,37.5407273],[127.0754249,37.5406543],[127.0752621,37.5405084],[127.0750781,37.5403681],[127.0749011,37.5401492]],[[127.0763593,37.5399752],[127.0763593,37.5400762],[127.0763664,37.5401324],[127.0764371,37.540166],[127.076515,37.5401436],[127.0766212,37.5401155],[127.0766637,37.5401604],[127.0767344,37.5401436],[127.0767486,37.5400875],[127.0767344,37.5400426],[127.076692,37.5400033],[127.0766141,37.5399528],[127.076515,37.5399191],[127.0764018,37.5399359],[127.0763593,37.5399752]]]}},{"type":"Feature","id":"relation/9035438","properties":{"osmType":"relation","osmId":9035438,"osmVersion":19,"osmTimestamp":"2026-02-02T23:06:34Z","sourceUrl":"https://www.openstreetmap.org/relation/9035438","name":"탄천","waterType":"river","sourceTags":{"name":"탄천","name:en":"Tancheon Stream","name:ko":"탄천","natural":"water","water":"river"},"sourceSurveyed":false},"geometry":{"type":"Polygon","coordinates":[[[127.0828995,37.5000209],[127.08291224310345,37.5],[127.08309882603878,37.5],[127.0830557,37.5000582],[127.0830537,37.5000648],[127.0830608,37.5000696],[127.0831785,37.5000874],[127.0833139,37.500089],[127.0836291,37.5000279],[127.08381654754797,37.5],[127.08514382078133,37.5],[127.0850198,37.5000497],[127.0847972,37.5001114],[127.0845502,37.5002082],[127.0845135,37.5001997],[127.0844894,37.5002042],[127.0844129,37.5002013],[127.0842497,37.5002167],[127.0840293,37.50028],[127.0839999,37.5002704],[127.0839674,37.5002702],[127.0839231,37.5003064],[127.0838691,37.5003205],[127.0838017,37.500322],[127.0837424,37.5003311],[127.0835674,37.5003604],[127.0834225,37.5003627],[127.082918,37.500498],[127.0825572,37.5007709],[127.0824771,37.5007955],[127.0824683,37.500821],[127.0824462,37.5008445],[127.0823285,37.5008873],[127.0822058,37.5009233],[127.0821555,37.5009314],[127.0821311,37.5009147],[127.0820707,37.5009216],[127.0820104,37.5009466],[127.0819758,37.5009551],[127.0819379,37.5009604],[127.0819011,37.5009587],[127.0818598,37.5009514],[127.0817515,37.5009785],[127.0816027,37.5009998],[127.081496,37.5010001],[127.0814484,37.5010179],[127.0814344,37.5010354],[127.0813908,37.5010583],[127.0813157,37.5010844],[127.0812815,37.5010828],[127.0812412,37.5010791],[127.0812124,37.501103],[127.0811795,37.5011083],[127.0811809,37.5011227],[127.0811643,37.5011378],[127.0811071,37.5011541],[127.0810213,37.5011434],[127.0809368,37.5011636],[127.0808959,37.5011551],[127.080855,37.5011764],[127.0807798,37.5011928],[127.0807608,37.5011807],[127.0807561,37.50117],[127.080743,37.5011636],[127.0806632,37.5011769],[127.080633,37.5011945],[127.0805988,37.5011974],[127.0805687,37.501195],[127.0805365,37.5012211],[127.0804051,37.5012477],[127.0803165,37.5012679],[127.0803232,37.5012988],[127.0802321,37.5012966],[127.0798207,37.5014281],[127.0796165,37.5014634],[127.0794033,37.5014903],[127.0792376,37.5015318],[127.0790666,37.5015461],[127.0788088,37.5016197],[127.078673,37.5016419],[127.0785684,37.5016323],[127.0785483,37.50161],[127.0785141,37.5016195],[127.0784544,37.5016105],[127.0784268,37.5016166],[127.0784145,37.5016153],[127.0784001,37.5016084],[127.0783887,37.5016161],[127.0783646,37.5016179],[127.0783558,37.5017366],[127.0783921,37.5018563],[127.0783304,37.5018656],[127.0782727,37.5018765],[127.0782546,37.5017821],[127.0782258,37.5016892],[127.078152,37.5016701],[127.0780018,37.5016914],[127.0779186,37.5016882],[127.0778865,37.5017137],[127.0778114,37.5017403],[127.0778516,37.5018648],[127.0778275,37.5019212],[127.0777525,37.5019371],[127.0776772,37.5019531],[127.0776571,37.5019467],[127.0776461,37.5019268],[127.0776233,37.5019121],[127.0776095,37.5018823],[127.0776216,37.5018483],[127.0776501,37.5018355],[127.0776632,37.5018483],[127.0776796,37.5018387],[127.0776937,37.5018301],[127.0776946,37.5018253],[127.0776911,37.5018224],[127.0776672,37.5018246],[127.0776635,37.5018039],[127.0776558,37.501785],[127.0776303,37.5017754],[127.0775619,37.5017903],[127.0774788,37.5017983],[127.0773688,37.501819],[127.0773064,37.5018206],[127.0772642,37.5018313],[127.0772206,37.5018286],[127.0772052,37.501844],[127.0771351,37.501851],[127.0772092,37.5019254],[127.0771884,37.5019579],[127.0771723,37.5019573],[127.0771629,37.5019475],[127.0771321,37.5019744],[127.0771331,37.5019943],[127.0771512,37.5020089],[127.0771864,37.5020289],[127.0771877,37.5020105],[127.0772102,37.5020201],[127.077234,37.5019874],[127.0772823,37.5020978],[127.0771314,37.5021292],[127.077057,37.5020095],[127.0770074,37.5018871],[127.076951,37.5018861],[127.0768994,37.5018978],[127.07689,37.5019137],[127.0767546,37.5019595],[127.0766392,37.5019776],[127.0764783,37.5020244],[127.0762382,37.5020925],[127.0760516,37.5020947],[127.0758718,37.5021553],[127.0756158,37.5022392],[127.0754859,37.502285],[127.0752906,37.5023269],[127.0751761,37.502384],[127.0747657,37.502484],[127.0744016,37.5025734],[127.0743721,37.5025707],[127.0743419,37.5025595],[127.0738455,37.502721],[127.0737597,37.502623],[127.0736647,37.5025425],[127.0734447,37.5025042],[127.0733468,37.5025106],[127.0733051,37.502498],[127.0732677,37.5025212],[127.0732194,37.5025212],[127.0731825,37.5025],[127.0731433,37.5025268],[127.0730947,37.5025547],[127.0729539,37.5025686],[127.0728927,37.5026015],[127.0721946,37.5027438],[127.072058,37.50275],[127.0718837,37.5027989],[127.0718689,37.5028298],[127.0719856,37.5028425],[127.0719635,37.5028707],[127.0719125,37.5028883],[127.0718716,37.5028808],[127.0718367,37.5028931],[127.0717771,37.502883],[127.0716302,37.502966],[127.0715537,37.5029797],[127.0714384,37.5030559],[127.0713167,37.5031183],[127.0712171,37.5031362],[127.0711615,37.5031745],[127.0710921,37.5032064],[127.0710676,37.5032056],[127.0710398,37.5032099],[127.0710224,37.503224],[127.0710197,37.5032399],[127.0709918,37.5032482],[127.0709761,37.5032458],[127.0709617,37.5032506],[127.0709271,37.5032947],[127.070909,37.5032955],[127.0709047,37.5033053],[127.0709208,37.5033178],[127.0709429,37.5033216],[127.0709711,37.5033101],[127.0709925,37.5033006],[127.0710163,37.5033045],[127.0710317,37.5032971],[127.0710348,37.5032833],[127.0710529,37.5032782],[127.0710696,37.5032787],[127.0710773,37.5032897],[127.0710767,37.5033048],[127.071023,37.5033426],[127.0709784,37.5033851],[127.0709563,37.503378],[127.0709291,37.5033777],[127.0709087,37.5034038],[127.0708859,37.5034298],[127.0708691,37.5034354],[127.0708329,37.5034224],[127.0707981,37.5034059],[127.0707548,37.503445],[127.0706968,37.5034785],[127.0706928,37.5034939],[127.0707105,37.5034969],[127.0707283,37.5034945],[127.0707478,37.503474],[127.070814,37.5034777],[127.0708225,37.5034873],[127.0708249,37.5034976],[127.0708175,37.5035131],[127.0708022,37.5035219],[127.0707883,37.5035273],[127.0707813,37.5035189],[127.0707813,37.5035067],[127.0707397,37.5035301],[127.0706827,37.5035479],[127.0706807,37.5035635],[127.070675,37.5035791],[127.0703877,37.5038162],[127.070385,37.5038522],[127.0703541,37.5038921],[127.0702938,37.503973],[127.0702148,37.5040487],[127.0701935,37.5040097],[127.0699777,37.5044518],[127.0698908,37.5045682],[127.0698921,37.5046352],[127.0698553,37.5046634],[127.0698685,37.5047009],[127.0698008,37.505421],[127.0697728,37.5056098],[127.0696943,37.5058245],[127.0696325,37.5061995],[127.0695968,37.5062247],[127.0695864,37.5062497],[127.0695837,37.5062752],[127.0695984,37.5062994],[127.0696269,37.5063159],[127.0695595,37.506646],[127.0695011,37.5068369],[127.0695421,37.5068513],[127.0695274,37.5069034],[127.0694952,37.5069545],[127.0695502,37.5070109],[127.0695113,37.5073109],[127.0695274,37.5074886],[127.0694373,37.5079531],[127.0694107,37.5080769],[127.069412,37.5082035],[127.0693946,37.5083258],[127.0694013,37.5084205],[127.0693001,37.5091251],[127.0690918,37.5106321],[127.0682399,37.5105003],[127.0682268,37.5105314],[127.0683639,37.5105726],[127.0690814,37.5106886],[127.0686107,37.5138741],[127.0678799,37.5186159],[127.067906,37.5186152],[127.0676851,37.5198599],[127.0676784,37.5199423],[127.0676861,37.5200038],[127.0676895,37.5200389],[127.0677061,37.5200846],[127.067727,37.520122],[127.0677528,37.5201538],[127.0677858,37.5201856],[127.0678324,37.5202188],[127.0678777,37.5202446],[127.0679213,37.5202665],[127.0679617,37.5202835],[127.068023,37.5203052],[127.0680671,37.5203146],[127.0681297,37.5203197],[127.0671425,37.5204265],[127.065913,37.5205484],[127.0660018,37.5204541],[127.0660697,37.5203477],[127.0662438,37.5201876],[127.0663726,37.5199969],[127.0664571,37.5198743],[127.0665503,37.5197583],[127.0666205,37.5196413],[127.0666662,37.5195676],[127.0667095,37.5194787],[127.0667522,37.5193195],[127.0667642,37.5192652],[127.0667686,37.5192185],[127.0667652,37.5191854],[127.0667561,37.5191484],[127.0667463,37.5191],[127.0667823,37.5188054],[127.0670077,37.5174903],[127.0672354,37.5162571],[127.0673038,37.5160201],[127.0676639,37.5137672],[127.0679914,37.5115154],[127.068031,37.5113016],[127.0680554,37.5110966],[127.0680772,37.5108656],[127.0680673,37.510738],[127.0680381,37.5106419],[127.0680841,37.5104763],[127.0682925,37.5098237],[127.0683166,37.5096273],[127.0683574,37.5093806],[127.0684306,37.5089135],[127.0684717,37.5086065],[127.0685106,37.5083927],[127.0685273,37.5081549],[127.0685427,37.5080311],[127.0685723,37.5079137],[127.0685585,37.5078382],[127.0685365,37.5077691],[127.068521,37.5076986],[127.0685234,37.5076417],[127.068532,37.5075138],[127.0685714,37.5073435],[127.0685985,37.5071496],[127.0686358,37.5069573],[127.0686939,37.5066481],[127.0687066,37.5065848],[127.0687103,37.5065205],[127.0687457,37.5063483],[127.0687957,37.5060591],[127.0688274,37.5058635],[127.0690182,37.5057696],[127.0690266,37.505776],[127.0690368,37.5057756],[127.0691492,37.5056959],[127.0691619,37.5056672],[127.0691693,37.5056412],[127.0691604,37.5056128],[127.0692604,37.5053278],[127.0692558,37.5052949],[127.0692363,37.5052744],[127.0691573,37.5052496],[127.0692149,37.505031],[127.0693383,37.5050297],[127.0693671,37.5050182],[127.0693818,37.5049943],[127.0694274,37.5047773],[127.069443,37.50456],[127.0695475,37.5043033],[127.0696655,37.5040767],[127.0699846,37.5036599],[127.07045,37.5031427],[127.0706874,37.5029146],[127.0709389,37.5026973],[127.071244,37.5024787],[127.0711615,37.5024374],[127.071252,37.5023842],[127.0716342,37.5021797],[127.0720996,37.5019903],[127.07209,37.5019555],[127.073117,37.5016534],[127.0732584,37.5016251],[127.073353,37.5016087],[127.0743491,37.501411],[127.0746477,37.5014711],[127.0747174,37.5014264],[127.0749079,37.5014232],[127.0749682,37.5014626],[127.0751707,37.5014839],[127.0753182,37.5015179],[127.0755597,37.5014386],[127.0757266,37.5014153],[127.0757695,37.501402],[127.0758527,37.5013919],[127.0758533,37.5014131],[127.0758735,37.5014137],[127.0758825,37.501395],[127.0759016,37.5013828],[127.076027,37.5013631],[127.0761618,37.5013685],[127.0762175,37.501419],[127.0762765,37.5014355],[127.0762832,37.5014105],[127.0763616,37.5013956],[127.076363,37.5013716],[127.0763529,37.5013498],[127.0763831,37.5013211],[127.0764367,37.501282],[127.0765185,37.5012626],[127.076709,37.5012551],[127.0768149,37.5012115],[127.0771351,37.501133],[127.0772012,37.5011807],[127.0772494,37.5011562],[127.0773198,37.5011631],[127.0773809,37.5011828],[127.0774613,37.5011658],[127.0775156,37.5011924],[127.0775807,37.5011647],[127.0775981,37.5011987],[127.0776303,37.5012179],[127.0778287,37.5012137],[127.0782976,37.5010863],[127.0783659,37.5010791],[127.0785604,37.5010115],[127.0785731,37.5009828],[127.0785939,37.5009647],[127.0787171,37.5009432],[127.0787555,37.5009407],[127.078779,37.5009498],[127.0788138,37.5009301],[127.0788474,37.5009402],[127.0788621,37.5009641],[127.0788467,37.5009849],[127.0787716,37.5010211],[127.0787535,37.5010381],[127.0787682,37.5010572],[127.0790358,37.5010392],[127.079355,37.500987],[127.079619,37.5009021],[127.0799866,37.5008317],[127.0803849,37.5007902],[127.0805888,37.5007391],[127.080735,37.5007689],[127.0808087,37.5007514],[127.0808273,37.5007222],[127.0810837,37.5006104],[127.081203,37.5005891],[127.0812251,37.5005519],[127.0812164,37.5005175],[127.0817672,37.5003437],[127.0825736,37.5001124],[127.0828445,37.5000082],[127.0828995,37.5000209]],[[127.0724872,37.5020664],[127.0724984,37.502085],[127.0725311,37.5020703],[127.072577,37.5020416],[127.0725704,37.5020286],[127.0725169,37.502046],[127.0724872,37.5020664]],[[127.0721698,37.5021676],[127.0720919,37.5022372],[127.0720935,37.5022611],[127.0721176,37.5022693],[127.0721814,37.502259],[127.0722251,37.5022392],[127.0723028,37.5021746],[127.0723023,37.502168],[127.0723035,37.5021621],[127.0723107,37.5021628],[127.0723334,37.5021628],[127.0723761,37.5021096],[127.0723754,37.5020969],[127.072367,37.5020919],[127.0722941,37.5021427],[127.0722585,37.5021664],[127.0722055,37.5021834],[127.0721967,37.5021664],[127.0721698,37.5021676]],[[127.0721854,37.5021475],[127.0721821,37.5021614],[127.0721955,37.5021627],[127.0722077,37.5021618],[127.0722498,37.5021441],[127.0722874,37.5021233],[127.0722397,37.5021152],[127.0722179,37.5021233],[127.0722045,37.5021228],[127.0721915,37.5021276],[127.0721951,37.502135],[127.0721831,37.502134],[127.0721729,37.5021466],[127.0721854,37.5021475]],[[127.0717096,37.5027332],[127.0716866,37.5027864],[127.0717234,37.5027666],[127.0717627,37.5027459],[127.0718318,37.5027169],[127.0718526,37.5027015],[127.071814,37.5026808],[127.0717547,37.5026678],[127.0717429,37.5026994],[127.0717096,37.5027332]],[[127.0710819,37.5027635],[127.0711067,37.5027771],[127.0711405,37.5027911],[127.0711869,37.5027939],[127.0712273,37.5027892],[127.0712769,37.5027802],[127.0713878,37.5027258],[127.0714354,37.502703],[127.0714772,37.502676],[127.0714829,37.5026466],[127.0714875,37.5026168],[127.0715167,37.5026065],[127.0715285,37.5025864],[127.0714859,37.502583],[127.0714712,37.5025638],[127.0714382,37.5025545],[127.0714045,37.5025595],[127.0713848,37.5025776],[127.0713515,37.5025843],[127.0713138,37.5026385],[127.0712713,37.5026488],[127.0712483,37.5026713],[127.0711781,37.5027055],[127.0711339,37.5027389],[127.0710819,37.5027635]],[[127.072571,37.5024563],[127.0725899,37.5025041],[127.0726146,37.5024755],[127.072632,37.5024614],[127.0726562,37.5024521],[127.0726763,37.5024531],[127.0726971,37.5024585],[127.0727245,37.502467],[127.0728157,37.502409],[127.0729492,37.5023723],[127.0730183,37.5023265],[127.0732731,37.5023191],[127.0734414,37.5023324],[127.0735929,37.5023584],[127.0737538,37.5023643],[127.0739208,37.5023664],[127.0739684,37.5023521],[127.0740201,37.5023441],[127.0740703,37.502342],[127.0741123,37.5023404],[127.0741297,37.5023507],[127.074352,37.5023223],[127.0744063,37.5023095],[127.074582,37.5023053],[127.0746598,37.5022542],[127.0748797,37.5022185],[127.0749159,37.5022414],[127.0750205,37.5022074],[127.0754128,37.5020808],[127.0754205,37.5020973],[127.0754251,37.5021002],[127.0754294,37.5021002],[127.0754335,37.5020985],[127.0754343,37.5020824],[127.0755087,37.5020882],[127.0755449,37.5020563],[127.0757742,37.5019941],[127.0758721,37.5019871],[127.0759284,37.501993],[127.0760203,37.5019717],[127.0761041,37.5019371],[127.0761631,37.5018786],[127.0759244,37.5018658],[127.0758272,37.5018648],[127.0758299,37.5018866],[127.0757809,37.5018956],[127.0756803,37.5019616],[127.0756589,37.5019765],[127.0755778,37.501985],[127.0755187,37.5020058],[127.0754571,37.501993],[127.0755523,37.5019371],[127.075564,37.5019365],[127.0755724,37.5019446],[127.0755895,37.5019297],[127.0756039,37.5019027],[127.0756388,37.501894],[127.075679,37.5018653],[127.0757199,37.5018573],[127.0757199,37.501839],[127.0756703,37.50184],[127.0756613,37.5018298],[127.0756763,37.5018228],[127.0757725,37.5018275],[127.0757772,37.5018422],[127.0758017,37.5018414],[127.0758269,37.5018326],[127.0758772,37.5018377],[127.0758805,37.5018315],[127.075878,37.501824],[127.0757923,37.5017983],[127.0756388,37.5017741],[127.0756126,37.5018047],[127.0755415,37.5018111],[127.0754919,37.501786],[127.0754041,37.5017759],[127.0751426,37.5017743],[127.0750963,37.5017568],[127.0750782,37.5017717],[127.075038,37.5017749],[127.0750205,37.50176],[127.0750152,37.5017408],[127.0749555,37.5017286],[127.0749675,37.5017584],[127.0749313,37.5017743],[127.074869,37.5017493],[127.0748375,37.5017509],[127.0748046,37.5017254],[127.0747342,37.5017403],[127.0747178,37.5017177],[127.0743567,37.5017286],[127.0743111,37.5017206],[127.0738524,37.5017616],[127.0734199,37.5018281],[127.0733173,37.5018345],[127.0732315,37.5018504],[127.0730283,37.5019265],[127.0729733,37.5019941],[127.0728634,37.5022212],[127.0728278,37.5022765],[127.0727997,37.5022765],[127.0727688,37.5023068],[127.0727554,37.5023255],[127.0727336,37.5023263],[127.0726981,37.5023574],[127.0726818,37.5023541],[127.072571,37.5024563]],[[127.0816737,37.5005753],[127.0817227,37.5005348],[127.0817172,37.5005255],[127.0817046,37.5005277],[127.0815398,37.5005597],[127.0815125,37.5005468],[127.0815084,37.5005274],[127.0814927,37.5005178],[127.0814699,37.5005178],[127.0814484,37.500521],[127.0814377,37.500534],[127.0814042,37.5005447],[127.0813896,37.500553],[127.0814404,37.5005577],[127.0814421,37.5005633],[127.0814055,37.50057],[127.0813716,37.5005675],[127.0813452,37.5005867],[127.0812942,37.5006114],[127.0812935,37.5006258],[127.0812614,37.5006418],[127.0811527,37.5006798],[127.0810826,37.5007003],[127.0810676,37.5007008],[127.0810595,37.500696],[127.0810099,37.500717],[127.0810129,37.5007303],[127.081022,37.5007391],[127.0810548,37.5007242],[127.0811038,37.5007104],[127.0811688,37.5007056],[127.0812064,37.5006902],[127.0812607,37.5006875],[127.0813177,37.5006726],[127.0813613,37.500646],[127.0814109,37.5006269],[127.0814632,37.5006317],[127.0814987,37.5006497],[127.0815678,37.5006295],[127.0816053,37.5006013],[127.0816737,37.5005753]],[[127.0823725,37.5003598],[127.0821471,37.500488],[127.0821416,37.5004971],[127.0821525,37.5005019],[127.0824362,37.5003848],[127.0823725,37.5003598]]]}},{"type":"Feature","id":"relation/9856886","properties":{"osmType":"relation","osmId":9856886,"osmVersion":4,"osmTimestamp":"2023-10-12T19:26:24Z","sourceUrl":"https://www.openstreetmap.org/relation/9856886","name":"석촌호수","waterType":"lake","sourceTags":{"name":"석촌호수","name:en":"Seokchon Lake","name:ko":"석촌호수","natural":"water","water":"lake"},"sourceSurveyed":false},"geometry":{"type":"Polygon","coordinates":[[[127.1042933,37.5096639],[127.1044723,37.5097359],[127.1051418,37.510124],[127.1065485,37.5112698],[127.1071423,37.5118801],[127.1072726,37.5121516],[127.1073209,37.5123],[127.1073248,37.5124644],[127.1073268,37.5125811],[127.107301,37.5127045],[127.1072408,37.5128311],[127.1070663,37.5129938],[127.1070238,37.5129878],[127.1069843,37.5129923],[127.1069542,37.5130103],[127.1069364,37.5130331],[127.1067708,37.5130175],[127.1066425,37.5129727],[127.1062791,37.5128016],[127.1059403,37.5126149],[127.1049734,37.5119867],[127.1043779,37.511721],[127.1042305,37.5116706],[127.1036459,37.5115029],[127.1033997,37.511436],[127.1032962,37.5113955],[127.10321,37.5113472],[127.1031256,37.5112888],[127.1030534,37.5112264],[127.1029789,37.5111199],[127.1029339,37.5110027],[127.1029294,37.5109102],[127.1029347,37.5108157],[127.1029618,37.5107257],[127.1030013,37.5106376],[127.1033033,37.5102615],[127.1033051,37.5102384],[127.103288,37.5102154],[127.1024356,37.509708],[127.1024099,37.5097076],[127.1023823,37.5097192],[127.1020109,37.5101075],[127.101916,37.5101609],[127.1017985,37.5102014],[127.1016664,37.5102111],[127.1015246,37.5102029],[127.1004281,37.5099117],[127.1000122,37.509761],[127.099616,37.5095726],[127.0990743,37.5093136],[127.098992,37.5092741],[127.0984201,37.508965],[127.098212,37.5087887],[127.0980741,37.5085878],[127.0979946,37.5083591],[127.0979565,37.5077463],[127.0979497,37.5073694],[127.098,37.5073759],[127.0980552,37.5073785],[127.0981088,37.5073773],[127.0981575,37.507362],[127.0981925,37.5073427],[127.0982216,37.5073233],[127.0982473,37.5072986],[127.098259,37.5072741],[127.0982675,37.5072503],[127.0982716,37.5072233],[127.0982675,37.5071909],[127.0984334,37.5071529],[127.0985978,37.5071272],[127.0987622,37.5071113],[127.0989266,37.5071109],[127.0991505,37.5071201],[127.0992747,37.5071344],[127.0993842,37.5071643],[127.0997134,37.5072474],[127.1000622,37.5073656],[127.1005712,37.5075441],[127.1007514,37.5076107],[127.1014186,37.5078967],[127.1017662,37.5080746],[127.1020844,37.5082643],[127.102405,37.5084617],[127.1026864,37.5086747],[127.1027676,37.5087686],[127.1028106,37.5088564],[127.1028439,37.5090181],[127.1028373,37.509116],[127.1028085,37.5092061],[127.1026037,37.5094908],[127.1025792,37.5095324],[127.1025889,37.509574],[127.1026218,37.509603],[127.1034255,37.510068],[127.103484,37.5100693],[127.1035275,37.5100359],[127.10367,37.5098706],[127.103803,37.5097313],[127.1039072,37.5096722],[127.1040311,37.5096404],[127.1041695,37.5096346],[127.1042933,37.5096639]],[[127.1001955,37.5095519],[127.1005345,37.509715],[127.100687,37.5095227],[127.1007289,37.5094534],[127.1006574,37.5094255],[127.1006754,37.5093898],[127.1007072,37.5094018],[127.1007493,37.5093401],[127.1007993,37.5092607],[127.100761,37.5092475],[127.1008251,37.5092024],[127.1008891,37.5091805],[127.100918,37.5092568],[127.1008649,37.5092676],[127.1009372,37.5094646],[127.1011031,37.5094359],[127.1010236,37.509234],[127.100975,37.5092437],[127.1009467,37.5091623],[127.1009694,37.5091227],[127.1011007,37.5091436],[127.1011451,37.5090182],[127.1010336,37.5087106],[127.100823,37.5086153],[127.1007696,37.5086152],[127.1007155,37.5085942],[127.1006497,37.5083802],[127.1002697,37.5081947],[127.100137,37.5082404],[127.0997541,37.5081139],[127.0996086,37.5081232],[127.0995289,37.5081475],[127.0994812,37.5081962],[127.0994543,37.5082571],[127.0994731,37.5083101],[127.099374,37.508314],[127.0993171,37.5083255],[127.0993064,37.5083625],[127.099318,37.5084174],[127.0993389,37.5084476],[127.099345,37.5084713],[127.0992276,37.508641],[127.0991744,37.5086248],[127.0991279,37.5086288],[127.0990778,37.5086374],[127.0990691,37.5086737],[127.09899,37.5086881],[127.098919,37.5087297],[127.0988653,37.5087926],[127.0989306,37.5089484],[127.0991586,37.5090442],[127.0992323,37.5090638],[127.0994735,37.5091674],[127.0995182,37.5091128],[127.0995805,37.5091063],[127.0996728,37.5089871],[127.0996669,37.5088939],[127.0996727,37.5088081],[127.0996945,37.508754],[127.099721,37.5087239],[127.0998189,37.5086676],[127.0998784,37.508656],[127.0999407,37.5086474],[127.1000125,37.5086418],[127.1000926,37.5086473],[127.1001342,37.5086645],[127.100234,37.5087315],[127.1002885,37.5087614],[127.1002853,37.5087864],[127.100247,37.5088202],[127.1002639,37.5088854],[127.100313,37.5089055],[127.1003334,37.5089395],[127.1003431,37.5089649],[127.1003348,37.5089767],[127.1003214,37.5089854],[127.1002932,37.5090197],[127.1002518,37.5090574],[127.1002185,37.5090688],[127.1001371,37.5091071],[127.1000834,37.5091381],[127.0999549,37.5092635],[127.1000311,37.5094501],[127.100143,37.5095102],[127.1001955,37.5095519]],[[127.0997552,37.5087906],[127.0997181,37.5088547],[127.0997075,37.5088852],[127.0997163,37.5089129],[127.0997376,37.508933],[127.0997632,37.5089447],[127.0997743,37.5089789],[127.09978,37.5090018],[127.0998189,37.5090334],[127.0998661,37.5090538],[127.0999132,37.5090741],[127.0999917,37.509104],[127.100081,37.5090965],[127.1001625,37.5090625],[127.1002289,37.5090009],[127.1002528,37.5089631],[127.1002537,37.5089359],[127.1002158,37.5089065],[127.1002067,37.5088492],[127.1001908,37.5088275],[127.1002196,37.5088071],[127.1001912,37.5087718],[127.1000917,37.5087133],[127.1000634,37.5087061],[127.1000513,37.5086883],[127.1000109,37.5086706],[127.0999445,37.5086733],[127.099936,37.5086962],[127.0999422,37.508734],[127.099907,37.5087499],[127.0998735,37.5087424],[127.0998225,37.5087288],[127.0997796,37.5087564],[127.0997552,37.5087906]]]}},{"type":"Feature","id":"relation/10718843","properties":{"osmType":"relation","osmId":10718843,"osmVersion":24,"osmTimestamp":"2023-08-22T01:46:04Z","sourceUrl":"https://www.openstreetmap.org/relation/10718843","name":"청계천","waterType":"river","sourceTags":{"name":"청계천","name:en":"Cheonggyecheon Stream","natural":"water","water":"river"},"sourceSurveyed":false},"geometry":{"type":"MultiPolygon","coordinates":[[[[127.0092678,37.5697529],[127.0093121,37.5697509],[127.0093109,37.569802],[127.0093116,37.5698207],[127.0092246,37.5698235],[127.0072092,37.5697199],[127.0065156,37.5696816],[127.002117,37.5696435],[127.001809,37.5696348],[127.0015944,37.5696088],[127.0013711,37.5695498],[127.001188,37.5695333],[126.9998503,37.5692729],[126.9980495,37.568867],[126.9977187,37.5688144],[126.9963808,37.5686611],[126.9957614,37.5686223],[126.9956338,37.568592],[126.9945529,37.5684985],[126.9936251,37.5684389],[126.9923138,37.5683443],[126.9909789,37.568245],[126.9900658,37.568188],[126.9887837,37.5681308],[126.9878105,37.568148],[126.9866838,37.5681682],[126.985626,37.568415],[126.984123,37.5687105],[126.9834225,37.5688532],[126.9824312,37.5689378],[126.9811663,37.5689777],[126.9799754,37.5691062],[126.9790708,37.5691878],[126.978638,37.5692191],[126.9785579,37.5692332],[126.978542,37.569103],[126.9789736,37.5690898],[126.9795091,37.569073],[126.9801188,37.5690367],[126.981227,37.5689358],[126.9825586,37.5688362],[126.9834439,37.5687527],[126.9840938,37.5686313],[126.9852898,37.5684104],[126.9856075,37.568342],[126.9866672,37.5680937],[126.9873161,37.5680603],[126.9878151,37.5680678],[126.9887862,37.5680446],[126.9899197,37.5681051],[126.9909849,37.5681812],[126.9923243,37.5682839],[126.9936356,37.5683826],[126.9945666,37.5684519],[126.9956382,37.5685464],[126.9963851,37.5686198],[126.9977356,37.5687665],[126.9980682,37.5688175],[126.9989801,37.5689929],[127.0005222,37.5692915],[127.0018447,37.569518],[127.0021975,37.5695531],[127.0065091,37.5696222],[127.0067491,37.5696326],[127.0078325,37.5696859],[127.0092678,37.5697529]]],[[[127.0100276,37.569786],[127.0100273,37.5697761],[127.0100273,37.5697528],[127.0100284,37.5697086],[127.0105235,37.5697039],[127.0108236,37.5697121],[127.0114568,37.5696998],[127.0118923,37.5696881],[127.0120429,37.5696884],[127.0122176,37.5696895],[127.0123731,37.569694],[127.0124958,37.5696796],[127.0139614,37.5696965],[127.0155736,37.569721],[127.0159706,37.5697433],[127.0161168,37.5697508],[127.0168933,37.5699453],[127.0176671,37.5702342],[127.0190012,37.5709476],[127.0195366,37.5712156],[127.0203557,37.5715472],[127.0207219,37.5716693],[127.0212583,37.5717587],[127.02189,37.5718278],[127.0228985,37.5717385],[127.0232404,37.5716514],[127.0236428,37.5715482],[127.0252834,37.5710804],[127.025723,37.570955],[127.0257949,37.5711044],[127.0253554,37.5712442],[127.0252717,37.5712676],[127.0237219,37.5717002],[127.0231385,37.5718353],[127.0227188,37.5719245],[127.0218645,37.5719946],[127.0212208,37.5719255],[127.02062,37.571816],[127.0198354,37.5715684],[127.0194572,37.5713855],[127.0187639,37.571039],[127.0175368,37.5703651],[127.0167737,37.57006],[127.0160897,37.5698719],[127.0153145,37.5698124],[127.013956,37.5698081],[127.01236,37.5698068],[127.0123379,37.5698066],[127.011892,37.5697964],[127.011428,37.5697916],[127.0111388,37.5697876],[127.0108617,37.5697851],[127.010513,37.5697829],[127.0103644,37.5697846],[127.0101934,37.5697845],[127.0100276,37.569786]]]]}},{"type":"Feature","id":"relation/10776428","properties":{"osmType":"relation","osmId":10776428,"osmVersion":3,"osmTimestamp":"2021-03-25T17:14:36Z","sourceUrl":"https://www.openstreetmap.org/relation/10776428","name":null,"waterType":"pond","sourceTags":{"natural":"water","water":"pond"},"sourceSurveyed":false},"geometry":{"type":"Polygon","coordinates":[[[126.9577064,37.5731814],[126.9581353,37.5734432],[126.9578195,37.5737782],[126.9573953,37.5735016],[126.9577064,37.5731814]],[[126.9575581,37.573454],[126.9577399,37.5735582],[126.9578836,37.5734007],[126.9577019,37.5732965],[126.9575581,37.573454]]]}},{"type":"Feature","id":"relation/11136026","properties":{"osmType":"relation","osmId":11136026,"osmVersion":3,"osmTimestamp":"2020-11-27T03:50:38Z","sourceUrl":"https://www.openstreetmap.org/relation/11136026","name":null,"waterType":"unspecified","sourceTags":{"natural":"water"},"sourceSurveyed":false},"geometry":{"type":"Polygon","coordinates":[[[126.9750574,37.5032595],[126.9750324,37.5032467],[126.9750128,37.5032291],[126.9749999,37.5032079],[126.9749946,37.5031847],[126.9749974,37.5031613],[126.9750081,37.5031393],[126.9750259,37.5031205],[126.9750494,37.5031061],[126.9750769,37.5030973],[126.9751064,37.5030948],[126.9751357,37.5030986],[126.9751626,37.5031086],[126.9751851,37.5031239],[126.9752015,37.5031435],[126.9752107,37.5031659],[126.9752119,37.5031894],[126.9752051,37.5032123],[126.9751907,37.5032329],[126.9751699,37.5032496],[126.9751441,37.5032613],[126.9751154,37.5032671],[126.9750857,37.5032664],[126.9750574,37.5032595]],[[126.9751077,37.5032272],[126.9751266,37.5032248],[126.9751434,37.5032176],[126.9751563,37.5032065],[126.975164,37.5031926],[126.9751656,37.5031775],[126.975161,37.5031629],[126.9751506,37.5031502],[126.9751356,37.5031409],[126.9751176,37.503136],[126.9750986,37.5031359],[126.9750805,37.5031408],[126.9750655,37.50315],[126.975055,37.5031626],[126.9750502,37.5031773],[126.9750517,37.5031923],[126.9750593,37.5032062],[126.9750721,37.5032174],[126.9750889,37.5032247],[126.9751077,37.5032272]]]}},{"type":"Feature","id":"relation/13407146","properties":{"osmType":"relation","osmId":13407146,"osmVersion":2,"osmTimestamp":"2026-09-06T10:19:41Z","sourceUrl":"https://www.openstreetmap.org/relation/13407146","name":"향원지","waterType":"pond","sourceTags":{"name":"향원지","natural":"water","water":"pond"},"sourceSurveyed":false},"geometry":{"type":"Polygon","coordinates":[[[126.9767929,37.5826849],[126.9767779,37.5827035],[126.9766098,37.58271],[126.9765905,37.5826785],[126.9766074,37.5823695],[126.9766201,37.5821863],[126.9766274,37.5820816],[126.9766307,37.5820385],[126.9766353,37.5820147],[126.9766519,37.5819878],[126.9766957,37.5819543],[126.9767308,37.5819529],[126.9770791,37.5819936],[126.9774689,37.5820584],[126.9775132,37.5820743],[126.9775345,37.5820929],[126.9774246,37.5824691],[126.9773682,37.5825552],[126.9773092,37.5826073],[126.97721,37.5826381],[126.9767929,37.5826849]],[[126.9769981,37.5824862],[126.9770467,37.5824929],[126.9770824,37.5824925],[126.9771228,37.5824824],[126.9771511,37.5824677],[126.9771766,37.5824429],[126.9771914,37.582416],[126.9772061,37.5823846],[126.9772083,37.5823624],[126.977207,37.582336],[126.9771937,37.5823049],[126.9771733,37.5822738],[126.9771303,37.5822535],[126.9770838,37.5822422],[126.9770173,37.5822413],[126.9769798,37.5822491],[126.9769512,37.5822638],[126.9769314,37.5822812],[126.9769193,37.5822929],[126.9769093,37.5823078],[126.9769037,37.582332],[126.9768996,37.582351],[126.9769005,37.5823845],[126.9769102,37.5824195],[126.9769325,37.582446],[126.9769618,37.5824724],[126.9769981,37.5824862]]]}},{"type":"Feature","id":"relation/14670863","properties":{"osmType":"relation","osmId":14670863,"osmVersion":8,"osmTimestamp":"2023-07-13T07:33:02Z","sourceUrl":"https://www.openstreetmap.org/relation/14670863","name":"유수 물놀이장","waterType":"pool","sourceTags":{"name":"유수 물놀이장","natural":"water","water":"pool"},"sourceSurveyed":false},"geometry":{"type":"Polygon","coordinates":[[[127.0666511,37.5301107],[127.0666471,37.530082],[127.066643,37.5300639],[127.0666377,37.5300479],[127.0666229,37.5300288],[127.0666015,37.530016],[127.0665693,37.5300011],[127.0665438,37.5299916],[127.0665183,37.5299767],[127.0665022,37.5299607],[127.0664875,37.5299416],[127.0664821,37.5299192],[127.0664808,37.5299012],[127.0664801,37.5298792],[127.0664848,37.5298533],[127.0664954,37.5298371],[127.0665103,37.5298214],[127.0665264,37.5298076],[127.0665485,37.5297916],[127.0665693,37.529781],[127.0665921,37.5297725],[127.0666162,37.5297714],[127.0666377,37.5297703],[127.0666618,37.5297725],[127.0666846,37.5297778],[127.0667074,37.5297852],[127.0667249,37.5297959],[127.0667423,37.5298086],[127.0667557,37.5298225],[127.0667624,37.5298374],[127.0667678,37.5298522],[127.0667745,37.5298661],[127.0667825,37.5298799],[127.0667973,37.529899],[127.0668093,37.5299118],[127.0668281,37.5299278],[127.0668469,37.5299405],[127.0668791,37.5299533],[127.0668965,37.5299575],[127.06693,37.529965],[127.0669555,37.5299682],[127.0669864,37.529965],[127.0670172,37.5299565],[127.0670427,37.5299469],[127.0670829,37.5299192],[127.0671071,37.5298937],[127.0671299,37.5298746],[127.0671567,37.5298608],[127.0671875,37.5298522],[127.0672278,37.5298491],[127.0672734,37.5298533],[127.0673015,37.5298586],[127.0673297,37.5298746],[127.0673512,37.5298927],[127.0673699,37.5299086],[127.067386,37.5299363],[127.0673914,37.5299607],[127.0673927,37.5299852],[127.0673927,37.5300224],[127.067382,37.530049],[127.0673686,37.5300692],[127.0673418,37.5300979],[127.0673176,37.5301107],[127.0672841,37.5301245],[127.06726,37.5301309],[127.0672237,37.5301309],[127.0671795,37.5301266],[127.0671393,37.5301213],[127.0670977,37.5301203],[127.0670655,37.5301224],[127.067032,37.5301298],[127.0670065,37.5301383],[127.066973,37.5301543],[127.0669488,37.5301702],[127.066918,37.5301947],[127.0668952,37.5302192],[127.0668818,37.5302351],[127.0668482,37.53025],[127.0668194,37.5302558],[127.0667979,37.530258],[127.0667785,37.5302585],[127.0667617,37.530258],[127.066745,37.5302554],[127.0667289,37.5302511],[127.0667128,37.5302447],[127.0666994,37.5302351],[127.066686,37.5302247],[127.0666759,37.5302162],[127.0666679,37.5302073],[127.0666595,37.5301945],[127.0666551,37.5301841],[127.0666457,37.5301585],[127.0666457,37.5301362],[127.0666511,37.5301107]],[[127.0666057,37.5298742],[127.0665946,37.5298675],[127.0665812,37.5298657],[127.0665678,37.5298638],[127.0665543,37.5298646],[127.0665436,37.5298691],[127.0665363,37.5298743],[127.0665302,37.5298824],[127.0665255,37.5298914],[127.0665242,37.5299021],[127.0665262,37.5299154],[127.0665336,37.5299313],[127.0665423,37.5299398],[127.0665584,37.5299547],[127.0665865,37.5299664],[127.0666107,37.5299749],[127.0666348,37.5299888],[127.0666549,37.5300015],[127.066671,37.5300217],[127.0666844,37.5300462],[127.0666911,37.5300675],[127.0666952,37.5300877],[127.0666952,37.5301175],[127.0666925,37.530143],[127.0666935,37.5301627],[127.0667047,37.530182],[127.0667271,37.5301998],[127.0667566,37.5302135],[127.0667809,37.5302159],[127.0668104,37.5302135],[127.0668328,37.5302102],[127.066848,37.5302046],[127.0668582,37.5301949],[127.0668744,37.5301772],[127.0668907,37.5301603],[127.066911,37.5301433],[127.0669354,37.5301288],[127.0669547,37.5301184],[127.0669822,37.5301087],[127.0670015,37.5300982],[127.06703,37.5300893],[127.0670655,37.5300829],[127.0670981,37.5300813],[127.0671438,37.5300829],[127.0671773,37.5300861],[127.0672007,37.5300902],[127.0672424,37.5300893],[127.0672749,37.5300845],[127.0672993,37.5300773],[127.0673206,37.5300627],[127.0673338,37.5300499],[127.067343,37.5300329],[127.0673399,37.5300104],[127.0673318,37.5299942],[127.0673166,37.529991],[127.0672952,37.529991],[127.0672779,37.529995],[127.0672769,37.529962],[127.0672912,37.5299604],[127.0673023,37.5299547],[127.0673125,37.529941],[127.0673115,37.5299281],[127.0673054,37.5299169],[127.0672942,37.5299015],[127.067279,37.5298911],[127.0672597,37.5298846],[127.0672281,37.5298822],[127.0671997,37.5298846],[127.0671763,37.5298903],[127.067155,37.5299015],[127.0671367,37.5299136],[127.0671163,37.5299314],[127.0670991,37.5299483],[127.0670787,37.5299604],[127.0670584,37.5299701],[127.067035,37.5299838],[127.0670137,37.5299918],[127.0669852,37.5299991],[127.0669598,37.5300023],[127.0669324,37.5300031],[127.0669019,37.5299991],[127.0668724,37.5299942],[127.0668389,37.529983],[127.0668165,37.5299676],[127.0667911,37.5299539],[127.0667759,37.529941],[127.0667606,37.5299273],[127.0667494,37.5299161],[127.0667413,37.5299064],[127.0667322,37.5298911],[127.066724,37.5298733],[127.06672,37.5298588],[127.0667108,37.5298395],[127.0666996,37.5298242],[127.0666834,37.5298185],[127.0666651,37.5298185],[127.0666488,37.5298234],[127.0666397,37.5298322],[127.0666346,37.5298451],[127.0666346,37.529854],[127.0666366,37.5298661],[127.0666458,37.5298741],[127.0666227,37.5298916],[127.0666136,37.5298817],[127.0666057,37.5298742]]]}},{"type":"Feature","id":"relation/15457595","properties":{"osmType":"relation","osmId":15457595,"osmVersion":1,"osmTimestamp":"2023-02-10T06:19:24Z","sourceUrl":"https://www.openstreetmap.org/relation/15457595","name":"부용지","waterType":"pond","sourceTags":{"name":"부용지","name:en":"Buyongji Pond","natural":"water","water":"pond"},"sourceSurveyed":false},"geometry":{"type":"Polygon","coordinates":[[[126.9930184,37.5818692],[126.9926079,37.5817427],[126.9927431,37.5815109],[126.993166,37.581652],[126.9930184,37.5818692]],[[126.9928286,37.581705],[126.9928386,37.5817189],[126.9928537,37.5817295],[126.9928722,37.5817359],[126.9928923,37.5817373],[126.992913,37.5817333],[126.9929309,37.581724],[126.9929438,37.5817105],[126.9929504,37.5816943],[126.9929497,37.5816774],[126.992942,37.5816616],[126.9929281,37.5816487],[126.9929095,37.5816403],[126.9928885,37.5816372],[126.9928674,37.5816399],[126.9928496,37.5816474],[126.9928356,37.581659],[126.992827,37.5816735],[126.9928246,37.5816893],[126.9928286,37.581705]]]}},{"type":"Feature","id":"relation/16259781","properties":{"osmType":"relation","osmId":16259781,"osmVersion":1,"osmTimestamp":"2023-08-30T16:06:28Z","sourceUrl":"https://www.openstreetmap.org/relation/16259781","name":"중랑천","waterType":"river","sourceTags":{"name":"중랑천","name:en":"Jungnangcheon Stream","name:ko":"중랑천","natural":"water","water":"river","intermittent":"no","tidal":"no","salt":"no"},"sourceSurveyed":false},"geometry":{"type":"Polygon","coordinates":[[[127.0713511,37.5892572],[127.07118986809986,37.59],[127.07039078528989,37.59],[127.0704112,37.5898775],[127.0704742,37.5895789],[127.0705184,37.5894291],[127.0705895,37.5892166],[127.0706123,37.5890561],[127.0706606,37.5888712],[127.07066,37.5886124],[127.0706994,37.5884854],[127.0707947,37.5882123],[127.0711023,37.5878068],[127.0713251,37.5875208],[127.0715657,37.5872217],[127.0717362,37.5870266],[127.071876,37.5868005],[127.0722378,37.5864053],[127.0725153,37.5860773],[127.0730424,37.5853939],[127.0738502,37.5844922],[127.0748372,37.5833087],[127.0759061,37.5820693],[127.0765746,37.5812606],[127.0767925,37.5809378],[127.0771483,37.5802935],[127.0772627,37.5800098],[127.0772313,37.5799547],[127.0772966,37.579578],[127.0773378,37.5790685],[127.0774149,37.5784943],[127.077534,37.5778917],[127.0776404,37.5771135],[127.0777284,37.5764944],[127.0778316,37.5756425],[127.0779844,37.5743867],[127.0781009,37.5733292],[127.0781041,37.5728523],[127.0780737,37.5721801],[127.0779975,37.5716219],[127.0778791,37.5711255],[127.077768,37.5707989],[127.0776157,37.5703712],[127.0772926,37.569702],[127.0769317,37.5690177],[127.0765107,37.5681961],[127.075803,37.567024],[127.0750835,37.5657945],[127.0741779,37.5641611],[127.0737061,37.5633318],[127.0730357,37.5621261],[127.0723775,37.5609818],[127.072027,37.5604056],[127.0712982,37.5594477],[127.0706097,37.5588276],[127.0701466,37.558375],[127.0697931,37.557986],[127.069143,37.5573736],[127.0687218,37.5570345],[127.0680306,37.5562952],[127.0673301,37.5555659],[127.0668589,37.5550316],[127.066584,37.5547451],[127.0661253,37.5541945],[127.0654346,37.5533866],[127.0650785,37.5529771],[127.0644517,37.5532999],[127.0643573,37.5531638],[127.0649356,37.5528278],[127.0640824,37.5517635],[127.0636213,37.5512691],[127.0631797,37.5509767],[127.0629256,37.5508023],[127.0629162,37.5506626],[127.0627581,37.5504836],[127.0625199,37.5503444],[127.062086,37.5501728],[127.0616358,37.5500851],[127.061307,37.5501202],[127.0611044,37.5501964],[127.0609585,37.5503174],[127.0603128,37.5503406],[127.0595109,37.5505136],[127.0576565,37.5510178],[127.0565946,37.5513415],[127.0561565,37.5514541],[127.0558381,37.551559],[127.0554555,37.5516819],[127.0544139,37.5520968],[127.054728,37.5525946],[127.0546118,37.5526604],[127.0544941,37.5525296],[127.0543921,37.552572],[127.0544059,37.5527265],[127.0543502,37.552756],[127.05419,37.5526735],[127.0539751,37.5527586],[127.0540537,37.5528836],[127.0539671,37.552923],[127.0536218,37.5525156],[127.0534408,37.5524273],[127.0532001,37.5523851],[127.0517896,37.55276],[127.0500162,37.5533048],[127.0464062,37.5535468],[127.0435614,37.5531949],[127.0422166,37.5529616],[127.0406254,37.5524724],[127.0405423,37.5524324],[127.0404831,37.5523751],[127.0403592,37.552327],[127.0403633,37.5523573],[127.040284,37.5523415],[127.0402195,37.552315],[127.040248,37.5522886],[127.0401656,37.5522483],[127.0400925,37.5522506],[127.0399887,37.552221],[127.0397663,37.5521524],[127.0397223,37.5521752],[127.0396118,37.5521333],[127.0394495,37.552053],[127.0391057,37.5519476],[127.0390293,37.5519272],[127.0388779,37.5518768],[127.0387631,37.551817],[127.0385998,37.5517427],[127.0384374,37.551671],[127.03825,37.551579],[127.0379635,37.5514271],[127.0372627,37.5510332],[127.0364215,37.550547],[127.0356091,37.5497928],[127.0343179,37.5485939],[127.0332536,37.5476057],[127.031208,37.5459724],[127.0306528,37.5456587],[127.0305723,37.5457225],[127.0300278,37.5455152],[127.0298628,37.5454897],[127.0296483,37.5454641],[127.0294283,37.545344],[127.029254,37.545227],[127.0288637,37.5451345],[127.0282736,37.5449718],[127.0279853,37.5448336],[127.0278499,37.5447134],[127.0276393,37.5445986],[127.0275369,37.5443877],[127.0270544,37.5440287],[127.0269835,37.5439016],[127.0262083,37.5433304],[127.0261161,37.5431735],[127.0259984,37.543136],[127.0258477,37.5430188],[127.025775,37.5431237],[127.0257908,37.5432452],[127.025667,37.5436652],[127.0255924,37.5433191],[127.0254789,37.5431349],[127.0254106,37.5431946],[127.0252904,37.543202],[127.0252174,37.5431019],[127.0252113,37.5431961],[127.0251281,37.5431951],[127.0251427,37.5432521],[127.0252241,37.5432494],[127.025286,37.5435833],[127.0247982,37.5432146],[127.0247621,37.5431169],[127.0244775,37.5430143],[127.0243468,37.5431008],[127.0241048,37.5432035],[127.0227557,37.5422992],[127.0219663,37.5417687],[127.0208068,37.5410935],[127.0251649,37.5414681],[127.0279571,37.541367],[127.0278054,37.5414732],[127.0276859,37.5415794],[127.0276063,37.541698],[127.0275497,37.5418235],[127.0275343,37.5419589],[127.0275545,37.5420835],[127.0275944,37.5422047],[127.0276613,37.5423098],[127.0277591,37.5424166],[127.0279486,37.5425581],[127.0296729,37.5435788],[127.030863,37.5443004],[127.031433,37.5446328],[127.0316304,37.544748],[127.0319844,37.5450287],[127.0323326,37.5454132],[127.0328213,37.5457943],[127.0335938,37.5463557],[127.0339916,37.5466921],[127.0352748,37.5479309],[127.0364602,37.5490858],[127.0368142,37.549392],[127.0373185,37.5497493],[127.0380266,37.5502766],[127.0387404,37.5508012],[127.0392553,37.551122],[127.0396162,37.5513516],[127.039905,37.5515125],[127.0409951,37.5519206],[127.0412917,37.5520167],[127.0423683,37.5522376],[127.0428831,37.5523009],[127.0432017,37.5523289],[127.0434804,37.5523408],[127.0437468,37.5523632],[127.044273,37.5524207],[127.0444382,37.5524778],[127.0460805,37.5527007],[127.0464792,37.552735],[127.0468674,37.552735],[127.0470471,37.5526828],[127.0471545,37.5526863],[127.0471917,37.5527229],[127.0475283,37.5527559],[127.047768,37.5527247],[127.0478808,37.5526907],[127.0481006,37.552599],[127.0484418,37.5525325],[127.0489045,37.5524925],[127.0497904,37.5523855],[127.050531,37.5522807],[127.0514024,37.5521021],[127.0515399,37.5520457],[127.0521957,37.5519048],[127.0527388,37.5517692],[127.053105,37.5516249],[127.0533294,37.5516288],[127.0537502,37.5515257],[127.054066,37.551412],[127.0544021,37.5513263],[127.0546719,37.5512462],[127.0549692,37.5511347],[127.0560229,37.5508202],[127.0592075,37.5498605],[127.0593792,37.5498543],[127.0599398,37.5496996],[127.0599637,37.5496424],[127.0600439,37.5496197],[127.0600717,37.5496495],[127.0601461,37.5496462],[127.0604904,37.5495718],[127.0605638,37.5494857],[127.060646,37.5494666],[127.0606988,37.54952],[127.061106,37.5494247],[127.0613357,37.5494101],[127.0619235,37.5494244],[127.0622881,37.549495],[127.062615,37.5495604],[127.0629425,37.5496439],[127.0632399,37.5497513],[127.063531,37.5499021],[127.0637956,37.550074],[127.0641366,37.5503373],[127.0648193,37.5510683],[127.0659506,37.5525292],[127.0660178,37.5527085],[127.0662108,37.5530645],[127.066341,37.5531952],[127.066496,37.5533032],[127.066787,37.5535683],[127.0686674,37.5557509],[127.0694195,37.5564807],[127.0701232,37.5571552],[127.0711196,37.5581662],[127.0716794,37.5587947],[127.0721382,37.559333],[127.0728871,37.5604189],[127.0738029,37.5620376],[127.0746527,37.5635292],[127.0760463,37.5661458],[127.0767663,37.5674623],[127.077822,37.569311],[127.0783177,37.5703995],[127.0784464,37.571033],[127.0785806,37.571505],[127.0786803,37.5720509],[127.078719,37.5726751],[127.0787211,37.5734608],[127.0785537,37.5746886],[127.0784676,37.575876],[127.078355,37.5765229],[127.0783746,37.5766241],[127.0783348,37.5768185],[127.0783024,37.5769768],[127.0782974,37.5770098],[127.0782896,37.5770604],[127.0782853,37.5772165],[127.0780522,37.5788392],[127.0779202,37.5799804],[127.077733,37.580443],[127.0776342,37.5806802],[127.077459,37.5810725],[127.0772479,37.5814178],[127.0764529,37.5823903],[127.075221,37.5838578],[127.0748303,37.5843544],[127.074133,37.5852662],[127.0731802,37.5864894],[127.0728395,37.5869251],[127.0724227,37.5873765],[127.0719362,37.5878658],[127.0716741,37.5882679],[127.071526,37.5885375],[127.0714241,37.5887959],[127.0713511,37.5892572]],[[127.0726766,37.5863329],[127.072686,37.5863387],[127.0726116,37.5864313],[127.0725338,37.5864747],[127.0725002,37.586521],[127.0724453,37.5865701],[127.0724382,37.5865967],[127.0724683,37.5866318],[127.0724931,37.5866416],[127.0724825,37.5866767],[127.0724696,37.586698],[127.0724898,37.5867118],[127.0725116,37.5866821],[127.0725231,37.5866786],[127.0725452,37.5866513],[127.0725841,37.5866261],[127.0726001,37.586577],[127.0725915,37.5865781],[127.072644,37.5864944],[127.0726639,37.5864472],[127.0727151,37.5863801],[127.0727303,37.5863477],[127.0727303,37.5863218],[127.0727676,37.5862876],[127.072812,37.5862543],[127.0728657,37.5862117],[127.0728482,37.5861858],[127.0728704,37.5861405],[127.0728529,37.5861118],[127.0727886,37.5861525],[127.0726917,37.5862432],[127.0726789,37.5862432],[127.0726369,37.5862876],[127.0726135,37.5863301],[127.072659,37.5863283],[127.0726766,37.5863329]],[[127.0729281,37.5862307],[127.0729441,37.58627],[127.0729844,37.5862796],[127.073097,37.5862243],[127.0731923,37.5861234],[127.073203,37.5860479],[127.0731735,37.585999],[127.0730648,37.5861234],[127.0730635,37.5860808],[127.0730125,37.5861021],[127.0729281,37.5862307]]]}},{"type":"Feature","id":"relation/18367965","properties":{"osmType":"relation","osmId":18367965,"osmVersion":1,"osmTimestamp":"2024-12-03T17:05:37Z","sourceUrl":"https://www.openstreetmap.org/relation/18367965","name":null,"waterType":"river","sourceTags":{"natural":"water","water":"river"},"sourceSurveyed":false},"geometry":{"type":"Polygon","coordinates":[[[126.9202311,37.5181556],[126.92,37.518226538459906],[126.92,37.51809560747794],[126.9202171,37.5180224],[126.9211673,37.5176859],[126.922365,37.5172654],[126.9233696,37.5168449],[126.9237878,37.5166535],[126.924659,37.5163688],[126.9252822,37.5162025],[126.9258026,37.5160647],[126.9261801,37.5159928],[126.9267139,37.5158907],[126.9274995,37.5159287],[126.9280721,37.5158922],[126.9287388,37.5157546],[126.928898,37.5156868],[126.9294233,37.515573],[126.9298546,37.515555],[126.9303662,37.515627],[126.9314869,37.5157656],[126.9321482,37.5158098],[126.9327453,37.5159738],[126.9335142,37.5161571],[126.9340245,37.5162466],[126.9347383,37.5163784],[126.9350459,37.5164608],[126.935407,37.5164147],[126.935538,37.5164651],[126.936502,37.5166055],[126.9369622,37.5166928],[126.9377085,37.516899],[126.9379664,37.5169814],[126.9383521,37.5170849],[126.9389147,37.5171955],[126.9395187,37.517243],[126.9396204,37.5172518],[126.9402288,37.517394],[126.9408638,37.5175426],[126.9413687,37.517651],[126.9418891,37.517814],[126.9421694,37.5178702],[126.9429518,37.518094],[126.9433061,37.5182733],[126.9436248,37.5185386],[126.943967,37.5187099],[126.9442169,37.5189714],[126.9443787,37.5190569],[126.9447117,37.5190032],[126.9443655,37.5193849],[126.9443129,37.5194621],[126.944207,37.5192658],[126.9440501,37.5190179],[126.9439052,37.518879],[126.9437541,37.5187801],[126.9435379,37.5185976],[126.9432426,37.5184028],[126.9427251,37.5181359],[126.9421312,37.5179473],[126.9420455,37.5179268],[126.9418355,37.5178592],[126.9417758,37.5178499],[126.94131,37.5177068],[126.9408119,37.5175846],[126.9401434,37.5174422],[126.9396015,37.5173094],[126.939218,37.5172869],[126.9388916,37.5172669],[126.9386639,37.5172235],[126.9382033,37.5171163],[126.9375537,37.5169423],[126.9374371,37.5168931],[126.9370399,37.5167975],[126.9366981,37.516713],[126.9361523,37.5166436],[126.9354478,37.5165663],[126.934939,37.5165141],[126.9343886,37.5164395],[126.9338549,37.5163262],[126.9333233,37.5161991],[126.9326663,37.5160904],[126.932305,37.5160759],[126.9312849,37.5158811],[126.9311438,37.5158325],[126.9304301,37.5157247],[126.9302495,37.5156674],[126.9296914,37.5156041],[126.9292412,37.5156524],[126.9290178,37.515724],[126.9287074,37.5158817],[126.9285714,37.5159083],[126.928433,37.5159186],[126.9282811,37.5159717],[126.927696,37.516038],[126.926685,37.5160301],[126.9262234,37.5160686],[126.9259085,37.5161113],[126.9256279,37.5162265],[126.9251171,37.516347],[126.9245899,37.5165469],[126.9234428,37.5169827],[126.9219573,37.5175497],[126.9202311,37.5181556]]]}},{"type":"Feature","id":"relation/19286397","properties":{"osmType":"relation","osmId":19286397,"osmVersion":1,"osmTimestamp":"2025-06-25T08:09:15Z","sourceUrl":"https://www.openstreetmap.org/relation/19286397","name":"여의도공원 지당","waterType":"pond","sourceTags":{"name":"여의도공원 지당","name:en":"Yeouido Park Jidang Pond","name:ko":"여의도공원 지당","natural":"water","water":"pond"},"sourceSurveyed":false},"geometry":{"type":"Polygon","coordinates":[[[126.925546,37.5281536],[126.9255618,37.5281045],[126.9255417,37.5280928],[126.9255375,37.5280676],[126.9255493,37.5280562],[126.9254917,37.5280188],[126.9254788,37.5280312],[126.9254673,37.5280305],[126.9254062,37.5280353],[126.9253854,37.5279805],[126.9254062,37.5279279],[126.9254458,37.5279157],[126.925539,37.5279439],[126.9256121,37.527846],[126.9256537,37.5278556],[126.925655,37.5278854],[126.9256765,37.5279189],[126.9257188,37.5279163],[126.9258119,37.5278734],[126.9258951,37.5279221],[126.9259085,37.5280013],[126.9259521,37.527997],[126.9259782,37.5280252],[126.9260305,37.5279965],[126.9260681,37.5280008],[126.9260801,37.5280874],[126.9261137,37.5281497],[126.9260647,37.5281786],[126.9260211,37.5281906],[126.9260149,37.5282273],[126.926008,37.5282708],[126.9259771,37.528273],[126.9259285,37.5282964],[126.9258947,37.5283347],[126.9258604,37.5283592],[126.9258421,37.5283858],[126.925659,37.5284347],[126.925573,37.5284186],[126.9255249,37.5283794],[126.9255574,37.5283299],[126.9255712,37.5282805],[126.925548,37.5282353],[126.9255061,37.5282028],[126.925546,37.5281536]],[[126.925712,37.5279984],[126.9256723,37.5279984],[126.9256361,37.5280271],[126.9256408,37.5280568],[126.9256712,37.5280827],[126.9257459,37.5280966],[126.9257681,37.5280836],[126.9257856,37.528054],[126.9257692,37.5280206],[126.925712,37.5279984]],[[126.9257278,37.528202],[126.9256905,37.5281974],[126.9256636,37.5282029],[126.9256566,37.5282168],[126.9256578,37.528239],[126.9256765,37.5282557],[126.9257068,37.5282687],[126.9257477,37.5282696],[126.9257675,37.5282622],[126.9257755,37.5282522],[126.9257764,37.528234],[126.9257664,37.5282159],[126.9257278,37.528202]],[[126.9259285,37.5281101],[126.9258888,37.5281202],[126.9258713,37.5281378],[126.9258864,37.528161],[126.925925,37.5281647],[126.9259483,37.5281582],[126.9259623,37.5281415],[126.9259612,37.5281212],[126.9259285,37.5281101]]]}}]}
